RunId,iteration,Step,size,n_resources,capacidad,densidad_obstaculos,max_steps,policy,lambda_dinamismo,competencia,costo_edicion,radio,rng,politica,entregas,pasos_utiles,pasos_deliberando,n_ediciones,n_ediciones_desperdiciadas,divergencias_reales,divergencias_detectadas,tareas_fallidas,carga_perdida,ceguera,latencia_deteccion,utilidad_bruta,costo_deliberacion,utilidad_neta
0,0,400.0,15,8,3,0.15,400,OPEN_LOOP,0.0,0.5,5,3,0,OPEN_LOOP,12,400,0,0,0,0,0,0,0,0.0,0.0,120.0,0.0,120.0
1,0,400.0,15,8,3,0.15,400,OPEN_LOOP,0.0,0.7,5,3,0,OPEN_LOOP,12,400,0,0,0,0,0,0,0,0.0,0.0,120.0,0.0,120.0
2,0,400.0,15,8,3,0.15,400,OPEN_LOOP,0.0,0.9,5,3,0,OPEN_LOOP,12,400,0,0,0,0,0,0,0,0.0,0.0,120.0,0.0,120.0
3,0,400.0,15,8,3,0.15,400,OPEN_LOOP,0.0,1.0,5,3,0,OPEN_LOOP,12,400,0,0,0,0,0,0,0,0.0,0.0,120.0,0.0,120.0
4,0,400.0,15,8,3,0.15,400,OPEN_LOOP,0.1,0.5,5,3,0,OPEN_LOOP,6,398,0,0,0,3,3,2,0,0.0,1.0,60.0,0.0,60.0
5,0,400.0,15,8,3,0.15,400,OPEN_LOOP,0.1,0.7,5,3,0,OPEN_LOOP,6,398,0,0,0,3,3,2,0,0.0,1.0,60.0,0.0,60.0
6,0,400.0,15,8,3,0.15,400,OPEN_LOOP,0.1,0.9,5,3,0,OPEN_LOOP,6,398,0,0,0,3,3,2,0,0.0,1.0,60.0,0.0,60.0
7,0,400.0,15,8,3,0.15,400,OPEN_LOOP,0.1,1.0,5,3,0,OPEN_LOOP,6,398,0,0,0,3,3,2,0,0.0,1.0,60.0,0.0,60.0
8,0,400.0,15,8,3,0.15,400,OPEN_LOOP,0.25,0.5,5,3,0,OPEN_LOOP,8,396,0,0,0,5,5,4,0,0.0,1.8,80.0,0.0,80.0
10,0,400.0,15,8,3,0.15,400,OPEN_LOOP,0.25,0.9,5,3,0,OPEN_LOOP,8,396,0,0,0,5,5,4,0,0.0,1.8,80.0,0.0,80.0
9,0,400.0,15,8,3,0.15,400,OPEN_LOOP,0.25,0.7,5,3,0,OPEN_LOOP,8,396,0,0,0,5,5,4,0,0.0,1.8,80.0,0.0,80.0
11,0,400.0,15,8,3,0.15,400,OPEN_LOOP,0.25,1.0,5,3,0,OPEN_LOOP,8,396,0,0,0,5,5,4,0,0.0,1.8,80.0,0.0,80.0
13,0,400.0,15,8,3,0.15,400,OPEN_LOOP,0.5,0.7,5,3,0,OPEN_LOOP,8,394,0,0,0,8,8,6,0,0.0,1.25,80.0,0.0,80.0
15,0,400.0,15,8,3,0.15,400,OPEN_LOOP,0.5,1.0,5,3,0,OPEN_LOOP,8,394,0,0,0,8,8,6,0,0.0,1.25,80.0,0.0,80.0
14,0,400.0,15,8,3,0.15,400,OPEN_LOOP,0.5,0.9,5,3,0,OPEN_LOOP,8,394,0,0,0,8,8,6,0,0.0,1.25,80.0,0.0,80.0
12,0,400.0,15,8,3,0.15,400,OPEN_LOOP,0.5,0.5,5,3,0,OPEN_LOOP,8,394,0,0,0,8,8,6,0,0.0,1.25,80.0,0.0,80.0
16,0,400.0,15,8,3,0.15,400,COLD_RESTART,0.0,0.5,5,3,0,COLD_RESTART,12,400,0,0,0,0,0,0,0,0.0,0.0,120.0,0.0,120.0
17,0,400.0,15,8,3,0.15,400,COLD_RESTART,0.0,0.7,5,3,0,COLD_RESTART,12,400,0,0,0,0,0,0,0,0.0,0.0,120.0,0.0,120.0
18,0,400.0,15,8,3,0.15,400,COLD_RESTART,0.0,0.9,5,3,0,COLD_RESTART,12,400,0,0,0,0,0,0,0,0.0,0.0,120.0,0.0,120.0
19,0,400.0,15,8,3,0.15,400,COLD_RESTART,0.0,1.0,5,3,0,COLD_RESTART,12,400,0,0,0,0,0,0,0,0.0,0.0,120.0,0.0,120.0
20,0,400.0,15,8,3,0.15,400,COLD_RESTART,0.1,0.5,5,3,0,COLD_RESTART,6,373,23,4,3,5,5,0,0,0.0,1.0,60.0,0.0,60.0
22,0,400.0,15,8,3,0.15,400,COLD_RESTART,0.1,0.9,5,3,0,COLD_RESTART,10,338,50,10,2,10,10,2,0,0.0,2.7,100.0,0.0,100.0
21,0,400.0,15,8,3,0.15,400,COLD_RESTART,0.1,0.7,5,3,0,COLD_RESTART,10,322,64,12,4,15,14,2,0,0.06666666666666665,2.7857142857142856,100.0,0.0,100.0
23,0,400.0,15,8,3,0.15,400,COLD_RESTART,0.1,1.0,5,3,0,COLD_RESTART,11,333,56,9,7,15,14,1,1,0.06666666666666665,2.4285714285714284,110.0,0.0,110.0
26,0,400.0,15,8,3,0.15,400,COLD_RESTART,0.25,0.9,5,3,0,COLD_RESTART,6,341,47,5,11,16,16,4,0,0.0,1.0,60.0,0.0,60.0
27,0,400.0,15,8,3,0.15,400,COLD_RESTART,0.25,1.0,5,3,0,COLD_RESTART,6,341,47,5,11,16,16,4,0,0.0,1.0,60.0,0.0,60.0
24,0,400.0,15,8,3,0.15,400,COLD_RESTART,0.25,0.5,5,3,0,COLD_RESTART,4,261,122,11,39,31,31,3,0,0.0,1.2903225806451613,40.0,0.0,40.0
25,0,400.0,15,8,3,0.15,400,COLD_RESTART,0.25,0.7,5,3,0,COLD_RESTART,5,217,162,17,53,38,37,4,2,0.02631578947368418,1.2702702702702702,50.0,0.0,50.0
28,0,400.0,15,8,3,0.15,400,COLD_RESTART,0.5,0.5,5,3,0,COLD_RESTART,3,170,197,14,98,63,63,10,0,0.0,1.0,30.0,0.0,30.0
29,0,400.0,15,8,3,0.15,400,COLD_RESTART,0.5,0.7,5,3,0,COLD_RESTART,3,219,160,6,94,53,50,8,0,0.05660377358490565,1.06,30.0,0.0,30.0
30,0,400.0,15,8,3,0.15,400,COLD_RESTART,0.5,0.9,5,3,0,COLD_RESTART,3,266,109,6,51,40,39,11,0,0.025000000000000022,1.1282051282051282,30.0,0.0,30.0
34,0,400.0,15,8,3,0.15,400,CLOSED_LOOP,0.0,0.9,5,3,0,CLOSED_LOOP,12,400,0,0,0,0,0,0,0,0.0,0.0,120.0,0.0,120.0
33,0,400.0,15,8,3,0.15,400,CLOSED_LOOP,0.0,0.7,5,3,0,CLOSED_LOOP,12,400,0,0,0,0,0,0,0,0.0,0.0,120.0,0.0,120.0
32,0,400.0,15,8,3,0.15,400,CLOSED_LOOP,0.0,0.5,5,3,0,CLOSED_LOOP,12,400,0,0,0,0,0,0,0,0.0,0.0,120.0,0.0,120.0
35,0,400.0,15,8,3,0.15,400,CLOSED_LOOP,0.0,1.0,5,3,0,CLOSED_LOOP,12,400,0,0,0,0,0,0,0,0.0,0.0,120.0,0.0,120.0
36,0,400.0,15,8,3,0.15,400,CLOSED_LOOP,0.1,0.5,5,3,0,CLOSED_LOOP,6,373,23,4,3,5,5,0,0,0.0,1.0,60.0,0.0,60.0
31,0,400.0,15,8,3,0.15,400,COLD_RESTART,0.5,1.0,5,3,0,COLD_RESTART,1,84,295,11,143,86,85,7,0,0.011627906976744207,1.0470588235294118,10.0,0.0,10.0
37,0,400.0,15,8,3,0.15,400,CLOSED_LOOP,0.1,0.7,5,3,0,CLOSED_LOOP,10,322,64,12,4,15,14,2,0,0.06666666666666665,2.7857142857142856,100.0,0.0,100.0
40,0,400.0,15,8,3,0.15,400,CLOSED_LOOP,0.25,0.5,5,3,0,CLOSED_LOOP,4,261,122,11,39,31,31,3,0,0.0,1.2903225806451613,40.0,0.0,40.0
38,0,400.0,15,8,3,0.15,400,CLOSED_LOOP,0.1,0.9,5,3,0,CLOSED_LOOP,10,338,50,10,2,10,10,2,0,0.0,2.7,100.0,0.0,100.0
41,0,400.0,15,8,3,0.15,400,CLOSED_LOOP,0.25,0.7,5,3,0,CLOSED_LOOP,7,317,69,10,12,19,19,3,0,0.0,1.736842105263158,70.0,0.0,70.0
43,0,400.0,15,8,3,0.15,400,CLOSED_LOOP,0.25,1.0,5,3,0,CLOSED_LOOP,6,341,47,5,11,16,16,4,0,0.0,1.0,60.0,0.0,60.0
42,0,400.0,15,8,3,0.15,400,CLOSED_LOOP,0.25,0.9,5,3,0,CLOSED_LOOP,6,341,47,5,11,16,16,4,0,0.0,1.0,60.0,0.0,60.0
46,0,400.0,15,8,3,0.15,400,CLOSED_LOOP,0.5,0.9,5,3,0,CLOSED_LOOP,3,266,109,6,51,40,39,11,0,0.025000000000000022,1.1282051282051282,30.0,0.0,30.0
49,0,400.0,15,8,3,0.15,400,GOVERNED,0.0,0.7,5,3,0,GOVERNED,12,400,0,0,0,0,0,0,0,0.0,0.0,120.0,0.0,120.0
51,0,400.0,15,8,3,0.15,400,GOVERNED,0.0,1.0,5,3,0,GOVERNED,12,400,0,0,0,0,0,0,0,0.0,0.0,120.0,0.0,120.0
50,0,400.0,15,8,3,0.15,400,GOVERNED,0.0,0.9,5,3,0,GOVERNED,12,400,0,0,0,0,0,0,0,0.0,0.0,120.0,0.0,120.0
48,0,400.0,15,8,3,0.15,400,GOVERNED,0.0,0.5,5,3,0,GOVERNED,12,400,0,0,0,0,0,0,0,0.0,0.0,120.0,0.0,120.0
52,0,400.0,15,8,3,0.15,400,GOVERNED,0.1,0.5,5,3,0,GOVERNED,6,373,23,4,3,5,5,0,0,0.0,1.0,60.0,0.0,60.0
39,0,400.0,15,8,3,0.15,400,CLOSED_LOOP,0.1,1.0,5,3,0,CLOSED_LOOP,12,345,45,9,1,9,9,1,0,0.0,3.2222222222222223,120.0,0.0,120.0
53,0,400.0,15,8,3,0.15,400,GOVERNED,0.1,0.7,5,3,0,GOVERNED,10,322,64,12,4,15,14,2,0,0.06666666666666665,2.7857142857142856,100.0,0.0,100.0
54,0,400.0,15,8,3,0.15,400,GOVERNED,0.1,0.9,5,3,0,GOVERNED,10,338,50,10,2,10,10,2,0,0.0,2.7,100.0,0.0,100.0
55,0,400.0,15,8,3,0.15,400,GOVERNED,0.1,1.0,5,3,0,GOVERNED,12,345,45,9,1,9,9,1,0,0.0,3.2222222222222223,120.0,0.0,120.0
47,0,400.0,15,8,3,0.15,400,CLOSED_LOOP,0.5,1.0,5,3,0,CLOSED_LOOP,1,84,295,11,143,86,85,7,0,0.011627906976744207,1.0470588235294118,10.0,0.0,10.0
45,0,400.0,15,8,3,0.15,400,CLOSED_LOOP,0.5,0.7,5,3,0,CLOSED_LOOP,3,219,160,6,94,53,50,8,0,0.05660377358490565,1.06,30.0,0.0,30.0
57,0,400.0,15,8,3,0.15,400,GOVERNED,0.25,0.7,5,3,0,GOVERNED,7,317,69,10,12,19,19,3,0,0.0,1.736842105263158,70.0,0.0,70.0
44,0,400.0,15,8,3,0.15,400,CLOSED_LOOP,0.5,0.5,5,3,0,CLOSED_LOOP,3,170,197,14,98,63,63,10,0,0.0,1.0,30.0,0.0,30.0
59,0,400.0,15,8,3,0.15,400,GOVERNED,0.25,1.0,5,3,0,GOVERNED,6,341,47,5,11,16,16,4,0,0.0,1.0,60.0,0.0,60.0
58,0,400.0,15,8,3,0.15,400,GOVERNED,0.25,0.9,5,3,0,GOVERNED,6,341,47,5,11,16,16,4,0,0.0,1.0,60.0,0.0,60.0
66,1,400.0,15,8,3,0.15,400,OPEN_LOOP,0.0,0.9,5,3,1,OPEN_LOOP,7,400,0,0,0,0,0,0,0,0.0,0.0,70.0,0.0,70.0
60,0,400.0,15,8,3,0.15,400,GOVERNED,0.5,0.5,5,3,0,GOVERNED,3,170,197,14,98,63,63,10,0,0.0,1.0,30.0,0.0,30.0
56,0,400.0,15,8,3,0.15,400,GOVERNED,0.25,0.5,5,3,0,GOVERNED,4,261,122,11,39,31,31,3,0,0.0,1.2903225806451613,40.0,0.0,40.0
64,1,400.0,15,8,3,0.15,400,OPEN_LOOP,0.0,0.5,5,3,1,OPEN_LOOP,7,400,0,0,0,0,0,0,0,0.0,0.0,70.0,0.0,70.0
63,0,400.0,15,8,3,0.15,400,GOVERNED,0.5,1.0,5,3,0,GOVERNED,1,84,295,11,143,86,85,7,0,0.011627906976744207,1.0470588235294118,10.0,0.0,10.0
68,1,400.0,15,8,3,0.15,400,OPEN_LOOP,0.1,0.5,5,3,1,OPEN_LOOP,18,387,0,0,0,15,14,13,0,0.06666666666666665,3.0,180.0,0.0,180.0
65,1,400.0,15,8,3,0.15,400,OPEN_LOOP,0.0,0.7,5,3,1,OPEN_LOOP,7,400,0,0,0,0,0,0,0,0.0,0.0,70.0,0.0,70.0
61,0,400.0,15,8,3,0.15,400,GOVERNED,0.5,0.7,5,3,0,GOVERNED,3,219,160,6,94,53,50,8,0,0.05660377358490565,1.06,30.0,0.0,30.0
62,0,400.0,15,8,3,0.15,400,GOVERNED,0.5,0.9,5,3,0,GOVERNED,3,266,109,6,51,40,39,11,0,0.025000000000000022,1.1282051282051282,30.0,0.0,30.0
71,1,400.0,15,8,3,0.15,400,OPEN_LOOP,0.1,1.0,5,3,1,OPEN_LOOP,18,387,0,0,0,15,14,13,0,0.06666666666666665,3.0,180.0,0.0,180.0
70,1,400.0,15,8,3,0.15,400,OPEN_LOOP,0.1,0.9,5,3,1,OPEN_LOOP,18,387,0,0,0,15,14,13,0,0.06666666666666665,3.0,180.0,0.0,180.0
72,1,400.0,15,8,3,0.15,400,OPEN_LOOP,0.25,0.5,5,3,1,OPEN_LOOP,18,378,0,0,0,22,22,22,0,0.0,1.6818181818181819,180.0,0.0,180.0
67,1,400.0,15,8,3,0.15,400,OPEN_LOOP,0.0,1.0,5,3,1,OPEN_LOOP,7,400,0,0,0,0,0,0,0,0.0,0.0,70.0,0.0,70.0
80,1,400.0,15,8,3,0.15,400,COLD_RESTART,0.0,0.5,5,3,1,COLD_RESTART,7,400,0,0,0,0,0,0,0,0.0,0.0,70.0,0.0,70.0
82,1,400.0,15,8,3,0.15,400,COLD_RESTART,0.0,0.9,5,3,1,COLD_RESTART,7,400,0,0,0,0,0,0,0,0.0,0.0,70.0,0.0,70.0
74,1,400.0,15,8,3,0.15,400,OPEN_LOOP,0.25,0.9,5,3,1,OPEN_LOOP,18,378,0,0,0,22,22,22,0,0.0,1.6818181818181819,180.0,0.0,180.0
73,1,400.0,15,8,3,0.15,400,OPEN_LOOP,0.25,0.7,5,3,1,OPEN_LOOP,18,378,0,0,0,22,22,22,0,0.0,1.6818181818181819,180.0,0.0,180.0
75,1,400.0,15,8,3,0.15,400,OPEN_LOOP,0.25,1.0,5,3,1,OPEN_LOOP,18,378,0,0,0,22,22,22,0,0.0,1.6818181818181819,180.0,0.0,180.0
69,1,400.0,15,8,3,0.15,400,OPEN_LOOP,0.1,0.7,5,3,1,OPEN_LOOP,18,387,0,0,0,15,14,13,0,0.06666666666666665,3.0,180.0,0.0,180.0
79,1,400.0,15,8,3,0.15,400,OPEN_LOOP,0.5,1.0,5,3,1,OPEN_LOOP,10,365,0,0,0,47,46,35,0,0.021276595744680882,1.6304347826086956,100.0,0.0,100.0
76,1,400.0,15,8,3,0.15,400,OPEN_LOOP,0.5,0.5,5,3,1,OPEN_LOOP,10,365,0,0,0,47,46,35,0,0.021276595744680882,1.6304347826086956,100.0,0.0,100.0
77,1,400.0,15,8,3,0.15,400,OPEN_LOOP,0.5,0.7,5,3,1,OPEN_LOOP,10,365,0,0,0,47,46,35,0,0.021276595744680882,1.6304347826086956,100.0,0.0,100.0
78,1,400.0,15,8,3,0.15,400,OPEN_LOOP,0.5,0.9,5,3,1,OPEN_LOOP,10,365,0,0,0,47,46,35,0,0.021276595744680882,1.6304347826086956,100.0,0.0,100.0
86,1,400.0,15,8,3,0.15,400,COLD_RESTART,0.1,0.9,5,3,1,COLD_RESTART,8,357,34,6,4,10,10,2,2,0.0,2.9,80.0,0.0,80.0
85,1,400.0,15,8,3,0.15,400,COLD_RESTART,0.1,0.7,5,3,1,COLD_RESTART,8,357,34,6,4,10,10,2,2,0.0,2.9,80.0,0.0,80.0
83,1,400.0,15,8,3,0.15,400,COLD_RESTART,0.0,1.0,5,3,1,COLD_RESTART,7,400,0,0,0,0,0,0,0,0.0,0.0,70.0,0.0,70.0
84,1,400.0,15,8,3,0.15,400,COLD_RESTART,0.1,0.5,5,3,1,COLD_RESTART,2,212,159,23,20,34,34,5,11,0.0,3.2058823529411766,20.0,0.0,20.0
81,1,400.0,15,8,3,0.15,400,COLD_RESTART,0.0,0.7,5,3,1,COLD_RESTART,7,400,0,0,0,0,0,0,0,0.0,0.0,70.0,0.0,70.0
91,1,400.0,15,8,3,0.15,400,COLD_RESTART,0.25,1.0,5,3,1,COLD_RESTART,7,359,30,2,11,15,15,6,0,0.0,2.533333333333333,70.0,0.0,70.0
87,1,400.0,15,8,3,0.15,400,COLD_RESTART,0.1,1.0,5,3,1,COLD_RESTART,8,357,34,6,4,10,10,2,2,0.0,2.9,80.0,0.0,80.0
97,1,400.0,15,8,3,0.15,400,CLOSED_LOOP,0.0,0.7,5,3,1,CLOSED_LOOP,7,400,0,0,0,0,0,0,0,0.0,0.0,70.0,0.0,70.0
88,1,400.0,15,8,3,0.15,400,COLD_RESTART,0.25,0.5,5,3,1,COLD_RESTART,7,313,71,7,20,21,21,6,0,0.0,1.2857142857142858,70.0,0.0,70.0
96,1,400.0,15,8,3,0.15,400,CLOSED_LOOP,0.0,0.5,5,3,1,CLOSED_LOOP,7,400,0,0,0,0,0,0,0,0.0,0.0,70.0,0.0,70.0
94,1,400.0,15,8,3,0.15,400,COLD_RESTART,0.5,0.9,5,3,1,COLD_RESTART,2,208,163,4,91,59,59,13,0,0.0,1.0677966101694916,20.0,0.0,20.0
99,1,400.0,15,8,3,0.15,400,CLOSED_LOOP,0.0,1.0,5,3,1,CLOSED_LOOP,7,400,0,0,0,0,0,0,0,0.0,0.0,70.0,0.0,70.0
89,1,400.0,15,8,3,0.15,400,COLD_RESTART,0.25,0.7,5,3,1,COLD_RESTART,4,235,145,17,45,37,37,3,4,0.0,1.5945945945945945,40.0,0.0,40.0
98,1,400.0,15,8,3,0.15,400,CLOSED_LOOP,0.0,0.9,5,3,1,CLOSED_LOOP,7,400,0,0,0,0,0,0,0,0.0,0.0,70.0,0.0,70.0
90,1,400.0,15,8,3,0.15,400,COLD_RESTART,0.25,0.9,5,3,1,COLD_RESTART,2,112,260,23,110,64,64,4,2,0.0,1.4375,20.0,0.0,20.0
93,1,400.0,15,8,3,0.15,400,COLD_RESTART,0.5,0.7,5,3,1,COLD_RESTART,3,209,171,5,89,54,54,8,0,0.0,1.0,30.0,0.0,30.0
92,1,400.0,15,8,3,0.15,400,COLD_RESTART,0.5,0.5,5,3,1,COLD_RESTART,2,212,166,7,81,52,51,8,1,0.019230769230769273,1.0588235294117647,20.0,0.0,20.0
101,1,400.0,15,8,3,0.15,400,CLOSED_LOOP,0.1,0.7,5,3,1,CLOSED_LOOP,11,317,70,12,8,16,16,1,0,0.0,1.8125,110.0,0.0,110.0
95,1,400.0,15,8,3,0.15,400,COLD_RESTART,0.5,1.0,5,3,1,COLD_RESTART,1,106,262,13,155,76,76,11,0,0.0,1.0263157894736843,10.0,0.0,10.0
104,1,400.0,15,8,3,0.15,400,CLOSED_LOOP,0.25,0.5,5,3,1,CLOSED_LOOP,7,313,71,7,20,21,21,6,0,0.0,1.2857142857142858,70.0,0.0,70.0
103,1,400.0,15,8,3,0.15,400,CLOSED_LOOP,0.1,1.0,5,3,1,CLOSED_LOOP,8,362,31,6,1,6,6,1,0,0.0,3.0,80.0,0.0,80.0
105,1,400.0,15,8,3,0.15,400,CLOSED_LOOP,0.25,0.7,5,3,1,CLOSED_LOOP,8,295,89,11,19,24,24,4,0,0.0,1.6666666666666667,80.0,0.0,80.0
102,1,400.0,15,8,3,0.15,400,CLOSED_LOOP,0.1,0.9,5,3,1,CLOSED_LOOP,8,362,31,6,1,6,6,1,0,0.0,3.0,80.0,0.0,80.0
100,1,400.0,15,8,3,0.15,400,CLOSED_LOOP,0.1,0.5,5,3,1,CLOSED_LOOP,10,310,76,12,9,18,18,1,0,0.0,1.7222222222222223,100.0,0.0,100.0
106,1,400.0,15,8,3,0.15,400,CLOSED_LOOP,0.25,0.9,5,3,1,CLOSED_LOOP,8,226,152,18,49,39,39,3,0,0.0,1.4102564102564104,80.0,0.0,80.0
113,1,400.0,15,8,3,0.15,400,GOVERNED,0.0,0.7,5,3,1,GOVERNED,7,400,0,0,0,0,0,0,0,0.0,0.0,70.0,0.0,70.0
115,1,400.0,15,8,3,0.15,400,GOVERNED,0.0,1.0,5,3,1,GOVERNED,7,400,0,0,0,0,0,0,0,0.0,0.0,70.0,0.0,70.0
114,1,400.0,15,8,3,0.15,400,GOVERNED,0.0,0.9,5,3,1,GOVERNED,7,400,0,0,0,0,0,0,0,0.0,0.0,70.0,0.0,70.0
111,1,400.0,15,8,3,0.15,400,CLOSED_LOOP,0.5,1.0,5,3,1,CLOSED_LOOP,1,106,262,13,155,76,76,11,0,0.0,1.0263157894736843,10.0,0.0,10.0
116,1,400.0,15,8,3,0.15,400,GOVERNED,0.1,0.5,5,3,1,GOVERNED,10,310,76,12,9,18,18,1,0,0.0,1.7222222222222223,100.0,0.0,100.0
107,1,400.0,15,8,3,0.15,400,CLOSED_LOOP,0.25,1.0,5,3,1,CLOSED_LOOP,7,359,30,2,11,15,15,6,0,0.0,2.533333333333333,70.0,0.0,70.0
112,1,400.0,15,8,3,0.15,400,GOVERNED,0.0,0.5,5,3,1,GOVERNED,7,400,0,0,0,0,0,0,0,0.0,0.0,70.0,0.0,70.0
118,1,400.0,15,8,3,0.15,400,GOVERNED,0.1,0.9,5,3,1,GOVERNED,8,362,31,6,1,6,6,1,0,0.0,3.0,80.0,0.0,80.0
109,1,400.0,15,8,3,0.15,400,CLOSED_LOOP,0.5,0.7,5,3,1,CLOSED_LOOP,3,209,171,5,89,54,54,8,0,0.0,1.0,30.0,0.0,30.0
123,1,400.0,15,8,3,0.15,400,GOVERNED,0.25,1.0,5,3,1,GOVERNED,7,359,30,2,11,15,15,6,0,0.0,2.533333333333333,70.0,0.0,70.0
121,1,400.0,15,8,3,0.15,400,GOVERNED,0.25,0.7,5,3,1,GOVERNED,8,295,89,11,19,24,24,4,0,0.0,1.6666666666666667,80.0,0.0,80.0
117,1,400.0,15,8,3,0.15,400,GOVERNED,0.1,0.7,5,3,1,GOVERNED,11,317,70,12,8,16,16,1,0,0.0,1.8125,110.0,0.0,110.0
108,1,400.0,15,8,3,0.15,400,CLOSED_LOOP,0.5,0.5,5,3,1,CLOSED_LOOP,2,88,288,10,134,82,81,7,0,0.012195121951219523,1.0123456790123457,20.0,0.0,20.0
110,1,400.0,15,8,3,0.15,400,CLOSED_LOOP,0.5,0.9,5,3,1,CLOSED_LOOP,2,208,163,4,91,59,59,13,0,0.0,1.0677966101694916,20.0,0.0,20.0
122,1,400.0,15,8,3,0.15,400,GOVERNED,0.25,0.9,5,3,1,GOVERNED,8,226,152,18,49,39,39,3,0,0.0,1.4102564102564104,80.0,0.0,80.0
120,1,400.0,15,8,3,0.15,400,GOVERNED,0.25,0.5,5,3,1,GOVERNED,7,313,71,7,20,21,21,6,0,0.0,1.2857142857142858,70.0,0.0,70.0
128,2,400.0,15,8,3,0.15,400,OPEN_LOOP,0.0,0.5,5,3,2,OPEN_LOOP,15,400,0,0,0,0,0,0,0,0.0,0.0,150.0,0.0,150.0
119,1,400.0,15,8,3,0.15,400,GOVERNED,0.1,1.0,5,3,1,GOVERNED,8,362,31,6,1,6,6,1,0,0.0,3.0,80.0,0.0,80.0
127,1,400.0,15,8,3,0.15,400,GOVERNED,0.5,1.0,5,3,1,GOVERNED,1,106,262,13,155,76,76,11,0,0.0,1.0263157894736843,10.0,0.0,10.0
129,2,400.0,15,8,3,0.15,400,OPEN_LOOP,0.0,0.7,5,3,2,OPEN_LOOP,15,400,0,0,0,0,0,0,0,0.0,0.0,150.0,0.0,150.0
132,2,400.0,15,8,3,0.15,400,OPEN_LOOP,0.1,0.5,5,3,2,OPEN_LOOP,6,399,0,0,0,1,1,1,0,0.0,1.0,60.0,0.0,60.0
130,2,400.0,15,8,3,0.15,400,OPEN_LOOP,0.0,0.9,5,3,2,OPEN_LOOP,15,400,0,0,0,0,0,0,0,0.0,0.0,150.0,0.0,150.0
134,2,400.0,15,8,3,0.15,400,OPEN_LOOP,0.1,0.9,5,3,2,OPEN_LOOP,6,399,0,0,0,1,1,1,0,0.0,1.0,60.0,0.0,60.0
133,2,400.0,15,8,3,0.15,400,OPEN_LOOP,0.1,0.7,5,3,2,OPEN_LOOP,6,399,0,0,0,1,1,1,0,0.0,1.0,60.0,0.0,60.0
124,1,400.0,15,8,3,0.15,400,GOVERNED,0.5,0.5,5,3,1,GOVERNED,2,88,288,10,134,82,81,7,0,0.012195121951219523,1.0123456790123457,20.0,0.0,20.0
131,2,400.0,15,8,3,0.15,400,OPEN_LOOP,0.0,1.0,5,3,2,OPEN_LOOP,15,400,0,0,0,0,0,0,0,0.0,0.0,150.0,0.0,150.0
135,2,400.0,15,8,3,0.15,400,OPEN_LOOP,0.1,1.0,5,3,2,OPEN_LOOP,6,399,0,0,0,1,1,1,0,0.0,1.0,60.0,0.0,60.0
136,2,400.0,15,8,3,0.15,400,OPEN_LOOP,0.25,0.5,5,3,2,OPEN_LOOP,9,381,0,0,0,19,19,19,0,0.0,2.0,90.0,0.0,90.0
126,1,400.0,15,8,3,0.15,400,GOVERNED,0.5,0.9,5,3,1,GOVERNED,2,208,163,4,91,59,59,13,0,0.0,1.0677966101694916,20.0,0.0,20.0
137,2,400.0,15,8,3,0.15,400,OPEN_LOOP,0.25,0.7,5,3,2,OPEN_LOOP,9,381,0,0,0,19,19,19,0,0.0,2.0,90.0,0.0,90.0
139,2,400.0,15,8,3,0.15,400,OPEN_LOOP,0.25,1.0,5,3,2,OPEN_LOOP,9,381,0,0,0,19,19,19,0,0.0,2.0,90.0,0.0,90.0
140,2,400.0,15,8,3,0.15,400,OPEN_LOOP,0.5,0.5,5,3,2,OPEN_LOOP,10,376,0,0,0,29,28,24,0,0.03448275862068961,1.1428571428571428,100.0,0.0,100.0
141,2,400.0,15,8,3,0.15,400,OPEN_LOOP,0.5,0.7,5,3,2,OPEN_LOOP,10,376,0,0,0,29,28,24,0,0.03448275862068961,1.1428571428571428,100.0,0.0,100.0
143,2,400.0,15,8,3,0.15,400,OPEN_LOOP,0.5,1.0,5,3,2,OPEN_LOOP,10,376,0,0,0,29,28,24,0,0.03448275862068961,1.1428571428571428,100.0,0.0,100.0
138,2,400.0,15,8,3,0.15,400,OPEN_LOOP,0.25,0.9,5,3,2,OPEN_LOOP,9,381,0,0,0,19,19,19,0,0.0,2.0,90.0,0.0,90.0
146,2,400.0,15,8,3,0.15,400,COLD_RESTART,0.0,0.9,5,3,2,COLD_RESTART,15,400,0,0,0,0,0,0,0,0.0,0.0,150.0,0.0,150.0
144,2,400.0,15,8,3,0.15,400,COLD_RESTART,0.0,0.5,5,3,2,COLD_RESTART,15,400,0,0,0,0,0,0,0,0.0,0.0,150.0,0.0,150.0
147,2,400.0,15,8,3,0.15,400,COLD_RESTART,0.0,1.0,5,3,2,COLD_RESTART,15,400,0,0,0,0,0,0,0,0.0,0.0,150.0,0.0,150.0
148,2,400.0,15,8,3,0.15,400,COLD_RESTART,0.1,0.5,5,3,2,COLD_RESTART,4,372,25,2,8,8,8,0,0,0.0,1.875,40.0,0.0,40.0
149,2,400.0,15,8,3,0.15,400,COLD_RESTART,0.1,0.7,5,3,2,COLD_RESTART,3,371,26,3,7,7,6,0,1,0.1428571428571429,1.0,30.0,0.0,30.0
150,2,400.0,15,8,3,0.15,400,COLD_RESTART,0.1,0.9,5,3,2,COLD_RESTART,3,371,26,3,7,7,6,0,1,0.1428571428571429,1.0,30.0,0.0,30.0
151,2,400.0,15,8,3,0.15,400,COLD_RESTART,0.1,1.0,5,3,2,COLD_RESTART,3,331,58,8,9,14,14,3,3,0.0,2.5,30.0,0.0,30.0
142,2,400.0,15,8,3,0.15,400,OPEN_LOOP,0.5,0.9,5,3,2,OPEN_LOOP,10,376,0,0,0,29,28,24,0,0.03448275862068961,1.1428571428571428,100.0,0.0,100.0
145,2,400.0,15,8,3,0.15,400,COLD_RESTART,0.0,0.7,5,3,2,COLD_RESTART,15,400,0,0,0,0,0,0,0,0.0,0.0,150.0,0.0,150.0
154,2,400.0,15,8,3,0.15,400,COLD_RESTART,0.25,0.9,5,3,2,COLD_RESTART,2,265,121,9,50,31,30,3,0,0.032258064516129004,1.6,20.0,0.0,20.0
155,2,400.0,15,8,3,0.15,400,COLD_RESTART,0.25,1.0,5,3,2,COLD_RESTART,3,338,54,4,16,16,15,3,0,0.0625,2.6666666666666665,30.0,0.0,30.0
160,2,400.0,15,8,3,0.15,400,CLOSED_LOOP,0.0,0.5,5,3,2,CLOSED_LOOP,15,400,0,0,0,0,0,0,0,0.0,0.0,150.0,0.0,150.0
152,2,400.0,15,8,3,0.15,400,COLD_RESTART,0.25,0.5,5,3,2,COLD_RESTART,3,280,109,7,57,31,31,2,0,0.0,1.0,30.0,0.0,30.0
157,2,400.0,15,8,3,0.15,400,COLD_RESTART,0.5,0.7,5,3,2,COLD_RESTART,0,252,137,7,68,37,37,3,0,0.0,1.2162162162162162,0.0,0.0,0.0
159,2,400.0,15,8,3,0.15,400,COLD_RESTART,0.5,1.0,5,3,2,COLD_RESTART,1,233,149,5,73,49,49,8,0,0.0,1.2040816326530612,10.0,0.0,10.0
158,2,400.0,15,8,3,0.15,400,COLD_RESTART,0.5,0.9,5,3,2,COLD_RESTART,0,160,224,9,146,64,64,4,0,0.0,1.15625,0.0,0.0,0.0
156,2,400.0,15,8,3,0.15,400,COLD_RESTART,0.5,0.5,5,3,2,COLD_RESTART,0,178,210,10,97,58,58,1,0,0.0,1.603448275862069,0.0,0.0,0.0
162,2,400.0,15,8,3,0.15,400,CLOSED_LOOP,0.0,0.9,5,3,2,CLOSED_LOOP,15,400,0,0,0,0,0,0,0,0.0,0.0,150.0,0.0,150.0
165,2,400.0,15,8,3,0.15,400,CLOSED_LOOP,0.1,0.7,5,3,2,CLOSED_LOOP,3,365,31,4,7,7,7,0,0,0.0,1.0,30.0,0.0,30.0
153,2,400.0,15,8,3,0.15,400,COLD_RESTART,0.25,0.7,5,3,2,COLD_RESTART,2,352,39,3,13,14,14,4,0,0.0,2.357142857142857,20.0,0.0,20.0
166,2,400.0,15,8,3,0.15,400,CLOSED_LOOP,0.1,0.9,5,3,2,CLOSED_LOOP,3,365,31,4,7,7,7,0,0,0.0,1.0,30.0,0.0,30.0
161,2,400.0,15,8,3,0.15,400,CLOSED_LOOP,0.0,0.7,5,3,2,CLOSED_LOOP,15,400,0,0,0,0,0,0,0,0.0,0.0,150.0,0.0,150.0
169,2,400.0,15,8,3,0.15,400,CLOSED_LOOP,0.25,0.7,5,3,2,CLOSED_LOOP,2,352,39,3,13,14,14,4,0,0.0,2.357142857142857,20.0,0.0,20.0
167,2,400.0,15,8,3,0.15,400,CLOSED_LOOP,0.1,1.0,5,3,2,CLOSED_LOOP,8,355,40,5,8,10,10,0,0,0.0,1.0,80.0,0.0,80.0
163,2,400.0,15,8,3,0.15,400,CLOSED_LOOP,0.0,1.0,5,3,2,CLOSED_LOOP,15,400,0,0,0,0,0,0,0,0.0,0.0,150.0,0.0,150.0
170,2,400.0,15,8,3,0.15,400,CLOSED_LOOP,0.25,0.9,5,3,2,CLOSED_LOOP,2,265,121,9,50,31,30,3,0,0.032258064516129004,1.6,20.0,0.0,20.0
171,2,400.0,15,8,3,0.15,400,CLOSED_LOOP,0.25,1.0,5,3,2,CLOSED_LOOP,3,338,54,4,16,16,15,3,0,0.0625,2.6666666666666665,30.0,0.0,30.0
168,2,400.0,15,8,3,0.15,400,CLOSED_LOOP,0.25,0.5,5,3,2,CLOSED_LOOP,3,280,109,7,57,31,31,2,0,0.0,1.0,30.0,0.0,30.0
164,2,400.0,15,8,3,0.15,400,CLOSED_LOOP,0.1,0.5,5,3,2,CLOSED_LOOP,4,372,25,2,8,8,8,0,0,0.0,1.875,40.0,0.0,40.0
176,2,400.0,15,8,3,0.15,400,GOVERNED,0.0,0.5,5,3,2,GOVERNED,15,400,0,0,0,0,0,0,0,0.0,0.0,150.0,0.0,150.0
175,2,400.0,15,8,3,0.15,400,CLOSED_LOOP,0.5,1.0,5,3,2,CLOSED_LOOP,1,233,149,5,73,49,49,8,0,0.0,1.2040816326530612,10.0,0.0,10.0
180,2,400.0,15,8,3,0.15,400,GOVERNED,0.1,0.5,5,3,2,GOVERNED,4,372,25,2,8,8,8,0,0,0.0,1.875,40.0,0.0,40.0
181,2,400.0,15,8,3,0.15,400,GOVERNED,0.1,0.7,5,3,2,GOVERNED,3,365,31,4,7,7,7,0,0,0.0,1.0,30.0,0.0,30.0
182,2,400.0,15,8,3,0.15,400,GOVERNED,0.1,0.9,5,3,2,GOVERNED,3,365,31,4,7,7,7,0,0,0.0,1.0,30.0,0.0,30.0
178,2,400.0,15,8,3,0.15,400,GOVERNED,0.0,0.9,5,3,2,GOVERNED,15,400,0,0,0,0,0,0,0,0.0,0.0,150.0,0.0,150.0
173,2,400.0,15,8,3,0.15,400,CLOSED_LOOP,0.5,0.7,5,3,2,CLOSED_LOOP,0,252,137,7,68,37,37,3,0,0.0,1.2162162162162162,0.0,0.0,0.0
179,2,400.0,15,8,3,0.15,400,GOVERNED,0.0,1.0,5,3,2,GOVERNED,15,400,0,0,0,0,0,0,0,0.0,0.0,150.0,0.0,150.0
185,2,400.0,15,8,3,0.15,400,GOVERNED,0.25,0.7,5,3,2,GOVERNED,2,352,39,3,13,14,14,4,0,0.0,2.357142857142857,20.0,0.0,20.0
184,2,400.0,15,8,3,0.15,400,GOVERNED,0.25,0.5,5,3,2,GOVERNED,3,280,109,7,57,31,31,2,0,0.0,1.0,30.0,0.0,30.0
187,2,400.0,15,8,3,0.15,400,GOVERNED,0.25,1.0,5,3,2,GOVERNED,3,338,54,4,16,16,15,3,0,0.0625,2.6666666666666665,30.0,0.0,30.0
125,1,400.0,15,8,3,0.15,400,GOVERNED,0.5,0.7,5,3,1,GOVERNED,3,209,171,5,89,54,54,8,0,0.0,1.0,30.0,0.0,30.0
186,2,400.0,15,8,3,0.15,400,GOVERNED,0.25,0.9,5,3,2,GOVERNED,2,265,121,9,50,31,30,3,0,0.032258064516129004,1.6,20.0,0.0,20.0
174,2,400.0,15,8,3,0.15,400,CLOSED_LOOP,0.5,0.9,5,3,2,CLOSED_LOOP,0,160,224,9,146,64,64,4,0,0.0,1.15625,0.0,0.0,0.0
177,2,400.0,15,8,3,0.15,400,GOVERNED,0.0,0.7,5,3,2,GOVERNED,15,400,0,0,0,0,0,0,0,0.0,0.0,150.0,0.0,150.0
189,2,400.0,15,8,3,0.15,400,GOVERNED,0.5,0.7,5,3,2,GOVERNED,0,252,137,7,68,37,37,3,0,0.0,1.2162162162162162,0.0,0.0,0.0
183,2,400.0,15,8,3,0.15,400,GOVERNED,0.1,1.0,5,3,2,GOVERNED,8,355,40,5,8,10,10,0,0,0.0,1.0,80.0,0.0,80.0
192,3,400.0,15,8,3,0.15,400,OPEN_LOOP,0.0,0.5,5,3,3,OPEN_LOOP,11,400,0,0,0,0,0,0,0,0.0,0.0,110.0,0.0,110.0
193,3,400.0,15,8,3,0.15,400,OPEN_LOOP,0.0,0.7,5,3,3,OPEN_LOOP,11,400,0,0,0,0,0,0,0,0.0,0.0,110.0,0.0,110.0
191,2,400.0,15,8,3,0.15,400,GOVERNED,0.5,1.0,5,3,2,GOVERNED,1,233,149,5,73,49,49,8,0,0.0,1.2040816326530612,10.0,0.0,10.0
194,3,400.0,15,8,3,0.15,400,OPEN_LOOP,0.0,0.9,5,3,3,OPEN_LOOP,11,400,0,0,0,0,0,0,0,0.0,0.0,110.0,0.0,110.0
195,3,400.0,15,8,3,0.15,400,OPEN_LOOP,0.0,1.0,5,3,3,OPEN_LOOP,11,400,0,0,0,0,0,0,0,0.0,0.0,110.0,0.0,110.0
172,2,400.0,15,8,3,0.15,400,CLOSED_LOOP,0.5,0.5,5,3,2,CLOSED_LOOP,0,178,210,10,97,58,58,1,0,0.0,1.603448275862069,0.0,0.0,0.0
200,3,400.0,15,8,3,0.15,400,OPEN_LOOP,0.25,0.5,5,3,3,OPEN_LOOP,14,386,0,0,0,17,17,14,0,0.0,1.6470588235294117,140.0,0.0,140.0
201,3,400.0,15,8,3,0.15,400,OPEN_LOOP,0.25,0.7,5,3,3,OPEN_LOOP,14,386,0,0,0,17,17,14,0,0.0,1.6470588235294117,140.0,0.0,140.0
198,3,400.0,15,8,3,0.15,400,OPEN_LOOP,0.1,0.9,5,3,3,OPEN_LOOP,19,384,0,0,0,17,17,16,0,0.0,5.647058823529412,190.0,0.0,190.0
188,2,400.0,15,8,3,0.15,400,GOVERNED,0.5,0.5,5,3,2,GOVERNED,0,178,210,10,97,58,58,1,0,0.0,1.603448275862069,0.0,0.0,0.0
202,3,400.0,15,8,3,0.15,400,OPEN_LOOP,0.25,0.9,5,3,3,OPEN_LOOP,14,386,0,0,0,17,17,14,0,0.0,1.6470588235294117,140.0,0.0,140.0
197,3,400.0,15,8,3,0.15,400,OPEN_LOOP,0.1,0.7,5,3,3,OPEN_LOOP,19,384,0,0,0,17,17,16,0,0.0,5.647058823529412,190.0,0.0,190.0
190,2,400.0,15,8,3,0.15,400,GOVERNED,0.5,0.9,5,3,2,GOVERNED,0,160,224,9,146,64,64,4,0,0.0,1.15625,0.0,0.0,0.0
196,3,400.0,15,8,3,0.15,400,OPEN_LOOP,0.1,0.5,5,3,3,OPEN_LOOP,19,384,0,0,0,17,17,16,0,0.0,5.647058823529412,190.0,0.0,190.0
199,3,400.0,15,8,3,0.15,400,OPEN_LOOP,0.1,1.0,5,3,3,OPEN_LOOP,19,384,0,0,0,17,17,16,0,0.0,5.647058823529412,190.0,0.0,190.0
208,3,400.0,15,8,3,0.15,400,COLD_RESTART,0.0,0.5,5,3,3,COLD_RESTART,11,400,0,0,0,0,0,0,0,0.0,0.0,110.0,0.0,110.0
209,3,400.0,15,8,3,0.15,400,COLD_RESTART,0.0,0.7,5,3,3,COLD_RESTART,11,400,0,0,0,0,0,0,0,0.0,0.0,110.0,0.0,110.0
210,3,400.0,15,8,3,0.15,400,COLD_RESTART,0.0,0.9,5,3,3,COLD_RESTART,11,400,0,0,0,0,0,0,0,0.0,0.0,110.0,0.0,110.0
204,3,400.0,15,8,3,0.15,400,OPEN_LOOP,0.5,0.5,5,3,3,OPEN_LOOP,14,373,0,0,0,37,35,27,0,0.05405405405405406,1.3714285714285714,140.0,0.0,140.0
203,3,400.0,15,8,3,0.15,400,OPEN_LOOP,0.25,1.0,5,3,3,OPEN_LOOP,14,386,0,0,0,17,17,14,0,0.0,1.6470588235294117,140.0,0.0,140.0
211,3,400.0,15,8,3,0.15,400,COLD_RESTART,0.0,1.0,5,3,3,COLD_RESTART,11,400,0,0,0,0,0,0,0,0.0,0.0,110.0,0.0,110.0
206,3,400.0,15,8,3,0.15,400,OPEN_LOOP,0.5,0.9,5,3,3,OPEN_LOOP,14,373,0,0,0,37,35,27,0,0.05405405405405406,1.3714285714285714,140.0,0.0,140.0
212,3,400.0,15,8,3,0.15,400,COLD_RESTART,0.1,0.5,5,3,3,COLD_RESTART,7,338,55,7,8,13,13,0,1,0.0,1.1538461538461537,70.0,0.0,70.0
213,3,400.0,15,8,3,0.15,400,COLD_RESTART,0.1,0.7,5,3,3,COLD_RESTART,11,301,82,12,11,23,21,4,4,0.08695652173913049,1.8571428571428572,110.0,0.0,110.0
205,3,400.0,15,8,3,0.15,400,OPEN_LOOP,0.5,0.7,5,3,3,OPEN_LOOP,14,373,0,0,0,37,35,27,0,0.05405405405405406,1.3714285714285714,140.0,0.0,140.0
207,3,400.0,15,8,3,0.15,400,OPEN_LOOP,0.5,1.0,5,3,3,OPEN_LOOP,14,373,0,0,0,37,35,27,0,0.05405405405405406,1.3714285714285714,140.0,0.0,140.0
216,3,400.0,15,8,3,0.15,400,COLD_RESTART,0.25,0.5,5,3,3,COLD_RESTART,4,173,195,25,47,46,46,7,8,0.0,1.7173913043478262,40.0,0.0,40.0
218,3,400.0,15,8,3,0.15,400,COLD_RESTART,0.25,0.9,5,3,3,COLD_RESTART,5,155,211,21,67,54,53,10,8,0.01851851851851849,1.150943396226415,50.0,0.0,50.0
215,3,400.0,15,8,3,0.15,400,COLD_RESTART,0.1,1.0,5,3,3,COLD_RESTART,8,308,76,12,10,19,19,4,4,0.0,2.263157894736842,80.0,0.0,80.0
224,3,400.0,15,8,3,0.15,400,CLOSED_LOOP,0.0,0.5,5,3,3,CLOSED_LOOP,11,400,0,0,0,0,0,0,0,0.0,0.0,110.0,0.0,110.0
225,3,400.0,15,8,3,0.15,400,CLOSED_LOOP,0.0,0.7,5,3,3,CLOSED_LOOP,11,400,0,0,0,0,0,0,0,0.0,0.0,110.0,0.0,110.0
226,3,400.0,15,8,3,0.15,400,CLOSED_LOOP,0.0,0.9,5,3,3,CLOSED_LOOP,11,400,0,0,0,0,0,0,0,0.0,0.0,110.0,0.0,110.0
227,3,400.0,15,8,3,0.15,400,CLOSED_LOOP,0.0,1.0,5,3,3,CLOSED_LOOP,11,400,0,0,0,0,0,0,0,0.0,0.0,110.0,0.0,110.0
214,3,400.0,15,8,3,0.15,400,COLD_RESTART,0.1,0.9,5,3,3,COLD_RESTART,8,308,76,12,10,19,19,4,4,0.0,2.263157894736842,80.0,0.0,80.0
228,3,400.0,15,8,3,0.15,400,CLOSED_LOOP,0.1,0.5,5,3,3,CLOSED_LOOP,5,341,52,7,10,11,11,0,0,0.0,1.0909090909090908,50.0,0.0,50.0
221,3,400.0,15,8,3,0.15,400,COLD_RESTART,0.5,0.7,5,3,3,COLD_RESTART,0,99,281,12,188,79,79,4,0,0.0,1.0253164556962024,0.0,0.0,0.0
217,3,400.0,15,8,3,0.15,400,COLD_RESTART,0.25,0.7,5,3,3,COLD_RESTART,4,147,223,24,83,54,54,5,4,0.0,1.5555555555555556,40.0,0.0,40.0
230,3,400.0,15,8,3,0.15,400,CLOSED_LOOP,0.1,0.9,5,3,3,CLOSED_LOOP,7,323,68,8,18,18,17,1,0,0.05555555555555558,2.176470588235294,70.0,0.0,70.0
231,3,400.0,15,8,3,0.15,400,CLOSED_LOOP,0.1,1.0,5,3,3,CLOSED_LOOP,7,323,68,8,18,18,17,1,0,0.05555555555555558,2.176470588235294,70.0,0.0,70.0
223,3,400.0,15,8,3,0.15,400,COLD_RESTART,0.5,1.0,5,3,3,COLD_RESTART,0,28,355,14,286,83,83,3,0,0.0,1.036144578313253,0.0,0.0,0.0
220,3,400.0,15,8,3,0.15,400,COLD_RESTART,0.5,0.5,5,3,3,COLD_RESTART,0,46,332,16,214,88,88,4,0,0.0,1.0454545454545454,0.0,0.0,0.0
229,3,400.0,15,8,3,0.15,400,CLOSED_LOOP,0.1,0.7,5,3,3,CLOSED_LOOP,11,351,41,6,6,11,11,2,0,0.0,3.3636363636363638,110.0,0.0,110.0
235,3,400.0,15,8,3,0.15,400,CLOSED_LOOP,0.25,1.0,5,3,3,CLOSED_LOOP,10,348,40,7,7,13,12,4,0,0.07692307692307687,1.9166666666666667,100.0,0.0,100.0
233,3,400.0,15,8,3,0.15,400,CLOSED_LOOP,0.25,0.7,5,3,3,CLOSED_LOOP,10,348,40,7,7,13,12,4,0,0.07692307692307687,1.9166666666666667,100.0,0.0,100.0
240,3,400.0,15,8,3,0.15,400,GOVERNED,0.0,0.5,5,3,3,GOVERNED,11,400,0,0,0,0,0,0,0,0.0,0.0,110.0,0.0,110.0
241,3,400.0,15,8,3,0.15,400,GOVERNED,0.0,0.7,5,3,3,GOVERNED,11,400,0,0,0,0,0,0,0,0.0,0.0,110.0,0.0,110.0
234,3,400.0,15,8,3,0.15,400,CLOSED_LOOP,0.25,0.9,5,3,3,CLOSED_LOOP,10,348,40,7,7,13,12,4,0,0.07692307692307687,1.9166666666666667,100.0,0.0,100.0
232,3,400.0,15,8,3,0.15,400,CLOSED_LOOP,0.25,0.5,5,3,3,CLOSED_LOOP,7,286,98,13,18,28,27,2,0,0.0357142857142857,2.5925925925925926,70.0,0.0,70.0
242,3,400.0,15,8,3,0.15,400,GOVERNED,0.0,0.9,5,3,3,GOVERNED,11,400,0,0,0,0,0,0,0,0.0,0.0,110.0,0.0,110.0
219,3,400.0,15,8,3,0.15,400,COLD_RESTART,0.25,1.0,5,3,3,COLD_RESTART,6,231,147,15,65,40,40,6,6,0.0,1.25,60.0,0.0,60.0
222,3,400.0,15,8,3,0.15,400,COLD_RESTART,0.5,0.9,5,3,3,COLD_RESTART,0,35,343,17,239,88,88,4,0,0.0,1.0340909090909092,0.0,0.0,0.0
238,3,400.0,15,8,3,0.15,400,CLOSED_LOOP,0.5,0.9,5,3,3,CLOSED_LOOP,0,35,343,17,239,88,88,4,0,0.0,1.0340909090909092,0.0,0.0,0.0
237,3,400.0,15,8,3,0.15,400,CLOSED_LOOP,0.5,0.7,5,3,3,CLOSED_LOOP,0,99,281,12,188,79,79,4,0,0.0,1.0253164556962024,0.0,0.0,0.0
244,3,400.0,15,8,3,0.15,400,GOVERNED,0.1,0.5,5,3,3,GOVERNED,5,341,52,7,10,11,11,0,0,0.0,1.0909090909090908,50.0,0.0,50.0
245,3,400.0,15,8,3,0.15,400,GOVERNED,0.1,0.7,5,3,3,GOVERNED,11,351,41,6,6,11,11,2,0,0.0,3.3636363636363638,110.0,0.0,110.0
247,3,400.0,15,8,3,0.15,400,GOVERNED,0.1,1.0,5,3,3,GOVERNED,7,323,68,8,18,18,17,1,0,0.05555555555555558,2.176470588235294,70.0,0.0,70.0
246,3,400.0,15,8,3,0.15,400,GOVERNED,0.1,0.9,5,3,3,GOVERNED,7,323,68,8,18,18,17,1,0,0.05555555555555558,2.176470588235294,70.0,0.0,70.0
250,3,400.0,15,8,3,0.15,400,GOVERNED,0.25,0.9,5,3,3,GOVERNED,10,348,40,7,7,13,12,4,0,0.07692307692307687,1.9166666666666667,100.0,0.0,100.0
248,3,400.0,15,8,3,0.15,400,GOVERNED,0.25,0.5,5,3,3,GOVERNED,7,286,98,13,18,28,27,2,0,0.0357142857142857,2.5925925925925926,70.0,0.0,70.0
251,3,400.0,15,8,3,0.15,400,GOVERNED,0.25,1.0,5,3,3,GOVERNED,10,348,40,7,7,13,12,4,0,0.07692307692307687,1.9166666666666667,100.0,0.0,100.0
239,3,400.0,15,8,3,0.15,400,CLOSED_LOOP,0.5,1.0,5,3,3,CLOSED_LOOP,0,28,355,14,286,83,83,3,0,0.0,1.036144578313253,0.0,0.0,0.0
243,3,400.0,15,8,3,0.15,400,GOVERNED,0.0,1.0,5,3,3,GOVERNED,11,400,0,0,0,0,0,0,0,0.0,0.0,110.0,0.0,110.0
256,4,400.0,15,8,3,0.15,400,OPEN_LOOP,0.0,0.5,5,3,4,OPEN_LOOP,5,400,0,0,0,0,0,0,0,0.0,0.0,50.0,0.0,50.0
258,4,400.0,15,8,3,0.15,400,OPEN_LOOP,0.0,0.9,5,3,4,OPEN_LOOP,5,400,0,0,0,0,0,0,0,0.0,0.0,50.0,0.0,50.0
259,4,400.0,15,8,3,0.15,400,OPEN_LOOP,0.0,1.0,5,3,4,OPEN_LOOP,5,400,0,0,0,0,0,0,0,0.0,0.0,50.0,0.0,50.0
257,4,400.0,15,8,3,0.15,400,OPEN_LOOP,0.0,0.7,5,3,4,OPEN_LOOP,5,400,0,0,0,0,0,0,0,0.0,0.0,50.0,0.0,50.0
260,4,400.0,15,8,3,0.15,400,OPEN_LOOP,0.1,0.5,5,3,4,OPEN_LOOP,16,384,0,0,0,18,18,16,0,0.0,3.8333333333333335,160.0,0.0,160.0
252,3,400.0,15,8,3,0.15,400,GOVERNED,0.5,0.5,5,3,3,GOVERNED,0,46,332,16,214,88,88,4,0,0.0,1.0454545454545454,0.0,0.0,0.0
253,3,400.0,15,8,3,0.15,400,GOVERNED,0.5,0.7,5,3,3,GOVERNED,0,99,281,12,188,79,79,4,0,0.0,1.0253164556962024,0.0,0.0,0.0
236,3,400.0,15,8,3,0.15,400,CLOSED_LOOP,0.5,0.5,5,3,3,CLOSED_LOOP,0,46,332,16,214,88,88,4,0,0.0,1.0454545454545454,0.0,0.0,0.0
249,3,400.0,15,8,3,0.15,400,GOVERNED,0.25,0.7,5,3,3,GOVERNED,10,348,40,7,7,13,12,4,0,0.07692307692307687,1.9166666666666667,100.0,0.0,100.0
263,4,400.0,15,8,3,0.15,400,OPEN_LOOP,0.1,1.0,5,3,4,OPEN_LOOP,16,384,0,0,0,18,18,16,0,0.0,3.8333333333333335,160.0,0.0,160.0
264,4,400.0,15,8,3,0.15,400,OPEN_LOOP,0.25,0.5,5,3,4,OPEN_LOOP,5,395,0,0,0,7,7,5,0,0.0,2.2857142857142856,50.0,0.0,50.0
265,4,400.0,15,8,3,0.15,400,OPEN_LOOP,0.25,0.7,5,3,4,OPEN_LOOP,5,395,0,0,0,7,7,5,0,0.0,2.2857142857142856,50.0,0.0,50.0
267,4,400.0,15,8,3,0.15,400,OPEN_LOOP,0.25,1.0,5,3,4,OPEN_LOOP,5,395,0,0,0,7,7,5,0,0.0,2.2857142857142856,50.0,0.0,50.0
262,4,400.0,15,8,3,0.15,400,OPEN_LOOP,0.1,0.9,5,3,4,OPEN_LOOP,16,384,0,0,0,18,18,16,0,0.0,3.8333333333333335,160.0,0.0,160.0
266,4,400.0,15,8,3,0.15,400,OPEN_LOOP,0.25,0.9,5,3,4,OPEN_LOOP,5,395,0,0,0,7,7,5,0,0.0,2.2857142857142856,50.0,0.0,50.0
268,4,400.0,15,8,3,0.15,400,OPEN_LOOP,0.5,0.5,5,3,4,OPEN_LOOP,11,379,0,0,0,25,24,21,0,0.040000000000000036,1.5,110.0,0.0,110.0
255,3,400.0,15,8,3,0.15,400,GOVERNED,0.5,1.0,5,3,3,GOVERNED,0,28,355,14,286,83,83,3,0,0.0,1.036144578313253,0.0,0.0,0.0
261,4,400.0,15,8,3,0.15,400,OPEN_LOOP,0.1,0.7,5,3,4,OPEN_LOOP,16,384,0,0,0,18,18,16,0,0.0,3.8333333333333335,160.0,0.0,160.0
274,4,400.0,15,8,3,0.15,400,COLD_RESTART,0.0,0.9,5,3,4,COLD_RESTART,5,400,0,0,0,0,0,0,0,0.0,0.0,50.0,0.0,50.0
275,4,400.0,15,8,3,0.15,400,COLD_RESTART,0.0,1.0,5,3,4,COLD_RESTART,5,400,0,0,0,0,0,0,0,0.0,0.0,50.0,0.0,50.0
273,4,400.0,15,8,3,0.15,400,COLD_RESTART,0.0,0.7,5,3,4,COLD_RESTART,5,400,0,0,0,0,0,0,0,0.0,0.0,50.0,0.0,50.0
272,4,400.0,15,8,3,0.15,400,COLD_RESTART,0.0,0.5,5,3,4,COLD_RESTART,5,400,0,0,0,0,0,0,0,0.0,0.0,50.0,0.0,50.0
269,4,400.0,15,8,3,0.15,400,OPEN_LOOP,0.5,0.7,5,3,4,OPEN_LOOP,11,379,0,0,0,25,24,21,0,0.040000000000000036,1.5,110.0,0.0,110.0
270,4,400.0,15,8,3,0.15,400,OPEN_LOOP,0.5,0.9,5,3,4,OPEN_LOOP,11,379,0,0,0,25,24,21,0,0.040000000000000036,1.5,110.0,0.0,110.0
277,4,400.0,15,8,3,0.15,400,COLD_RESTART,0.1,0.7,5,3,4,COLD_RESTART,7,368,27,3,3,9,9,1,0,0.0,3.6666666666666665,70.0,0.0,70.0
278,4,400.0,15,8,3,0.15,400,COLD_RESTART,0.1,0.9,5,3,4,COLD_RESTART,7,368,27,3,3,9,9,1,0,0.0,3.6666666666666665,70.0,0.0,70.0
280,4,400.0,15,8,3,0.15,400,COLD_RESTART,0.25,0.5,5,3,4,COLD_RESTART,2,312,78,8,24,21,21,2,1,0.0,1.0952380952380953,20.0,0.0,20.0
254,3,400.0,15,8,3,0.15,400,GOVERNED,0.5,0.9,5,3,3,GOVERNED,0,35,343,17,239,88,88,4,0,0.0,1.0340909090909092,0.0,0.0,0.0
276,4,400.0,15,8,3,0.15,400,COLD_RESTART,0.1,0.5,5,3,4,COLD_RESTART,4,339,50,9,4,12,12,2,3,0.0,4.666666666666667,40.0,0.0,40.0
271,4,400.0,15,8,3,0.15,400,OPEN_LOOP,0.5,1.0,5,3,4,OPEN_LOOP,11,379,0,0,0,25,24,21,0,0.040000000000000036,1.5,110.0,0.0,110.0
279,4,400.0,15,8,3,0.15,400,COLD_RESTART,0.1,1.0,5,3,4,COLD_RESTART,7,368,27,3,3,9,9,1,0,0.0,3.6666666666666665,70.0,0.0,70.0
281,4,400.0,15,8,3,0.15,400,COLD_RESTART,0.25,0.7,5,3,4,COLD_RESTART,4,328,63,8,17,15,15,1,1,0.0,1.0,40.0,0.0,40.0
288,4,400.0,15,8,3,0.15,400,CLOSED_LOOP,0.0,0.5,5,3,4,CLOSED_LOOP,5,400,0,0,0,0,0,0,0,0.0,0.0,50.0,0.0,50.0
282,4,400.0,15,8,3,0.15,400,COLD_RESTART,0.25,0.9,5,3,4,COLD_RESTART,0,131,239,23,78,59,59,6,8,0.0,1.0169491525423728,0.0,0.0,0.0
286,4,400.0,15,8,3,0.15,400,COLD_RESTART,0.5,0.9,5,3,4,COLD_RESTART,0,204,178,6,99,50,50,9,0,0.0,1.14,0.0,0.0,0.0
290,4,400.0,15,8,3,0.15,400,CLOSED_LOOP,0.0,0.9,5,3,4,CLOSED_LOOP,5,400,0,0,0,0,0,0,0,0.0,0.0,50.0,0.0,50.0
284,4,400.0,15,8,3,0.15,400,COLD_RESTART,0.5,0.5,5,3,4,COLD_RESTART,1,177,206,3,158,64,63,8,0,0.015625,1.0158730158730158,10.0,0.0,10.0
291,4,400.0,15,8,3,0.15,400,CLOSED_LOOP,0.0,1.0,5,3,4,CLOSED_LOOP,5,400,0,0,0,0,0,0,0,0.0,0.0,50.0,0.0,50.0
283,4,400.0,15,8,3,0.15,400,COLD_RESTART,0.25,1.0,5,3,4,COLD_RESTART,3,276,109,12,37,30,30,2,0,0.0,1.3666666666666667,30.0,0.0,30.0
289,4,400.0,15,8,3,0.15,400,CLOSED_LOOP,0.0,0.7,5,3,4,CLOSED_LOOP,5,400,0,0,0,0,0,0,0,0.0,0.0,50.0,0.0,50.0
292,4,400.0,15,8,3,0.15,400,CLOSED_LOOP,0.1,0.5,5,3,4,CLOSED_LOOP,7,344,47,8,3,14,12,1,0,0.1428571428571429,4.833333333333333,70.0,0.0,70.0
293,4,400.0,15,8,3,0.15,400,CLOSED_LOOP,0.1,0.7,5,3,4,CLOSED_LOOP,7,368,27,3,3,9,9,1,0,0.0,3.6666666666666665,70.0,0.0,70.0
294,4,400.0,15,8,3,0.15,400,CLOSED_LOOP,0.1,0.9,5,3,4,CLOSED_LOOP,7,368,27,3,3,9,9,1,0,0.0,3.6666666666666665,70.0,0.0,70.0
296,4,400.0,15,8,3,0.15,400,CLOSED_LOOP,0.25,0.5,5,3,4,CLOSED_LOOP,2,352,41,5,9,12,12,1,0,0.0,1.0,20.0,0.0,20.0
295,4,400.0,15,8,3,0.15,400,CLOSED_LOOP,0.1,1.0,5,3,4,CLOSED_LOOP,7,368,27,3,3,9,9,1,0,0.0,3.6666666666666665,70.0,0.0,70.0
297,4,400.0,15,8,3,0.15,400,CLOSED_LOOP,0.25,0.7,5,3,4,CLOSED_LOOP,5,285,92,14,23,28,28,6,0,0.0,1.75,50.0,0.0,50.0
299,4,400.0,15,8,3,0.15,400,CLOSED_LOOP,0.25,1.0,5,3,4,CLOSED_LOOP,3,276,109,12,37,30,30,2,0,0.0,1.3666666666666667,30.0,0.0,30.0
304,4,400.0,15,8,3,0.15,400,GOVERNED,0.0,0.5,5,3,4,GOVERNED,5,400,0,0,0,0,0,0,0,0.0,0.0,50.0,0.0,50.0
305,4,400.0,15,8,3,0.15,400,GOVERNED,0.0,0.7,5,3,4,GOVERNED,5,400,0,0,0,0,0,0,0,0.0,0.0,50.0,0.0,50.0
302,4,400.0,15,8,3,0.15,400,CLOSED_LOOP,0.5,0.9,5,3,4,CLOSED_LOOP,0,204,178,6,99,50,50,9,0,0.0,1.14,0.0,0.0,0.0
301,4,400.0,15,8,3,0.15,400,CLOSED_LOOP,0.5,0.7,5,3,4,CLOSED_LOOP,0,209,175,8,83,46,46,5,0,0.0,1.0217391304347827,0.0,0.0,0.0
303,4,400.0,15,8,3,0.15,400,CLOSED_LOOP,0.5,1.0,5,3,4,CLOSED_LOOP,3,207,185,5,102,54,51,2,0,0.05555555555555558,1.0196078431372548,30.0,0.0,30.0
285,4,400.0,15,8,3,0.15,400,COLD_RESTART,0.5,0.7,5,3,4,COLD_RESTART,0,209,175,8,83,46,46,5,0,0.0,1.0217391304347827,0.0,0.0,0.0
298,4,400.0,15,8,3,0.15,400,CLOSED_LOOP,0.25,0.9,5,3,4,CLOSED_LOOP,2,290,97,11,32,27,27,2,0,0.0,1.2962962962962963,20.0,0.0,20.0
307,4,400.0,15,8,3,0.15,400,GOVERNED,0.0,1.0,5,3,4,GOVERNED,5,400,0,0,0,0,0,0,0,0.0,0.0,50.0,0.0,50.0
309,4,400.0,15,8,3,0.15,400,GOVERNED,0.1,0.7,5,3,4,GOVERNED,7,368,27,3,3,9,9,1,0,0.0,3.6666666666666665,70.0,0.0,70.0
308,4,400.0,15,8,3,0.15,400,GOVERNED,0.1,0.5,5,3,4,GOVERNED,7,344,47,8,3,14,12,1,0,0.1428571428571429,4.833333333333333,70.0,0.0,70.0
310,4,400.0,15,8,3,0.15,400,GOVERNED,0.1,0.9,5,3,4,GOVERNED,7,368,27,3,3,9,9,1,0,0.0,3.6666666666666665,70.0,0.0,70.0
306,4,400.0,15,8,3,0.15,400,GOVERNED,0.0,0.9,5,3,4,GOVERNED,5,400,0,0,0,0,0,0,0,0.0,0.0,50.0,0.0,50.0
287,4,400.0,15,8,3,0.15,400,COLD_RESTART,0.5,1.0,5,3,4,COLD_RESTART,3,207,185,5,102,54,51,2,0,0.05555555555555558,1.0196078431372548,30.0,0.0,30.0
311,4,400.0,15,8,3,0.15,400,GOVERNED,0.1,1.0,5,3,4,GOVERNED,7,368,27,3,3,9,9,1,0,0.0,3.6666666666666665,70.0,0.0,70.0
321,5,400.0,15,8,3,0.15,400,OPEN_LOOP,0.0,0.7,5,3,5,OPEN_LOOP,5,400,0,0,0,0,0,0,0,0.0,0.0,50.0,0.0,50.0
300,4,400.0,15,8,3,0.15,400,CLOSED_LOOP,0.5,0.5,5,3,4,CLOSED_LOOP,1,177,206,3,158,64,63,8,0,0.015625,1.0158730158730158,10.0,0.0,10.0
320,5,400.0,15,8,3,0.15,400,OPEN_LOOP,0.0,0.5,5,3,5,OPEN_LOOP,5,400,0,0,0,0,0,0,0,0.0,0.0,50.0,0.0,50.0
314,4,400.0,15,8,3,0.15,400,GOVERNED,0.25,0.9,5,3,4,GOVERNED,2,290,97,11,32,27,27,2,0,0.0,1.2962962962962963,20.0,0.0,20.0
312,4,400.0,15,8,3,0.15,400,GOVERNED,0.25,0.5,5,3,4,GOVERNED,2,352,41,5,9,12,12,1,0,0.0,1.0,20.0,0.0,20.0
318,4,400.0,15,8,3,0.15,400,GOVERNED,0.5,0.9,5,3,4,GOVERNED,0,204,178,6,99,50,50,9,0,0.0,1.14,0.0,0.0,0.0
319,4,400.0,15,8,3,0.15,400,GOVERNED,0.5,1.0,5,3,4,GOVERNED,3,207,185,5,102,54,51,2,0,0.05555555555555558,1.0196078431372548,30.0,0.0,30.0
317,4,400.0,15,8,3,0.15,400,GOVERNED,0.5,0.7,5,3,4,GOVERNED,0,209,175,8,83,46,46,5,0,0.0,1.0217391304347827,0.0,0.0,0.0
313,4,400.0,15,8,3,0.15,400,GOVERNED,0.25,0.7,5,3,4,GOVERNED,5,285,92,14,23,28,28,6,0,0.0,1.75,50.0,0.0,50.0
322,5,400.0,15,8,3,0.15,400,OPEN_LOOP,0.0,0.9,5,3,5,OPEN_LOOP,5,400,0,0,0,0,0,0,0,0.0,0.0,50.0,0.0,50.0
316,4,400.0,15,8,3,0.15,400,GOVERNED,0.5,0.5,5,3,4,GOVERNED,1,177,206,3,158,64,63,8,0,0.015625,1.0158730158730158,10.0,0.0,10.0
323,5,400.0,15,8,3,0.15,400,OPEN_LOOP,0.0,1.0,5,3,5,OPEN_LOOP,5,400,0,0,0,0,0,0,0,0.0,0.0,50.0,0.0,50.0
328,5,400.0,15,8,3,0.15,400,OPEN_LOOP,0.25,0.5,5,3,5,OPEN_LOOP,6,398,0,0,0,3,3,2,0,0.0,5.0,60.0,0.0,60.0
315,4,400.0,15,8,3,0.15,400,GOVERNED,0.25,1.0,5,3,4,GOVERNED,3,276,109,12,37,30,30,2,0,0.0,1.3666666666666667,30.0,0.0,30.0
331,5,400.0,15,8,3,0.15,400,OPEN_LOOP,0.25,1.0,5,3,5,OPEN_LOOP,6,398,0,0,0,3,3,2,0,0.0,5.0,60.0,0.0,60.0
330,5,400.0,15,8,3,0.15,400,OPEN_LOOP,0.25,0.9,5,3,5,OPEN_LOOP,6,398,0,0,0,3,3,2,0,0.0,5.0,60.0,0.0,60.0
324,5,400.0,15,8,3,0.15,400,OPEN_LOOP,0.1,0.5,5,3,5,OPEN_LOOP,16,391,0,0,0,13,11,9,0,0.15384615384615385,2.5454545454545454,160.0,0.0,160.0
329,5,400.0,15,8,3,0.15,400,OPEN_LOOP,0.25,0.7,5,3,5,OPEN_LOOP,6,398,0,0,0,3,3,2,0,0.0,5.0,60.0,0.0,60.0
326,5,400.0,15,8,3,0.15,400,OPEN_LOOP,0.1,0.9,5,3,5,OPEN_LOOP,16,391,0,0,0,13,11,9,0,0.15384615384615385,2.5454545454545454,160.0,0.0,160.0
334,5,400.0,15,8,3,0.15,400,OPEN_LOOP,0.5,0.9,5,3,5,OPEN_LOOP,12,385,0,0,0,22,21,15,0,0.045454545454545414,2.380952380952381,120.0,0.0,120.0
336,5,400.0,15,8,3,0.15,400,COLD_RESTART,0.0,0.5,5,3,5,COLD_RESTART,5,400,0,0,0,0,0,0,0,0.0,0.0,50.0,0.0,50.0
335,5,400.0,15,8,3,0.15,400,OPEN_LOOP,0.5,1.0,5,3,5,OPEN_LOOP,12,385,0,0,0,22,21,15,0,0.045454545454545414,2.380952380952381,120.0,0.0,120.0
333,5,400.0,15,8,3,0.15,400,OPEN_LOOP,0.5,0.7,5,3,5,OPEN_LOOP,12,385,0,0,0,22,21,15,0,0.045454545454545414,2.380952380952381,120.0,0.0,120.0
337,5,400.0,15,8,3,0.15,400,COLD_RESTART,0.0,0.7,5,3,5,COLD_RESTART,5,400,0,0,0,0,0,0,0,0.0,0.0,50.0,0.0,50.0
332,5,400.0,15,8,3,0.15,400,OPEN_LOOP,0.5,0.5,5,3,5,OPEN_LOOP,12,385,0,0,0,22,21,15,0,0.045454545454545414,2.380952380952381,120.0,0.0,120.0
325,5,400.0,15,8,3,0.15,400,OPEN_LOOP,0.1,0.7,5,3,5,OPEN_LOOP,16,391,0,0,0,13,11,9,0,0.15384615384615385,2.5454545454545454,160.0,0.0,160.0
339,5,400.0,15,8,3,0.15,400,COLD_RESTART,0.0,1.0,5,3,5,COLD_RESTART,5,400,0,0,0,0,0,0,0,0.0,0.0,50.0,0.0,50.0
338,5,400.0,15,8,3,0.15,400,COLD_RESTART,0.0,0.9,5,3,5,COLD_RESTART,5,400,0,0,0,0,0,0,0,0.0,0.0,50.0,0.0,50.0
343,5,400.0,15,8,3,0.15,400,COLD_RESTART,0.1,1.0,5,3,5,COLD_RESTART,7,391,5,1,0,4,4,3,0,0.0,4.5,70.0,0.0,70.0
327,5,400.0,15,8,3,0.15,400,OPEN_LOOP,0.1,1.0,5,3,5,OPEN_LOOP,16,391,0,0,0,13,11,9,0,0.15384615384615385,2.5454545454545454,160.0,0.0,160.0
346,5,400.0,15,8,3,0.15,400,COLD_RESTART,0.25,0.9,5,3,5,COLD_RESTART,4,355,41,3,9,9,9,0,0,0.0,1.0,40.0,0.0,40.0
347,5,400.0,15,8,3,0.15,400,COLD_RESTART,0.25,1.0,5,3,5,COLD_RESTART,4,355,41,3,9,9,9,0,0,0.0,1.0,40.0,0.0,40.0
344,5,400.0,15,8,3,0.15,400,COLD_RESTART,0.25,0.5,5,3,5,COLD_RESTART,4,318,75,6,29,19,19,0,1,0.0,1.0,40.0,0.0,40.0
345,5,400.0,15,8,3,0.15,400,COLD_RESTART,0.25,0.7,5,3,5,COLD_RESTART,6,353,44,3,10,10,10,0,0,0.0,1.2,60.0,0.0,60.0
340,5,400.0,15,8,3,0.15,400,COLD_RESTART,0.1,0.5,5,3,5,COLD_RESTART,7,391,5,1,0,4,4,3,0,0.0,4.5,70.0,0.0,70.0
353,5,400.0,15,8,3,0.15,400,CLOSED_LOOP,0.0,0.7,5,3,5,CLOSED_LOOP,5,400,0,0,0,0,0,0,0,0.0,0.0,50.0,0.0,50.0
341,5,400.0,15,8,3,0.15,400,COLD_RESTART,0.1,0.7,5,3,5,COLD_RESTART,7,391,5,1,0,4,4,3,0,0.0,4.5,70.0,0.0,70.0
355,5,400.0,15,8,3,0.15,400,CLOSED_LOOP,0.0,1.0,5,3,5,CLOSED_LOOP,5,400,0,0,0,0,0,0,0,0.0,0.0,50.0,0.0,50.0
350,5,400.0,15,8,3,0.15,400,COLD_RESTART,0.5,0.9,5,3,5,COLD_RESTART,0,128,253,11,140,71,71,5,0,0.0,1.028169014084507,0.0,0.0,0.0
351,5,400.0,15,8,3,0.15,400,COLD_RESTART,0.5,1.0,5,3,5,COLD_RESTART,1,81,300,7,164,88,87,7,0,0.011363636363636354,1.0,10.0,0.0,10.0
342,5,400.0,15,8,3,0.15,400,COLD_RESTART,0.1,0.9,5,3,5,COLD_RESTART,7,391,5,1,0,4,4,3,0,0.0,4.5,70.0,0.0,70.0
358,5,400.0,15,8,3,0.15,400,CLOSED_LOOP,0.1,0.9,5,3,5,CLOSED_LOOP,7,391,5,1,0,4,4,3,0,0.0,4.5,70.0,0.0,70.0
357,5,400.0,15,8,3,0.15,400,CLOSED_LOOP,0.1,0.7,5,3,5,CLOSED_LOOP,7,391,5,1,0,4,4,3,0,0.0,4.5,70.0,0.0,70.0
352,5,400.0,15,8,3,0.15,400,CLOSED_LOOP,0.0,0.5,5,3,5,CLOSED_LOOP,5,400,0,0,0,0,0,0,0,0.0,0.0,50.0,0.0,50.0
348,5,400.0,15,8,3,0.15,400,COLD_RESTART,0.5,0.5,5,3,5,COLD_RESTART,2,160,217,8,122,64,64,9,0,0.0,1.078125,20.0,0.0,20.0
359,5,400.0,15,8,3,0.15,400,CLOSED_LOOP,0.1,1.0,5,3,5,CLOSED_LOOP,7,391,5,1,0,4,4,3,0,0.0,4.5,70.0,0.0,70.0
354,5,400.0,15,8,3,0.15,400,CLOSED_LOOP,0.0,0.9,5,3,5,CLOSED_LOOP,5,400,0,0,0,0,0,0,0,0.0,0.0,50.0,0.0,50.0
349,5,400.0,15,8,3,0.15,400,COLD_RESTART,0.5,0.7,5,3,5,COLD_RESTART,0,21,360,18,234,94,94,0,1,0.0,1.0106382978723405,0.0,0.0,0.0
356,5,400.0,15,8,3,0.15,400,CLOSED_LOOP,0.1,0.5,5,3,5,CLOSED_LOOP,7,391,5,1,0,4,4,3,0,0.0,4.5,70.0,0.0,70.0
361,5,400.0,15,8,3,0.15,400,CLOSED_LOOP,0.25,0.7,5,3,5,CLOSED_LOOP,6,353,44,3,10,10,10,0,0,0.0,1.2,60.0,0.0,60.0
362,5,400.0,15,8,3,0.15,400,CLOSED_LOOP,0.25,0.9,5,3,5,CLOSED_LOOP,4,355,41,3,9,9,9,0,0,0.0,1.0,40.0,0.0,40.0
363,5,400.0,15,8,3,0.15,400,CLOSED_LOOP,0.25,1.0,5,3,5,CLOSED_LOOP,4,355,41,3,9,9,9,0,0,0.0,1.0,40.0,0.0,40.0
368,5,400.0,15,8,3,0.15,400,GOVERNED,0.0,0.5,5,3,5,GOVERNED,5,400,0,0,0,0,0,0,0,0.0,0.0,50.0,0.0,50.0
360,5,400.0,15,8,3,0.15,400,CLOSED_LOOP,0.25,0.5,5,3,5,CLOSED_LOOP,6,339,56,4,13,14,14,0,0,0.0,1.6428571428571428,60.0,0.0,60.0
371,5,400.0,15,8,3,0.15,400,GOVERNED,0.0,1.0,5,3,5,GOVERNED,5,400,0,0,0,0,0,0,0,0.0,0.0,50.0,0.0,50.0
374,5,400.0,15,8,3,0.15,400,GOVERNED,0.1,0.9,5,3,5,GOVERNED,7,391,5,1,0,4,4,3,0,0.0,4.5,70.0,0.0,70.0
372,5,400.0,15,8,3,0.15,400,GOVERNED,0.1,0.5,5,3,5,GOVERNED,7,391,5,1,0,4,4,3,0,0.0,4.5,70.0,0.0,70.0
369,5,400.0,15,8,3,0.15,400,GOVERNED,0.0,0.7,5,3,5,GOVERNED,5,400,0,0,0,0,0,0,0,0.0,0.0,50.0,0.0,50.0
370,5,400.0,15,8,3,0.15,400,GOVERNED,0.0,0.9,5,3,5,GOVERNED,5,400,0,0,0,0,0,0,0,0.0,0.0,50.0,0.0,50.0
367,5,400.0,15,8,3,0.15,400,CLOSED_LOOP,0.5,1.0,5,3,5,CLOSED_LOOP,1,81,300,7,164,88,87,7,0,0.011363636363636354,1.0,10.0,0.0,10.0
376,5,400.0,15,8,3,0.15,400,GOVERNED,0.25,0.5,5,3,5,GOVERNED,6,339,56,4,13,14,14,0,0,0.0,1.6428571428571428,60.0,0.0,60.0
375,5,400.0,15,8,3,0.15,400,GOVERNED,0.1,1.0,5,3,5,GOVERNED,7,391,5,1,0,4,4,3,0,0.0,4.5,70.0,0.0,70.0
373,5,400.0,15,8,3,0.15,400,GOVERNED,0.1,0.7,5,3,5,GOVERNED,7,391,5,1,0,4,4,3,0,0.0,4.5,70.0,0.0,70.0
366,5,400.0,15,8,3,0.15,400,CLOSED_LOOP,0.5,0.9,5,3,5,CLOSED_LOOP,0,128,253,11,140,71,71,5,0,0.0,1.028169014084507,0.0,0.0,0.0
377,5,400.0,15,8,3,0.15,400,GOVERNED,0.25,0.7,5,3,5,GOVERNED,6,353,44,3,10,10,10,0,0,0.0,1.2,60.0,0.0,60.0
364,5,400.0,15,8,3,0.15,400,CLOSED_LOOP,0.5,0.5,5,3,5,CLOSED_LOOP,2,160,217,8,122,64,64,9,0,0.0,1.078125,20.0,0.0,20.0
365,5,400.0,15,8,3,0.15,400,CLOSED_LOOP,0.5,0.7,5,3,5,CLOSED_LOOP,1,25,356,18,239,92,92,0,0,0.0,1.0108695652173914,10.0,0.0,10.0
386,6,400.0,15,8,3,0.15,400,OPEN_LOOP,0.0,0.9,5,3,6,OPEN_LOOP,6,400,0,0,0,0,0,0,0,0.0,0.0,60.0,0.0,60.0
385,6,400.0,15,8,3,0.15,400,OPEN_LOOP,0.0,0.7,5,3,6,OPEN_LOOP,6,400,0,0,0,0,0,0,0,0.0,0.0,60.0,0.0,60.0
387,6,400.0,15,8,3,0.15,400,OPEN_LOOP,0.0,1.0,5,3,6,OPEN_LOOP,6,400,0,0,0,0,0,0,0,0.0,0.0,60.0,0.0,60.0
378,5,400.0,15,8,3,0.15,400,GOVERNED,0.25,0.9,5,3,5,GOVERNED,4,355,41,3,9,9,9,0,0,0.0,1.0,40.0,0.0,40.0
384,6,400.0,15,8,3,0.15,400,OPEN_LOOP,0.0,0.5,5,3,6,OPEN_LOOP,6,400,0,0,0,0,0,0,0,0.0,0.0,60.0,0.0,60.0
379,5,400.0,15,8,3,0.15,400,GOVERNED,0.25,1.0,5,3,5,GOVERNED,4,355,41,3,9,9,9,0,0,0.0,1.0,40.0,0.0,40.0
390,6,400.0,15,8,3,0.15,400,OPEN_LOOP,0.1,0.9,5,3,6,OPEN_LOOP,17,392,0,0,0,8,8,8,0,0.0,6.25,170.0,0.0,170.0
391,6,400.0,15,8,3,0.15,400,OPEN_LOOP,0.1,1.0,5,3,6,OPEN_LOOP,17,392,0,0,0,8,8,8,0,0.0,6.25,170.0,0.0,170.0
389,6,400.0,15,8,3,0.15,400,OPEN_LOOP,0.1,0.7,5,3,6,OPEN_LOOP,17,392,0,0,0,8,8,8,0,0.0,6.25,170.0,0.0,170.0
382,5,400.0,15,8,3,0.15,400,GOVERNED,0.5,0.9,5,3,5,GOVERNED,0,128,253,11,140,71,71,5,0,0.0,1.028169014084507,0.0,0.0,0.0
393,6,400.0,15,8,3,0.15,400,OPEN_LOOP,0.25,0.7,5,3,6,OPEN_LOOP,8,393,0,0,0,9,9,7,0,0.0,2.888888888888889,80.0,0.0,80.0
381,5,400.0,15,8,3,0.15,400,GOVERNED,0.5,0.7,5,3,5,GOVERNED,1,25,356,18,239,92,92,0,0,0.0,1.0108695652173914,10.0,0.0,10.0
388,6,400.0,15,8,3,0.15,400,OPEN_LOOP,0.1,0.5,5,3,6,OPEN_LOOP,17,392,0,0,0,8,8,8,0,0.0,6.25,170.0,0.0,170.0
383,5,400.0,15,8,3,0.15,400,GOVERNED,0.5,1.0,5,3,5,GOVERNED,1,81,300,7,164,88,87,7,0,0.011363636363636354,1.0,10.0,0.0,10.0
380,5,400.0,15,8,3,0.15,400,GOVERNED,0.5,0.5,5,3,5,GOVERNED,2,160,217,8,122,64,64,9,0,0.0,1.078125,20.0,0.0,20.0
400,6,400.0,15,8,3,0.15,400,COLD_RESTART,0.0,0.5,5,3,6,COLD_RESTART,6,400,0,0,0,0,0,0,0,0.0,0.0,60.0,0.0,60.0
401,6,400.0,15,8,3,0.15,400,COLD_RESTART,0.0,0.7,5,3,6,COLD_RESTART,6,400,0,0,0,0,0,0,0,0.0,0.0,60.0,0.0,60.0
396,6,400.0,15,8,3,0.15,400,OPEN_LOOP,0.5,0.5,5,3,6,OPEN_LOOP,13,372,0,0,0,33,33,28,0,0.0,1.9696969696969697,130.0,0.0,130.0
397,6,400.0,15,8,3,0.15,400,OPEN_LOOP,0.5,0.7,5,3,6,OPEN_LOOP,13,372,0,0,0,33,33,28,0,0.0,1.9696969696969697,130.0,0.0,130.0
395,6,400.0,15,8,3,0.15,400,OPEN_LOOP,0.25,1.0,5,3,6,OPEN_LOOP,8,393,0,0,0,9,9,7,0,0.0,2.888888888888889,80.0,0.0,80.0
403,6,400.0,15,8,3,0.15,400,COLD_RESTART,0.0,1.0,5,3,6,COLD_RESTART,6,400,0,0,0,0,0,0,0,0.0,0.0,60.0,0.0,60.0
402,6,400.0,15,8,3,0.15,400,COLD_RESTART,0.0,0.9,5,3,6,COLD_RESTART,6,400,0,0,0,0,0,0,0,0.0,0.0,60.0,0.0,60.0
394,6,400.0,15,8,3,0.15,400,OPEN_LOOP,0.25,0.9,5,3,6,OPEN_LOOP,8,393,0,0,0,9,9,7,0,0.0,2.888888888888889,80.0,0.0,80.0
399,6,400.0,15,8,3,0.15,400,OPEN_LOOP,0.5,1.0,5,3,6,OPEN_LOOP,13,372,0,0,0,33,33,28,0,0.0,1.9696969696969697,130.0,0.0,130.0
398,6,400.0,15,8,3,0.15,400,OPEN_LOOP,0.5,0.9,5,3,6,OPEN_LOOP,13,372,0,0,0,33,33,28,0,0.0,1.9696969696969697,130.0,0.0,130.0
407,6,400.0,15,8,3,0.15,400,COLD_RESTART,0.1,1.0,5,3,6,COLD_RESTART,10,354,37,7,3,8,7,2,3,0.125,2.2857142857142856,100.0,0.0,100.0
406,6,400.0,15,8,3,0.15,400,COLD_RESTART,0.1,0.9,5,3,6,COLD_RESTART,10,259,119,21,14,26,25,1,8,0.038461538461538436,1.88,100.0,0.0,100.0
405,6,400.0,15,8,3,0.15,400,COLD_RESTART,0.1,0.7,5,3,6,COLD_RESTART,6,246,130,20,20,32,30,3,12,0.0625,1.8333333333333333,60.0,0.0,60.0
404,6,400.0,15,8,3,0.15,400,COLD_RESTART,0.1,0.5,5,3,6,COLD_RESTART,6,256,125,19,20,31,28,0,7,0.09677419354838712,3.357142857142857,60.0,0.0,60.0
416,6,400.0,15,8,3,0.15,400,CLOSED_LOOP,0.0,0.5,5,3,6,CLOSED_LOOP,6,400,0,0,0,0,0,0,0,0.0,0.0,60.0,0.0,60.0
417,6,400.0,15,8,3,0.15,400,CLOSED_LOOP,0.0,0.7,5,3,6,CLOSED_LOOP,6,400,0,0,0,0,0,0,0,0.0,0.0,60.0,0.0,60.0
410,6,400.0,15,8,3,0.15,400,COLD_RESTART,0.25,0.9,5,3,6,COLD_RESTART,5,285,106,9,34,26,26,0,0,0.0,1.5384615384615385,50.0,0.0,50.0
414,6,400.0,15,8,3,0.15,400,COLD_RESTART,0.5,0.9,5,3,6,COLD_RESTART,0,165,212,4,104,66,65,10,0,0.015151515151515138,1.0,0.0,0.0,0.0
411,6,400.0,15,8,3,0.15,400,COLD_RESTART,0.25,1.0,5,3,6,COLD_RESTART,5,284,101,13,27,25,24,2,3,0.040000000000000036,1.4166666666666667,50.0,0.0,50.0
409,6,400.0,15,8,3,0.15,400,COLD_RESTART,0.25,0.7,5,3,6,COLD_RESTART,3,178,190,22,62,55,49,6,4,0.10909090909090913,1.5510204081632653,30.0,0.0,30.0
419,6,400.0,15,8,3,0.15,400,CLOSED_LOOP,0.0,1.0,5,3,6,CLOSED_LOOP,6,400,0,0,0,0,0,0,0,0.0,0.0,60.0,0.0,60.0
413,6,400.0,15,8,3,0.15,400,COLD_RESTART,0.5,0.7,5,3,6,COLD_RESTART,3,185,185,10,94,60,60,11,0,0.0,1.0166666666666666,30.0,0.0,30.0
408,6,400.0,15,8,3,0.15,400,COLD_RESTART,0.25,0.5,5,3,6,COLD_RESTART,9,293,95,9,28,24,23,2,2,0.04166666666666663,1.2608695652173914,90.0,0.0,90.0
415,6,400.0,15,8,3,0.15,400,COLD_RESTART,0.5,1.0,5,3,6,COLD_RESTART,1,93,282,15,144,70,70,6,0,0.0,1.1285714285714286,10.0,0.0,10.0
412,6,400.0,15,8,3,0.15,400,COLD_RESTART,0.5,0.5,5,3,6,COLD_RESTART,3,263,117,4,75,37,36,9,0,0.027027027027026973,1.3055555555555556,30.0,0.0,30.0
420,6,400.0,15,8,3,0.15,400,CLOSED_LOOP,0.1,0.5,5,3,6,CLOSED_LOOP,11,309,78,12,13,21,19,1,0,0.09523809523809523,2.8947368421052633,110.0,0.0,110.0
418,6,400.0,15,8,3,0.15,400,CLOSED_LOOP,0.0,0.9,5,3,6,CLOSED_LOOP,6,400,0,0,0,0,0,0,0,0.0,0.0,60.0,0.0,60.0
421,6,400.0,15,8,3,0.15,400,CLOSED_LOOP,0.1,0.7,5,3,6,CLOSED_LOOP,12,318,71,10,14,17,16,1,0,0.05882352941176472,2.8125,120.0,0.0,120.0
427,6,400.0,15,8,3,0.15,400,CLOSED_LOOP,0.25,1.0,5,3,6,CLOSED_LOOP,4,347,47,6,13,9,9,0,0,0.0,1.0,40.0,0.0,40.0
425,6,400.0,15,8,3,0.15,400,CLOSED_LOOP,0.25,0.7,5,3,6,CLOSED_LOOP,7,327,61,5,14,19,18,4,0,0.052631578947368474,1.1666666666666667,70.0,0.0,70.0
422,6,400.0,15,8,3,0.15,400,CLOSED_LOOP,0.1,0.9,5,3,6,CLOSED_LOOP,10,368,27,4,3,7,6,1,0,0.1428571428571429,1.6666666666666667,100.0,0.0,100.0
426,6,400.0,15,8,3,0.15,400,CLOSED_LOOP,0.25,0.9,5,3,6,CLOSED_LOOP,5,285,106,9,34,26,26,0,0,0.0,1.5384615384615385,50.0,0.0,50.0
392,6,400.0,15,8,3,0.15,400,OPEN_LOOP,0.25,0.5,5,3,6,OPEN_LOOP,8,393,0,0,0,9,9,7,0,0.0,2.888888888888889,80.0,0.0,80.0
432,6,400.0,15,8,3,0.15,400,GOVERNED,0.0,0.5,5,3,6,GOVERNED,6,400,0,0,0,0,0,0,0,0.0,0.0,60.0,0.0,60.0
434,6,400.0,15,8,3,0.15,400,GOVERNED,0.0,0.9,5,3,6,GOVERNED,6,400,0,0,0,0,0,0,0,0.0,0.0,60.0,0.0,60.0
423,6,400.0,15,8,3,0.15,400,CLOSED_LOOP,0.1,1.0,5,3,6,CLOSED_LOOP,10,368,27,4,3,7,6,1,0,0.1428571428571429,1.6666666666666667,100.0,0.0,100.0
435,6,400.0,15,8,3,0.15,400,GOVERNED,0.0,1.0,5,3,6,GOVERNED,6,400,0,0,0,0,0,0,0,0.0,0.0,60.0,0.0,60.0
433,6,400.0,15,8,3,0.15,400,GOVERNED,0.0,0.7,5,3,6,GOVERNED,6,400,0,0,0,0,0,0,0,0.0,0.0,60.0,0.0,60.0
436,6,400.0,15,8,3,0.15,400,GOVERNED,0.1,0.5,5,3,6,GOVERNED,11,309,78,12,13,21,19,1,0,0.09523809523809523,2.8947368421052633,110.0,0.0,110.0
437,6,400.0,15,8,3,0.15,400,GOVERNED,0.1,0.7,5,3,6,GOVERNED,12,318,71,10,14,17,16,1,0,0.05882352941176472,2.8125,120.0,0.0,120.0
424,6,400.0,15,8,3,0.15,400,CLOSED_LOOP,0.25,0.5,5,3,6,CLOSED_LOOP,8,231,149,14,61,40,39,4,0,0.025000000000000022,1.358974358974359,80.0,0.0,80.0
428,6,400.0,15,8,3,0.15,400,CLOSED_LOOP,0.5,0.5,5,3,6,CLOSED_LOOP,3,263,117,4,75,37,36,9,0,0.027027027027026973,1.3055555555555556,30.0,0.0,30.0
431,6,400.0,15,8,3,0.15,400,CLOSED_LOOP,0.5,1.0,5,3,6,CLOSED_LOOP,1,93,282,15,144,70,70,6,0,0.0,1.1285714285714286,10.0,0.0,10.0
430,6,400.0,15,8,3,0.15,400,CLOSED_LOOP,0.5,0.9,5,3,6,CLOSED_LOOP,0,165,212,4,104,66,65,10,0,0.015151515151515138,1.0,0.0,0.0,0.0
429,6,400.0,15,8,3,0.15,400,CLOSED_LOOP,0.5,0.7,5,3,6,CLOSED_LOOP,3,185,185,10,94,60,60,11,0,0.0,1.0166666666666666,30.0,0.0,30.0
439,6,400.0,15,8,3,0.15,400,GOVERNED,0.1,1.0,5,3,6,GOVERNED,10,368,27,4,3,7,6,1,0,0.1428571428571429,1.6666666666666667,100.0,0.0,100.0
443,6,400.0,15,8,3,0.15,400,GOVERNED,0.25,1.0,5,3,6,GOVERNED,4,347,47,6,13,9,9,0,0,0.0,1.0,40.0,0.0,40.0
441,6,400.0,15,8,3,0.15,400,GOVERNED,0.25,0.7,5,3,6,GOVERNED,7,327,61,5,14,19,18,4,0,0.052631578947368474,1.1666666666666667,70.0,0.0,70.0
449,7,400.0,15,8,3,0.15,400,OPEN_LOOP,0.0,0.7,5,3,7,OPEN_LOOP,6,400,0,0,0,0,0,0,0,0.0,0.0,60.0,0.0,60.0
442,6,400.0,15,8,3,0.15,400,GOVERNED,0.25,0.9,5,3,6,GOVERNED,5,285,106,9,34,26,26,0,0,0.0,1.5384615384615385,50.0,0.0,50.0
448,7,400.0,15,8,3,0.15,400,OPEN_LOOP,0.0,0.5,5,3,7,OPEN_LOOP,6,400,0,0,0,0,0,0,0,0.0,0.0,60.0,0.0,60.0
444,6,400.0,15,8,3,0.15,400,GOVERNED,0.5,0.5,5,3,6,GOVERNED,3,263,117,4,75,37,36,9,0,0.027027027027026973,1.3055555555555556,30.0,0.0,30.0
445,6,400.0,15,8,3,0.15,400,GOVERNED,0.5,0.7,5,3,6,GOVERNED,3,185,185,10,94,60,60,11,0,0.0,1.0166666666666666,30.0,0.0,30.0
440,6,400.0,15,8,3,0.15,400,GOVERNED,0.25,0.5,5,3,6,GOVERNED,8,231,149,14,61,40,39,4,0,0.025000000000000022,1.358974358974359,80.0,0.0,80.0
451,7,400.0,15,8,3,0.15,400,OPEN_LOOP,0.0,1.0,5,3,7,OPEN_LOOP,6,400,0,0,0,0,0,0,0,0.0,0.0,60.0,0.0,60.0
453,7,400.0,15,8,3,0.15,400,OPEN_LOOP,0.1,0.7,5,3,7,OPEN_LOOP,8,396,0,0,0,4,4,4,0,0.0,2.5,80.0,0.0,80.0
450,7,400.0,15,8,3,0.15,400,OPEN_LOOP,0.0,0.9,5,3,7,OPEN_LOOP,6,400,0,0,0,0,0,0,0,0.0,0.0,60.0,0.0,60.0
447,6,400.0,15,8,3,0.15,400,GOVERNED,0.5,1.0,5,3,6,GOVERNED,1,93,282,15,144,70,70,6,0,0.0,1.1285714285714286,10.0,0.0,10.0
452,7,400.0,15,8,3,0.15,400,OPEN_LOOP,0.1,0.5,5,3,7,OPEN_LOOP,8,396,0,0,0,4,4,4,0,0.0,2.5,80.0,0.0,80.0
455,7,400.0,15,8,3,0.15,400,OPEN_LOOP,0.1,1.0,5,3,7,OPEN_LOOP,8,396,0,0,0,4,4,4,0,0.0,2.5,80.0,0.0,80.0
456,7,400.0,15,8,3,0.15,400,OPEN_LOOP,0.25,0.5,5,3,7,OPEN_LOOP,16,377,0,0,0,27,27,23,0,0.0,1.962962962962963,160.0,0.0,160.0
457,7,400.0,15,8,3,0.15,400,OPEN_LOOP,0.25,0.7,5,3,7,OPEN_LOOP,16,377,0,0,0,27,27,23,0,0.0,1.962962962962963,160.0,0.0,160.0
446,6,400.0,15,8,3,0.15,400,GOVERNED,0.5,0.9,5,3,6,GOVERNED,0,165,212,4,104,66,65,10,0,0.015151515151515138,1.0,0.0,0.0,0.0
460,7,400.0,15,8,3,0.15,400,OPEN_LOOP,0.5,0.5,5,3,7,OPEN_LOOP,6,389,0,0,0,14,13,11,0,0.0714285714285714,1.0,60.0,0.0,60.0
459,7,400.0,15,8,3,0.15,400,OPEN_LOOP,0.25,1.0,5,3,7,OPEN_LOOP,16,377,0,0,0,27,27,23,0,0.0,1.962962962962963,160.0,0.0,160.0
462,7,400.0,15,8,3,0.15,400,OPEN_LOOP,0.5,0.9,5,3,7,OPEN_LOOP,6,389,0,0,0,14,13,11,0,0.0714285714285714,1.0,60.0,0.0,60.0
438,6,400.0,15,8,3,0.15,400,GOVERNED,0.1,0.9,5,3,6,GOVERNED,10,368,27,4,3,7,6,1,0,0.1428571428571429,1.6666666666666667,100.0,0.0,100.0
465,7,400.0,15,8,3,0.15,400,COLD_RESTART,0.0,0.7,5,3,7,COLD_RESTART,6,400,0,0,0,0,0,0,0,0.0,0.0,60.0,0.0,60.0
463,7,400.0,15,8,3,0.15,400,OPEN_LOOP,0.5,1.0,5,3,7,OPEN_LOOP,6,389,0,0,0,14,13,11,0,0.0714285714285714,1.0,60.0,0.0,60.0
467,7,400.0,15,8,3,0.15,400,COLD_RESTART,0.0,1.0,5,3,7,COLD_RESTART,6,400,0,0,0,0,0,0,0,0.0,0.0,60.0,0.0,60.0
466,7,400.0,15,8,3,0.15,400,COLD_RESTART,0.0,0.9,5,3,7,COLD_RESTART,6,400,0,0,0,0,0,0,0,0.0,0.0,60.0,0.0,60.0
454,7,400.0,15,8,3,0.15,400,OPEN_LOOP,0.1,0.9,5,3,7,OPEN_LOOP,8,396,0,0,0,4,4,4,0,0.0,2.5,80.0,0.0,80.0
468,7,400.0,15,8,3,0.15,400,COLD_RESTART,0.1,0.5,5,3,7,COLD_RESTART,11,354,37,6,4,10,10,2,0,0.0,1.9,110.0,0.0,110.0
469,7,400.0,15,8,3,0.15,400,COLD_RESTART,0.1,0.7,5,3,7,COLD_RESTART,11,354,37,6,4,10,10,2,0,0.0,1.9,110.0,0.0,110.0
470,7,400.0,15,8,3,0.15,400,COLD_RESTART,0.1,0.9,5,3,7,COLD_RESTART,8,358,33,5,4,11,11,2,0,0.0,3.1818181818181817,80.0,0.0,80.0
461,7,400.0,15,8,3,0.15,400,OPEN_LOOP,0.5,0.7,5,3,7,OPEN_LOOP,6,389,0,0,0,14,13,11,0,0.0714285714285714,1.0,60.0,0.0,60.0
471,7,400.0,15,8,3,0.15,400,COLD_RESTART,0.1,1.0,5,3,7,COLD_RESTART,8,358,33,5,4,11,11,2,0,0.0,3.1818181818181817,80.0,0.0,80.0
464,7,400.0,15,8,3,0.15,400,COLD_RESTART,0.0,0.5,5,3,7,COLD_RESTART,6,400,0,0,0,0,0,0,0,0.0,0.0,60.0,0.0,60.0
472,7,400.0,15,8,3,0.15,400,COLD_RESTART,0.25,0.5,5,3,7,COLD_RESTART,3,169,208,21,76,56,56,2,4,0.0,1.9464285714285714,30.0,0.0,30.0
475,7,400.0,15,8,3,0.15,400,COLD_RESTART,0.25,1.0,5,3,7,COLD_RESTART,3,166,208,20,79,51,51,5,4,0.0,1.0392156862745099,30.0,0.0,30.0
482,7,400.0,15,8,3,0.15,400,CLOSED_LOOP,0.0,0.9,5,3,7,CLOSED_LOOP,6,400,0,0,0,0,0,0,0,0.0,0.0,60.0,0.0,60.0
478,7,400.0,15,8,3,0.15,400,COLD_RESTART,0.5,0.9,5,3,7,COLD_RESTART,1,113,268,7,180,85,84,6,0,0.0117647058823529,1.0357142857142858,10.0,0.0,10.0
479,7,400.0,15,8,3,0.15,400,COLD_RESTART,0.5,1.0,5,3,7,COLD_RESTART,2,102,278,7,142,83,82,7,0,0.012048192771084376,1.0,20.0,0.0,20.0
481,7,400.0,15,8,3,0.15,400,CLOSED_LOOP,0.0,0.7,5,3,7,CLOSED_LOOP,6,400,0,0,0,0,0,0,0,0.0,0.0,60.0,0.0,60.0
484,7,400.0,15,8,3,0.15,400,CLOSED_LOOP,0.1,0.5,5,3,7,CLOSED_LOOP,11,354,37,6,4,10,10,2,0,0.0,1.9,110.0,0.0,110.0
485,7,400.0,15,8,3,0.15,400,CLOSED_LOOP,0.1,0.7,5,3,7,CLOSED_LOOP,11,354,37,6,4,10,10,2,0,0.0,1.9,110.0,0.0,110.0
483,7,400.0,15,8,3,0.15,400,CLOSED_LOOP,0.0,1.0,5,3,7,CLOSED_LOOP,6,400,0,0,0,0,0,0,0,0.0,0.0,60.0,0.0,60.0
477,7,400.0,15,8,3,0.15,400,COLD_RESTART,0.5,0.7,5,3,7,COLD_RESTART,1,109,263,16,126,69,69,8,0,0.0,1.0869565217391304,10.0,0.0,10.0
458,7,400.0,15,8,3,0.15,400,OPEN_LOOP,0.25,0.9,5,3,7,OPEN_LOOP,16,377,0,0,0,27,27,23,0,0.0,1.962962962962963,160.0,0.0,160.0
486,7,400.0,15,8,3,0.15,400,CLOSED_LOOP,0.1,0.9,5,3,7,CLOSED_LOOP,8,358,33,5,4,11,11,2,0,0.0,3.1818181818181817,80.0,0.0,80.0
473,7,400.0,15,8,3,0.15,400,COLD_RESTART,0.25,0.7,5,3,7,COLD_RESTART,6,264,118,13,29,33,31,3,0,0.06060606060606055,1.5161290322580645,60.0,0.0,60.0
491,7,400.0,15,8,3,0.15,400,CLOSED_LOOP,0.25,1.0,5,3,7,CLOSED_LOOP,10,254,129,13,31,32,32,4,0,0.0,1.1875,100.0,0.0,100.0
490,7,400.0,15,8,3,0.15,400,CLOSED_LOOP,0.25,0.9,5,3,7,CLOSED_LOOP,9,241,143,11,40,37,37,5,0,0.0,1.3243243243243243,90.0,0.0,90.0
487,7,400.0,15,8,3,0.15,400,CLOSED_LOOP,0.1,1.0,5,3,7,CLOSED_LOOP,8,358,33,5,4,11,11,2,0,0.0,3.1818181818181817,80.0,0.0,80.0
480,7,400.0,15,8,3,0.15,400,CLOSED_LOOP,0.0,0.5,5,3,7,CLOSED_LOOP,6,400,0,0,0,0,0,0,0,0.0,0.0,60.0,0.0,60.0
488,7,400.0,15,8,3,0.15,400,CLOSED_LOOP,0.25,0.5,5,3,7,CLOSED_LOOP,6,316,74,8,24,20,20,2,0,0.0,1.05,60.0,0.0,60.0
496,7,400.0,15,8,3,0.15,400,GOVERNED,0.0,0.5,5,3,7,GOVERNED,6,400,0,0,0,0,0,0,0,0.0,0.0,60.0,0.0,60.0
497,7,400.0,15,8,3,0.15,400,GOVERNED,0.0,0.7,5,3,7,GOVERNED,6,400,0,0,0,0,0,0,0,0.0,0.0,60.0,0.0,60.0
498,7,400.0,15,8,3,0.15,400,GOVERNED,0.0,0.9,5,3,7,GOVERNED,6,400,0,0,0,0,0,0,0,0.0,0.0,60.0,0.0,60.0
499,7,400.0,15,8,3,0.15,400,GOVERNED,0.0,1.0,5,3,7,GOVERNED,6,400,0,0,0,0,0,0,0,0.0,0.0,60.0,0.0,60.0
500,7,400.0,15,8,3,0.15,400,GOVERNED,0.1,0.5,5,3,7,GOVERNED,11,354,37,6,4,10,10,2,0,0.0,1.9,110.0,0.0,110.0
501,7,400.0,15,8,3,0.15,400,GOVERNED,0.1,0.7,5,3,7,GOVERNED,11,354,37,6,4,10,10,2,0,0.0,1.9,110.0,0.0,110.0
474,7,400.0,15,8,3,0.15,400,COLD_RESTART,0.25,0.9,5,3,7,COLD_RESTART,9,204,175,14,61,45,45,6,3,0.0,1.0888888888888888,90.0,0.0,90.0
502,7,400.0,15,8,3,0.15,400,GOVERNED,0.1,0.9,5,3,7,GOVERNED,8,358,33,5,4,11,11,2,0,0.0,3.1818181818181817,80.0,0.0,80.0
476,7,400.0,15,8,3,0.15,400,COLD_RESTART,0.5,0.5,5,3,7,COLD_RESTART,0,60,317,18,219,76,75,3,3,0.013157894736842146,1.3733333333333333,0.0,0.0,0.0
494,7,400.0,15,8,3,0.15,400,CLOSED_LOOP,0.5,0.9,5,3,7,CLOSED_LOOP,1,113,268,7,180,85,84,6,0,0.0117647058823529,1.0357142857142858,10.0,0.0,10.0
504,7,400.0,15,8,3,0.15,400,GOVERNED,0.25,0.5,5,3,7,GOVERNED,6,316,74,8,24,20,20,2,0,0.0,1.05,60.0,0.0,60.0
493,7,400.0,15,8,3,0.15,400,CLOSED_LOOP,0.5,0.7,5,3,7,CLOSED_LOOP,1,109,263,16,126,69,69,8,0,0.0,1.0869565217391304,10.0,0.0,10.0
505,7,400.0,15,8,3,0.15,400,GOVERNED,0.25,0.7,5,3,7,GOVERNED,6,264,118,13,29,33,31,3,0,0.06060606060606055,1.5161290322580645,60.0,0.0,60.0
503,7,400.0,15,8,3,0.15,400,GOVERNED,0.1,1.0,5,3,7,GOVERNED,8,358,33,5,4,11,11,2,0,0.0,3.1818181818181817,80.0,0.0,80.0
506,7,400.0,15,8,3,0.15,400,GOVERNED,0.25,0.9,5,3,7,GOVERNED,9,241,143,11,40,37,37,5,0,0.0,1.3243243243243243,90.0,0.0,90.0
507,7,400.0,15,8,3,0.15,400,GOVERNED,0.25,1.0,5,3,7,GOVERNED,10,254,129,13,31,32,32,4,0,0.0,1.1875,100.0,0.0,100.0
492,7,400.0,15,8,3,0.15,400,CLOSED_LOOP,0.5,0.5,5,3,7,CLOSED_LOOP,0,26,348,22,232,86,86,2,0,0.0,1.0,0.0,0.0,0.0
512,8,400.0,15,8,3,0.15,400,OPEN_LOOP,0.0,0.5,5,3,8,OPEN_LOOP,8,400,0,0,0,0,0,0,0,0.0,0.0,80.0,0.0,80.0
510,7,400.0,15,8,3,0.15,400,GOVERNED,0.5,0.9,5,3,7,GOVERNED,1,113,268,7,180,85,84,6,0,0.0117647058823529,1.0357142857142858,10.0,0.0,10.0
516,8,400.0,15,8,3,0.15,400,OPEN_LOOP,0.1,0.5,5,3,8,OPEN_LOOP,5,398,0,0,0,2,2,2,0,0.0,1.0,50.0,0.0,50.0
515,8,400.0,15,8,3,0.15,400,OPEN_LOOP,0.0,1.0,5,3,8,OPEN_LOOP,8,400,0,0,0,0,0,0,0,0.0,0.0,80.0,0.0,80.0
509,7,400.0,15,8,3,0.15,400,GOVERNED,0.5,0.7,5,3,7,GOVERNED,1,109,263,16,126,69,69,8,0,0.0,1.0869565217391304,10.0,0.0,10.0
514,8,400.0,15,8,3,0.15,400,OPEN_LOOP,0.0,0.9,5,3,8,OPEN_LOOP,8,400,0,0,0,0,0,0,0,0.0,0.0,80.0,0.0,80.0
518,8,400.0,15,8,3,0.15,400,OPEN_LOOP,0.1,0.9,5,3,8,OPEN_LOOP,5,398,0,0,0,2,2,2,0,0.0,1.0,50.0,0.0,50.0
511,7,400.0,15,8,3,0.15,400,GOVERNED,0.5,1.0,5,3,7,GOVERNED,2,102,278,7,142,83,82,7,0,0.012048192771084376,1.0,20.0,0.0,20.0
513,8,400.0,15,8,3,0.15,400,OPEN_LOOP,0.0,0.7,5,3,8,OPEN_LOOP,8,400,0,0,0,0,0,0,0,0.0,0.0,80.0,0.0,80.0
489,7,400.0,15,8,3,0.15,400,CLOSED_LOOP,0.25,0.7,5,3,7,CLOSED_LOOP,6,264,118,13,29,33,31,3,0,0.06060606060606055,1.5161290322580645,60.0,0.0,60.0
517,8,400.0,15,8,3,0.15,400,OPEN_LOOP,0.1,0.7,5,3,8,OPEN_LOOP,5,398,0,0,0,2,2,2,0,0.0,1.0,50.0,0.0,50.0
522,8,400.0,15,8,3,0.15,400,OPEN_LOOP,0.25,0.9,5,3,8,OPEN_LOOP,13,384,0,0,0,19,18,16,0,0.052631578947368474,3.0555555555555554,130.0,0.0,130.0
495,7,400.0,15,8,3,0.15,400,CLOSED_LOOP,0.5,1.0,5,3,7,CLOSED_LOOP,2,102,278,7,142,83,82,7,0,0.012048192771084376,1.0,20.0,0.0,20.0
508,7,400.0,15,8,3,0.15,400,GOVERNED,0.5,0.5,5,3,7,GOVERNED,0,26,348,22,232,86,86,2,0,0.0,1.0,0.0,0.0,0.0
523,8,400.0,15,8,3,0.15,400,OPEN_LOOP,0.25,1.0,5,3,8,OPEN_LOOP,13,384,0,0,0,19,18,16,0,0.052631578947368474,3.0555555555555554,130.0,0.0,130.0
525,8,400.0,15,8,3,0.15,400,OPEN_LOOP,0.5,0.7,5,3,8,OPEN_LOOP,9,375,0,0,0,30,29,25,0,0.033333333333333326,1.0,90.0,0.0,90.0
524,8,400.0,15,8,3,0.15,400,OPEN_LOOP,0.5,0.5,5,3,8,OPEN_LOOP,9,375,0,0,0,30,29,25,0,0.033333333333333326,1.0,90.0,0.0,90.0
526,8,400.0,15,8,3,0.15,400,OPEN_LOOP,0.5,0.9,5,3,8,OPEN_LOOP,9,375,0,0,0,30,29,25,0,0.033333333333333326,1.0,90.0,0.0,90.0
527,8,400.0,15,8,3,0.15,400,OPEN_LOOP,0.5,1.0,5,3,8,OPEN_LOOP,9,375,0,0,0,30,29,25,0,0.033333333333333326,1.0,90.0,0.0,90.0
521,8,400.0,15,8,3,0.15,400,OPEN_LOOP,0.25,0.7,5,3,8,OPEN_LOOP,13,384,0,0,0,19,18,16,0,0.052631578947368474,3.0555555555555554,130.0,0.0,130.0
520,8,400.0,15,8,3,0.15,400,OPEN_LOOP,0.25,0.5,5,3,8,OPEN_LOOP,13,384,0,0,0,19,18,16,0,0.052631578947368474,3.0555555555555554,130.0,0.0,130.0
529,8,400.0,15,8,3,0.15,400,COLD_RESTART,0.0,0.7,5,3,8,COLD_RESTART,8,400,0,0,0,0,0,0,0,0.0,0.0,80.0,0.0,80.0
533,8,400.0,15,8,3,0.15,400,COLD_RESTART,0.1,0.7,5,3,8,COLD_RESTART,3,379,16,2,3,5,5,2,0,0.0,1.0,30.0,0.0,30.0
530,8,400.0,15,8,3,0.15,400,COLD_RESTART,0.0,0.9,5,3,8,COLD_RESTART,8,400,0,0,0,0,0,0,0,0.0,0.0,80.0,0.0,80.0
535,8,400.0,15,8,3,0.15,400,COLD_RESTART,0.1,1.0,5,3,8,COLD_RESTART,4,375,20,3,2,5,5,1,0,0.0,1.0,40.0,0.0,40.0
532,8,400.0,15,8,3,0.15,400,COLD_RESTART,0.1,0.5,5,3,8,COLD_RESTART,3,379,16,2,3,5,5,2,0,0.0,1.0,30.0,0.0,30.0
534,8,400.0,15,8,3,0.15,400,COLD_RESTART,0.1,0.9,5,3,8,COLD_RESTART,3,379,16,2,3,5,5,2,0,0.0,1.0,30.0,0.0,30.0
536,8,400.0,15,8,3,0.15,400,COLD_RESTART,0.25,0.5,5,3,8,COLD_RESTART,2,320,70,6,19,20,20,2,0,0.0,1.1,20.0,0.0,20.0
539,8,400.0,15,8,3,0.15,400,COLD_RESTART,0.25,1.0,5,3,8,COLD_RESTART,3,382,15,1,4,5,5,1,0,0.0,1.0,30.0,0.0,30.0
531,8,400.0,15,8,3,0.15,400,COLD_RESTART,0.0,1.0,5,3,8,COLD_RESTART,8,400,0,0,0,0,0,0,0,0.0,0.0,80.0,0.0,80.0
528,8,400.0,15,8,3,0.15,400,COLD_RESTART,0.0,0.5,5,3,8,COLD_RESTART,8,400,0,0,0,0,0,0,0,0.0,0.0,80.0,0.0,80.0
545,8,400.0,15,8,3,0.15,400,CLOSED_LOOP,0.0,0.7,5,3,8,CLOSED_LOOP,8,400,0,0,0,0,0,0,0,0.0,0.0,80.0,0.0,80.0
519,8,400.0,15,8,3,0.15,400,OPEN_LOOP,0.1,1.0,5,3,8,OPEN_LOOP,5,398,0,0,0,2,2,2,0,0.0,1.0,50.0,0.0,50.0
547,8,400.0,15,8,3,0.15,400,CLOSED_LOOP,0.0,1.0,5,3,8,CLOSED_LOOP,8,400,0,0,0,0,0,0,0,0.0,0.0,80.0,0.0,80.0
538,8,400.0,15,8,3,0.15,400,COLD_RESTART,0.25,0.9,5,3,8,COLD_RESTART,3,382,15,1,4,5,5,1,0,0.0,1.0,30.0,0.0,30.0
540,8,400.0,15,8,3,0.15,400,COLD_RESTART,0.5,0.5,5,3,8,COLD_RESTART,1,182,190,4,138,66,66,16,0,0.0,1.0606060606060606,10.0,0.0,10.0
544,8,400.0,15,8,3,0.15,400,CLOSED_LOOP,0.0,0.5,5,3,8,CLOSED_LOOP,8,400,0,0,0,0,0,0,0,0.0,0.0,80.0,0.0,80.0
549,8,400.0,15,8,3,0.15,400,CLOSED_LOOP,0.1,0.7,5,3,8,CLOSED_LOOP,3,379,16,2,3,5,5,2,0,0.0,1.0,30.0,0.0,30.0
548,8,400.0,15,8,3,0.15,400,CLOSED_LOOP,0.1,0.5,5,3,8,CLOSED_LOOP,3,379,16,2,3,5,5,2,0,0.0,1.0,30.0,0.0,30.0
537,8,400.0,15,8,3,0.15,400,COLD_RESTART,0.25,0.7,5,3,8,COLD_RESTART,3,158,216,20,61,58,58,4,4,0.0,1.2758620689655173,30.0,0.0,30.0
542,8,400.0,15,8,3,0.15,400,COLD_RESTART,0.5,0.9,5,3,8,COLD_RESTART,0,132,239,12,139,68,68,9,2,0.0,1.0735294117647058,0.0,0.0,0.0
550,8,400.0,15,8,3,0.15,400,CLOSED_LOOP,0.1,0.9,5,3,8,CLOSED_LOOP,3,379,16,2,3,5,5,2,0,0.0,1.0,30.0,0.0,30.0
541,8,400.0,15,8,3,0.15,400,COLD_RESTART,0.5,0.7,5,3,8,COLD_RESTART,3,159,213,17,123,62,59,6,0,0.048387096774193505,1.1016949152542372,30.0,0.0,30.0
546,8,400.0,15,8,3,0.15,400,CLOSED_LOOP,0.0,0.9,5,3,8,CLOSED_LOOP,8,400,0,0,0,0,0,0,0,0.0,0.0,80.0,0.0,80.0
551,8,400.0,15,8,3,0.15,400,CLOSED_LOOP,0.1,1.0,5,3,8,CLOSED_LOOP,4,375,20,3,2,5,5,1,0,0.0,1.0,40.0,0.0,40.0
555,8,400.0,15,8,3,0.15,400,CLOSED_LOOP,0.25,1.0,5,3,8,CLOSED_LOOP,3,382,15,1,4,5,5,1,0,0.0,1.0,30.0,0.0,30.0
553,8,400.0,15,8,3,0.15,400,CLOSED_LOOP,0.25,0.7,5,3,8,CLOSED_LOOP,5,227,154,16,38,41,41,2,0,0.0,1.170731707317073,50.0,0.0,50.0
554,8,400.0,15,8,3,0.15,400,CLOSED_LOOP,0.25,0.9,5,3,8,CLOSED_LOOP,3,382,15,1,4,5,5,1,0,0.0,1.0,30.0,0.0,30.0
552,8,400.0,15,8,3,0.15,400,CLOSED_LOOP,0.25,0.5,5,3,8,CLOSED_LOOP,2,320,70,6,19,20,20,2,0,0.0,1.1,20.0,0.0,20.0
563,8,400.0,15,8,3,0.15,400,GOVERNED,0.0,1.0,5,3,8,GOVERNED,8,400,0,0,0,0,0,0,0,0.0,0.0,80.0,0.0,80.0
562,8,400.0,15,8,3,0.15,400,GOVERNED,0.0,0.9,5,3,8,GOVERNED,8,400,0,0,0,0,0,0,0,0.0,0.0,80.0,0.0,80.0
564,8,400.0,15,8,3,0.15,400,GOVERNED,0.1,0.5,5,3,8,GOVERNED,3,379,16,2,3,5,5,2,0,0.0,1.0,30.0,0.0,30.0
560,8,400.0,15,8,3,0.15,400,GOVERNED,0.0,0.5,5,3,8,GOVERNED,8,400,0,0,0,0,0,0,0,0.0,0.0,80.0,0.0,80.0
558,8,400.0,15,8,3,0.15,400,CLOSED_LOOP,0.5,0.9,5,3,8,CLOSED_LOOP,2,151,219,7,109,69,69,13,0,0.0,1.0869565217391304,20.0,0.0,20.0
565,8,400.0,15,8,3,0.15,400,GOVERNED,0.1,0.7,5,3,8,GOVERNED,3,379,16,2,3,5,5,2,0,0.0,1.0,30.0,0.0,30.0
556,8,400.0,15,8,3,0.15,400,CLOSED_LOOP,0.5,0.5,5,3,8,CLOSED_LOOP,1,182,190,4,138,66,66,16,0,0.0,1.0606060606060606,10.0,0.0,10.0
566,8,400.0,15,8,3,0.15,400,GOVERNED,0.1,0.9,5,3,8,GOVERNED,3,379,16,2,3,5,5,2,0,0.0,1.0,30.0,0.0,30.0
561,8,400.0,15,8,3,0.15,400,GOVERNED,0.0,0.7,5,3,8,GOVERNED,8,400,0,0,0,0,0,0,0,0.0,0.0,80.0,0.0,80.0
567,8,400.0,15,8,3,0.15,400,GOVERNED,0.1,1.0,5,3,8,GOVERNED,4,375,20,3,2,5,5,1,0,0.0,1.0,40.0,0.0,40.0
571,8,400.0,15,8,3,0.15,400,GOVERNED,0.25,1.0,5,3,8,GOVERNED,3,382,15,1,4,5,5,1,0,0.0,1.0,30.0,0.0,30.0
570,8,400.0,15,8,3,0.15,400,GOVERNED,0.25,0.9,5,3,8,GOVERNED,3,382,15,1,4,5,5,1,0,0.0,1.0,30.0,0.0,30.0
576,9,400.0,15,8,3,0.15,400,OPEN_LOOP,0.0,0.5,5,3,9,OPEN_LOOP,10,400,0,0,0,0,0,0,0,0.0,0.0,100.0,0.0,100.0
557,8,400.0,15,8,3,0.15,400,CLOSED_LOOP,0.5,0.7,5,3,8,CLOSED_LOOP,3,159,213,17,123,62,59,6,0,0.048387096774193505,1.1016949152542372,30.0,0.0,30.0
559,8,400.0,15,8,3,0.15,400,CLOSED_LOOP,0.5,1.0,5,3,8,CLOSED_LOOP,0,127,249,7,165,72,72,9,0,0.0,1.0277777777777777,0.0,0.0,0.0
568,8,400.0,15,8,3,0.15,400,GOVERNED,0.25,0.5,5,3,8,GOVERNED,2,320,70,6,19,20,20,2,0,0.0,1.1,20.0,0.0,20.0
572,8,400.0,15,8,3,0.15,400,GOVERNED,0.5,0.5,5,3,8,GOVERNED,1,182,190,4,138,66,66,16,0,0.0,1.0606060606060606,10.0,0.0,10.0
575,8,400.0,15,8,3,0.15,400,GOVERNED,0.5,1.0,5,3,8,GOVERNED,0,127,249,7,165,72,72,9,0,0.0,1.0277777777777777,0.0,0.0,0.0
574,8,400.0,15,8,3,0.15,400,GOVERNED,0.5,0.9,5,3,8,GOVERNED,2,151,219,7,109,69,69,13,0,0.0,1.0869565217391304,20.0,0.0,20.0
578,9,400.0,15,8,3,0.15,400,OPEN_LOOP,0.0,0.9,5,3,9,OPEN_LOOP,10,400,0,0,0,0,0,0,0,0.0,0.0,100.0,0.0,100.0
577,9,400.0,15,8,3,0.15,400,OPEN_LOOP,0.0,0.7,5,3,9,OPEN_LOOP,10,400,0,0,0,0,0,0,0,0.0,0.0,100.0,0.0,100.0
579,9,400.0,15,8,3,0.15,400,OPEN_LOOP,0.0,1.0,5,3,9,OPEN_LOOP,10,400,0,0,0,0,0,0,0,0.0,0.0,100.0,0.0,100.0
543,8,400.0,15,8,3,0.15,400,COLD_RESTART,0.5,1.0,5,3,8,COLD_RESTART,0,127,249,7,165,72,72,9,0,0.0,1.0277777777777777,0.0,0.0,0.0
580,9,400.0,15,8,3,0.15,400,OPEN_LOOP,0.1,0.5,5,3,9,OPEN_LOOP,17,386,0,0,0,17,15,14,0,0.11764705882352944,4.266666666666667,170.0,0.0,170.0
569,8,400.0,15,8,3,0.15,400,GOVERNED,0.25,0.7,5,3,8,GOVERNED,5,227,154,16,38,41,41,2,0,0.0,1.170731707317073,50.0,0.0,50.0
584,9,400.0,15,8,3,0.15,400,OPEN_LOOP,0.25,0.5,5,3,9,OPEN_LOOP,11,394,0,0,0,8,8,6,0,0.0,2.875,110.0,0.0,110.0
581,9,400.0,15,8,3,0.15,400,OPEN_LOOP,0.1,0.7,5,3,9,OPEN_LOOP,17,386,0,0,0,17,15,14,0,0.11764705882352944,4.266666666666667,170.0,0.0,170.0
586,9,400.0,15,8,3,0.15,400,OPEN_LOOP,0.25,0.9,5,3,9,OPEN_LOOP,11,394,0,0,0,8,8,6,0,0.0,2.875,110.0,0.0,110.0
588,9,400.0,15,8,3,0.15,400,OPEN_LOOP,0.5,0.5,5,3,9,OPEN_LOOP,11,378,0,0,0,27,26,22,0,0.03703703703703709,1.8846153846153846,110.0,0.0,110.0
583,9,400.0,15,8,3,0.15,400,OPEN_LOOP,0.1,1.0,5,3,9,OPEN_LOOP,17,386,0,0,0,17,15,14,0,0.11764705882352944,4.266666666666667,170.0,0.0,170.0
573,8,400.0,15,8,3,0.15,400,GOVERNED,0.5,0.7,5,3,8,GOVERNED,3,159,213,17,123,62,59,6,0,0.048387096774193505,1.1016949152542372,30.0,0.0,30.0
582,9,400.0,15,8,3,0.15,400,OPEN_LOOP,0.1,0.9,5,3,9,OPEN_LOOP,17,386,0,0,0,17,15,14,0,0.11764705882352944,4.266666666666667,170.0,0.0,170.0
585,9,400.0,15,8,3,0.15,400,OPEN_LOOP,0.25,0.7,5,3,9,OPEN_LOOP,11,394,0,0,0,8,8,6,0,0.0,2.875,110.0,0.0,110.0
592,9,400.0,15,8,3,0.15,400,COLD_RESTART,0.0,0.5,5,3,9,COLD_RESTART,10,400,0,0,0,0,0,0,0,0.0,0.0,100.0,0.0,100.0
593,9,400.0,15,8,3,0.15,400,COLD_RESTART,0.0,0.7,5,3,9,COLD_RESTART,10,400,0,0,0,0,0,0,0,0.0,0.0,100.0,0.0,100.0
594,9,400.0,15,8,3,0.15,400,COLD_RESTART,0.0,0.9,5,3,9,COLD_RESTART,10,400,0,0,0,0,0,0,0,0.0,0.0,100.0,0.0,100.0
591,9,400.0,15,8,3,0.15,400,OPEN_LOOP,0.5,1.0,5,3,9,OPEN_LOOP,11,378,0,0,0,27,26,22,0,0.03703703703703709,1.8846153846153846,110.0,0.0,110.0
589,9,400.0,15,8,3,0.15,400,OPEN_LOOP,0.5,0.7,5,3,9,OPEN_LOOP,11,378,0,0,0,27,26,22,0,0.03703703703703709,1.8846153846153846,110.0,0.0,110.0
587,9,400.0,15,8,3,0.15,400,OPEN_LOOP,0.25,1.0,5,3,9,OPEN_LOOP,11,394,0,0,0,8,8,6,0,0.0,2.875,110.0,0.0,110.0
595,9,400.0,15,8,3,0.15,400,COLD_RESTART,0.0,1.0,5,3,9,COLD_RESTART,10,400,0,0,0,0,0,0,0,0.0,0.0,100.0,0.0,100.0
599,9,400.0,15,8,3,0.15,400,COLD_RESTART,0.1,1.0,5,3,9,COLD_RESTART,4,330,56,11,4,12,12,2,7,0.0,2.3333333333333335,40.0,0.0,40.0
590,9,400.0,15,8,3,0.15,400,OPEN_LOOP,0.5,0.9,5,3,9,OPEN_LOOP,11,378,0,0,0,27,26,22,0,0.03703703703703709,1.8846153846153846,110.0,0.0,110.0
600,9,400.0,15,8,3,0.15,400,COLD_RESTART,0.25,0.5,5,3,9,COLD_RESTART,3,245,136,15,37,37,33,3,3,0.10810810810810811,1.2121212121212122,30.0,0.0,30.0
602,9,400.0,15,8,3,0.15,400,COLD_RESTART,0.25,0.9,5,3,9,COLD_RESTART,5,169,206,23,61,50,47,2,5,0.06000000000000005,1.3617021276595744,50.0,0.0,50.0
598,9,400.0,15,8,3,0.15,400,COLD_RESTART,0.1,0.9,5,3,9,COLD_RESTART,4,330,56,11,4,12,12,2,7,0.0,2.3333333333333335,40.0,0.0,40.0
601,9,400.0,15,8,3,0.15,400,COLD_RESTART,0.25,0.7,5,3,9,COLD_RESTART,2,155,212,27,63,51,50,3,5,0.019607843137254943,1.46,20.0,0.0,20.0
608,9,400.0,15,8,3,0.15,400,CLOSED_LOOP,0.0,0.5,5,3,9,CLOSED_LOOP,10,400,0,0,0,0,0,0,0,0.0,0.0,100.0,0.0,100.0
597,9,400.0,15,8,3,0.15,400,COLD_RESTART,0.1,0.7,5,3,9,COLD_RESTART,6,293,86,17,6,19,18,3,9,0.052631578947368474,2.611111111111111,60.0,0.0,60.0
609,9,400.0,15,8,3,0.15,400,CLOSED_LOOP,0.0,0.7,5,3,9,CLOSED_LOOP,10,400,0,0,0,0,0,0,0,0.0,0.0,100.0,0.0,100.0
596,9,400.0,15,8,3,0.15,400,COLD_RESTART,0.1,0.5,5,3,9,COLD_RESTART,3,286,92,18,7,21,20,2,9,0.04761904761904767,3.1,30.0,0.0,30.0
607,9,400.0,15,8,3,0.15,400,COLD_RESTART,0.5,1.0,5,3,9,COLD_RESTART,1,186,190,7,98,56,56,10,0,0.0,1.1964285714285714,10.0,0.0,10.0
604,9,400.0,15,8,3,0.15,400,COLD_RESTART,0.5,0.5,5,3,9,COLD_RESTART,1,237,147,9,80,38,38,5,0,0.0,1.105263157894737,10.0,0.0,10.0
612,9,400.0,15,8,3,0.15,400,CLOSED_LOOP,0.1,0.5,5,3,9,CLOSED_LOOP,6,364,28,5,6,7,7,2,0,0.0,2.5714285714285716,60.0,0.0,60.0
606,9,400.0,15,8,3,0.15,400,COLD_RESTART,0.5,0.9,5,3,9,COLD_RESTART,2,213,170,14,90,42,42,3,1,0.0,1.0,20.0,0.0,20.0
610,9,400.0,15,8,3,0.15,400,CLOSED_LOOP,0.0,0.9,5,3,9,CLOSED_LOOP,10,400,0,0,0,0,0,0,0,0.0,0.0,100.0,0.0,100.0
614,9,400.0,15,8,3,0.15,400,CLOSED_LOOP,0.1,0.9,5,3,9,CLOSED_LOOP,7,372,21,4,3,6,6,2,0,0.0,4.0,70.0,0.0,70.0
611,9,400.0,15,8,3,0.15,400,CLOSED_LOOP,0.0,1.0,5,3,9,CLOSED_LOOP,10,400,0,0,0,0,0,0,0,0.0,0.0,100.0,0.0,100.0
603,9,400.0,15,8,3,0.15,400,COLD_RESTART,0.25,1.0,5,3,9,COLD_RESTART,2,150,226,21,70,56,56,3,5,0.0,1.0357142857142858,20.0,0.0,20.0
613,9,400.0,15,8,3,0.15,400,CLOSED_LOOP,0.1,0.7,5,3,9,CLOSED_LOOP,7,372,21,4,3,6,6,2,0,0.0,4.0,70.0,0.0,70.0
615,9,400.0,15,8,3,0.15,400,CLOSED_LOOP,0.1,1.0,5,3,9,CLOSED_LOOP,7,372,21,4,3,6,6,2,0,0.0,4.0,70.0,0.0,70.0
619,9,400.0,15,8,3,0.15,400,CLOSED_LOOP,0.25,1.0,5,3,9,CLOSED_LOOP,7,300,89,7,27,27,27,2,0,0.0,1.4074074074074074,70.0,0.0,70.0
617,9,400.0,15,8,3,0.15,400,CLOSED_LOOP,0.25,0.7,5,3,9,CLOSED_LOOP,5,257,121,14,40,33,32,5,0,0.030303030303030276,1.375,50.0,0.0,50.0
624,9,400.0,15,8,3,0.15,400,GOVERNED,0.0,0.5,5,3,9,GOVERNED,10,400,0,0,0,0,0,0,0,0.0,0.0,100.0,0.0,100.0
616,9,400.0,15,8,3,0.15,400,CLOSED_LOOP,0.25,0.5,5,3,9,CLOSED_LOOP,6,244,138,16,47,37,34,2,0,0.08108108108108103,1.3823529411764706,60.0,0.0,60.0
620,9,400.0,15,8,3,0.15,400,CLOSED_LOOP,0.5,0.5,5,3,9,CLOSED_LOOP,1,237,147,9,80,38,38,5,0,0.0,1.105263157894737,10.0,0.0,10.0
626,9,400.0,15,8,3,0.15,400,GOVERNED,0.0,0.9,5,3,9,GOVERNED,10,400,0,0,0,0,0,0,0,0.0,0.0,100.0,0.0,100.0
625,9,400.0,15,8,3,0.15,400,GOVERNED,0.0,0.7,5,3,9,GOVERNED,10,400,0,0,0,0,0,0,0,0.0,0.0,100.0,0.0,100.0
627,9,400.0,15,8,3,0.15,400,GOVERNED,0.0,1.0,5,3,9,GOVERNED,10,400,0,0,0,0,0,0,0,0.0,0.0,100.0,0.0,100.0
618,9,400.0,15,8,3,0.15,400,CLOSED_LOOP,0.25,0.9,5,3,9,CLOSED_LOOP,9,222,158,19,38,38,38,1,0,0.0,1.763157894736842,90.0,0.0,90.0
623,9,400.0,15,8,3,0.15,400,CLOSED_LOOP,0.5,1.0,5,3,9,CLOSED_LOOP,1,186,190,7,98,56,56,10,0,0.0,1.1964285714285714,10.0,0.0,10.0
628,9,400.0,15,8,3,0.15,400,GOVERNED,0.1,0.5,5,3,9,GOVERNED,6,364,28,5,6,7,7,2,0,0.0,2.5714285714285716,60.0,0.0,60.0
622,9,400.0,15,8,3,0.15,400,CLOSED_LOOP,0.5,0.9,5,3,9,CLOSED_LOOP,1,269,116,4,79,34,34,6,0,0.0,1.1470588235294117,10.0,0.0,10.0
631,9,400.0,15,8,3,0.15,400,GOVERNED,0.1,1.0,5,3,9,GOVERNED,7,372,21,4,3,6,6,2,0,0.0,4.0,70.0,0.0,70.0
621,9,400.0,15,8,3,0.15,400,CLOSED_LOOP,0.5,0.7,5,3,9,CLOSED_LOOP,0,57,326,12,273,81,80,3,0,0.012345679012345734,1.075,0.0,0.0,0.0
630,9,400.0,15,8,3,0.15,400,GOVERNED,0.1,0.9,5,3,9,GOVERNED,7,372,21,4,3,6,6,2,0,0.0,4.0,70.0,0.0,70.0
635,9,400.0,15,8,3,0.15,400,GOVERNED,0.25,1.0,5,3,9,GOVERNED,7,300,89,7,27,27,27,2,0,0.0,1.4074074074074074,70.0,0.0,70.0
632,9,400.0,15,8,3,0.15,400,GOVERNED,0.25,0.5,5,3,9,GOVERNED,6,244,138,16,47,37,34,2,0,0.08108108108108103,1.3823529411764706,60.0,0.0,60.0
629,9,400.0,15,8,3,0.15,400,GOVERNED,0.1,0.7,5,3,9,GOVERNED,7,372,21,4,3,6,6,2,0,0.0,4.0,70.0,0.0,70.0
634,9,400.0,15,8,3,0.15,400,GOVERNED,0.25,0.9,5,3,9,GOVERNED,9,222,158,19,38,38,38,1,0,0.0,1.763157894736842,90.0,0.0,90.0
605,9,400.0,15,8,3,0.15,400,COLD_RESTART,0.5,0.7,5,3,9,COLD_RESTART,0,57,326,12,273,81,80,3,0,0.012345679012345734,1.075,0.0,0.0,0.0
636,9,400.0,15,8,3,0.15,400,GOVERNED,0.5,0.5,5,3,9,GOVERNED,1,237,147,9,80,38,38,5,0,0.0,1.105263157894737,10.0,0.0,10.0
640,10,400.0,15,8,3,0.15,400,OPEN_LOOP,0.0,0.5,5,3,10,OPEN_LOOP,9,400,0,0,0,0,0,0,0,0.0,0.0,90.0,0.0,90.0
642,10,400.0,15,8,3,0.15,400,OPEN_LOOP,0.0,0.9,5,3,10,OPEN_LOOP,9,400,0,0,0,0,0,0,0,0.0,0.0,90.0,0.0,90.0
641,10,400.0,15,8,3,0.15,400,OPEN_LOOP,0.0,0.7,5,3,10,OPEN_LOOP,9,400,0,0,0,0,0,0,0,0.0,0.0,90.0,0.0,90.0
638,9,400.0,15,8,3,0.15,400,GOVERNED,0.5,0.9,5,3,9,GOVERNED,1,269,116,4,79,34,34,6,0,0.0,1.1470588235294117,10.0,0.0,10.0
633,9,400.0,15,8,3,0.15,400,GOVERNED,0.25,0.7,5,3,9,GOVERNED,5,257,121,14,40,33,32,5,0,0.030303030303030276,1.375,50.0,0.0,50.0
643,10,400.0,15,8,3,0.15,400,OPEN_LOOP,0.0,1.0,5,3,10,OPEN_LOOP,9,400,0,0,0,0,0,0,0,0.0,0.0,90.0,0.0,90.0
647,10,400.0,15,8,3,0.15,400,OPEN_LOOP,0.1,1.0,5,3,10,OPEN_LOOP,13,391,0,0,0,9,9,9,0,0.0,3.111111111111111,130.0,0.0,130.0
637,9,400.0,15,8,3,0.15,400,GOVERNED,0.5,0.7,5,3,9,GOVERNED,0,57,326,12,273,81,80,3,0,0.012345679012345734,1.075,0.0,0.0,0.0
644,10,400.0,15,8,3,0.15,400,OPEN_LOOP,0.1,0.5,5,3,10,OPEN_LOOP,13,391,0,0,0,9,9,9,0,0.0,3.111111111111111,130.0,0.0,130.0
639,9,400.0,15,8,3,0.15,400,GOVERNED,0.5,1.0,5,3,9,GOVERNED,1,186,190,7,98,56,56,10,0,0.0,1.1964285714285714,10.0,0.0,10.0
645,10,400.0,15,8,3,0.15,400,OPEN_LOOP,0.1,0.7,5,3,10,OPEN_LOOP,13,391,0,0,0,9,9,9,0,0.0,3.111111111111111,130.0,0.0,130.0
649,10,400.0,15,8,3,0.15,400,OPEN_LOOP,0.25,0.7,5,3,10,OPEN_LOOP,12,379,0,0,0,24,23,21,0,0.04166666666666663,2.869565217391304,120.0,0.0,120.0
648,10,400.0,15,8,3,0.15,400,OPEN_LOOP,0.25,0.5,5,3,10,OPEN_LOOP,12,379,0,0,0,24,23,21,0,0.04166666666666663,2.869565217391304,120.0,0.0,120.0
656,10,400.0,15,8,3,0.15,400,COLD_RESTART,0.0,0.5,5,3,10,COLD_RESTART,9,400,0,0,0,0,0,0,0,0.0,0.0,90.0,0.0,90.0
650,10,400.0,15,8,3,0.15,400,OPEN_LOOP,0.25,0.9,5,3,10,OPEN_LOOP,12,379,0,0,0,24,23,21,0,0.04166666666666663,2.869565217391304,120.0,0.0,120.0
657,10,400.0,15,8,3,0.15,400,COLD_RESTART,0.0,0.7,5,3,10,COLD_RESTART,9,400,0,0,0,0,0,0,0,0.0,0.0,90.0,0.0,90.0
658,10,400.0,15,8,3,0.15,400,COLD_RESTART,0.0,0.9,5,3,10,COLD_RESTART,9,400,0,0,0,0,0,0,0,0.0,0.0,90.0,0.0,90.0
659,10,400.0,15,8,3,0.15,400,COLD_RESTART,0.0,1.0,5,3,10,COLD_RESTART,9,400,0,0,0,0,0,0,0,0.0,0.0,90.0,0.0,90.0
646,10,400.0,15,8,3,0.15,400,OPEN_LOOP,0.1,0.9,5,3,10,OPEN_LOOP,13,391,0,0,0,9,9,9,0,0.0,3.111111111111111,130.0,0.0,130.0
652,10,400.0,15,8,3,0.15,400,OPEN_LOOP,0.5,0.5,5,3,10,OPEN_LOOP,14,362,0,0,0,46,45,38,0,0.021739130434782594,2.4,140.0,0.0,140.0
651,10,400.0,15,8,3,0.15,400,OPEN_LOOP,0.25,1.0,5,3,10,OPEN_LOOP,12,379,0,0,0,24,23,21,0,0.04166666666666663,2.869565217391304,120.0,0.0,120.0
663,10,400.0,15,8,3,0.15,400,COLD_RESTART,0.1,1.0,5,3,10,COLD_RESTART,11,378,16,3,1,3,3,3,0,0.0,9.0,110.0,0.0,110.0
661,10,400.0,15,8,3,0.15,400,COLD_RESTART,0.1,0.7,5,3,10,COLD_RESTART,8,289,90,17,4,22,20,3,5,0.09090909090909094,2.45,80.0,0.0,80.0
653,10,400.0,15,8,3,0.15,400,OPEN_LOOP,0.5,0.7,5,3,10,OPEN_LOOP,14,362,0,0,0,46,45,38,0,0.021739130434782594,2.4,140.0,0.0,140.0
662,10,400.0,15,8,3,0.15,400,COLD_RESTART,0.1,0.9,5,3,10,COLD_RESTART,4,247,129,22,12,29,28,1,10,0.03448275862068961,3.0714285714285716,40.0,0.0,40.0
655,10,400.0,15,8,3,0.15,400,OPEN_LOOP,0.5,1.0,5,3,10,OPEN_LOOP,14,362,0,0,0,46,45,38,0,0.021739130434782594,2.4,140.0,0.0,140.0
665,10,400.0,15,8,3,0.15,400,COLD_RESTART,0.25,0.7,5,3,10,COLD_RESTART,4,228,154,12,67,40,39,4,5,0.025000000000000022,1.0512820512820513,40.0,0.0,40.0
660,10,400.0,15,8,3,0.15,400,COLD_RESTART,0.1,0.5,5,3,10,COLD_RESTART,8,289,90,17,4,22,20,3,5,0.09090909090909094,2.45,80.0,0.0,80.0
654,10,400.0,15,8,3,0.15,400,OPEN_LOOP,0.5,0.9,5,3,10,OPEN_LOOP,14,362,0,0,0,46,45,38,0,0.021739130434782594,2.4,140.0,0.0,140.0
667,10,400.0,15,8,3,0.15,400,COLD_RESTART,0.25,1.0,5,3,10,COLD_RESTART,2,247,133,16,39,31,31,3,6,0.0,1.3225806451612903,20.0,0.0,20.0
668,10,400.0,15,8,3,0.15,400,COLD_RESTART,0.5,0.5,5,3,10,COLD_RESTART,2,225,153,12,71,45,43,6,2,0.0444444444444444,1.0930232558139534,20.0,0.0,20.0
674,10,400.0,15,8,3,0.15,400,CLOSED_LOOP,0.0,0.9,5,3,10,CLOSED_LOOP,9,400,0,0,0,0,0,0,0,0.0,0.0,90.0,0.0,90.0
672,10,400.0,15,8,3,0.15,400,CLOSED_LOOP,0.0,0.5,5,3,10,CLOSED_LOOP,9,400,0,0,0,0,0,0,0,0.0,0.0,90.0,0.0,90.0
675,10,400.0,15,8,3,0.15,400,CLOSED_LOOP,0.0,1.0,5,3,10,CLOSED_LOOP,9,400,0,0,0,0,0,0,0,0.0,0.0,90.0,0.0,90.0
673,10,400.0,15,8,3,0.15,400,CLOSED_LOOP,0.0,0.7,5,3,10,CLOSED_LOOP,9,400,0,0,0,0,0,0,0,0.0,0.0,90.0,0.0,90.0
671,10,400.0,15,8,3,0.15,400,COLD_RESTART,0.5,1.0,5,3,10,COLD_RESTART,1,226,154,11,69,40,40,5,0,0.0,1.175,10.0,0.0,10.0
669,10,400.0,15,8,3,0.15,400,COLD_RESTART,0.5,0.7,5,3,10,COLD_RESTART,1,180,203,13,125,51,51,3,2,0.0,1.1568627450980393,10.0,0.0,10.0
664,10,400.0,15,8,3,0.15,400,COLD_RESTART,0.25,0.5,5,3,10,COLD_RESTART,3,172,201,24,58,49,48,3,3,0.020408163265306145,1.875,30.0,0.0,30.0
678,10,400.0,15,8,3,0.15,400,CLOSED_LOOP,0.1,0.9,5,3,10,CLOSED_LOOP,8,315,69,11,7,19,17,4,0,0.10526315789473684,2.2941176470588234,80.0,0.0,80.0
677,10,400.0,15,8,3,0.15,400,CLOSED_LOOP,0.1,0.7,5,3,10,CLOSED_LOOP,9,310,74,11,8,21,18,3,0,0.1428571428571429,2.111111111111111,90.0,0.0,90.0
676,10,400.0,15,8,3,0.15,400,CLOSED_LOOP,0.1,0.5,5,3,10,CLOSED_LOOP,4,275,104,17,8,24,23,3,0,0.04166666666666663,3.869565217391304,40.0,0.0,40.0
670,10,400.0,15,8,3,0.15,400,COLD_RESTART,0.5,0.9,5,3,10,COLD_RESTART,0,77,303,17,186,75,75,2,0,0.0,1.0,0.0,0.0,0.0
683,10,400.0,15,8,3,0.15,400,CLOSED_LOOP,0.25,1.0,5,3,10,CLOSED_LOOP,6,268,116,11,42,29,29,4,0,0.0,1.1379310344827587,60.0,0.0,60.0
679,10,400.0,15,8,3,0.15,400,CLOSED_LOOP,0.1,1.0,5,3,10,CLOSED_LOOP,11,378,16,3,1,3,3,3,0,0.0,9.0,110.0,0.0,110.0
666,10,400.0,15,8,3,0.15,400,COLD_RESTART,0.25,0.9,5,3,10,COLD_RESTART,4,259,116,15,34,32,31,8,3,0.03125,1.3870967741935485,40.0,0.0,40.0
680,10,400.0,15,8,3,0.15,400,CLOSED_LOOP,0.25,0.5,5,3,10,CLOSED_LOOP,6,243,137,13,27,36,36,5,0,0.0,1.3055555555555556,60.0,0.0,60.0
690,10,400.0,15,8,3,0.15,400,GOVERNED,0.0,0.9,5,3,10,GOVERNED,9,400,0,0,0,0,0,0,0,0.0,0.0,90.0,0.0,90.0
688,10,400.0,15,8,3,0.15,400,GOVERNED,0.0,0.5,5,3,10,GOVERNED,9,400,0,0,0,0,0,0,0,0.0,0.0,90.0,0.0,90.0
685,10,400.0,15,8,3,0.15,400,CLOSED_LOOP,0.5,0.7,5,3,10,CLOSED_LOOP,2,186,196,10,99,55,55,4,0,0.0,1.1090909090909091,20.0,0.0,20.0
689,10,400.0,15,8,3,0.15,400,GOVERNED,0.0,0.7,5,3,10,GOVERNED,9,400,0,0,0,0,0,0,0,0.0,0.0,90.0,0.0,90.0
681,10,400.0,15,8,3,0.15,400,CLOSED_LOOP,0.25,0.7,5,3,10,CLOSED_LOOP,6,251,131,11,54,38,36,5,0,0.052631578947368474,1.2222222222222223,60.0,0.0,60.0
691,10,400.0,15,8,3,0.15,400,GOVERNED,0.0,1.0,5,3,10,GOVERNED,9,400,0,0,0,0,0,0,0,0.0,0.0,90.0,0.0,90.0
684,10,400.0,15,8,3,0.15,400,CLOSED_LOOP,0.5,0.5,5,3,10,CLOSED_LOOP,1,136,241,21,135,58,58,0,0,0.0,1.7586206896551724,10.0,0.0,10.0
682,10,400.0,15,8,3,0.15,400,CLOSED_LOOP,0.25,0.9,5,3,10,CLOSED_LOOP,6,175,201,22,59,52,49,1,0,0.05769230769230771,1.6938775510204083,60.0,0.0,60.0
695,10,400.0,15,8,3,0.15,400,GOVERNED,0.1,1.0,5,3,10,GOVERNED,11,378,16,3,1,3,3,3,0,0.0,9.0,110.0,0.0,110.0
694,10,400.0,15,8,3,0.15,400,GOVERNED,0.1,0.9,5,3,10,GOVERNED,8,315,69,11,7,19,17,4,0,0.10526315789473684,2.2941176470588234,80.0,0.0,80.0
696,10,400.0,15,8,3,0.15,400,GOVERNED,0.25,0.5,5,3,10,GOVERNED,6,243,137,13,27,36,36,5,0,0.0,1.3055555555555556,60.0,0.0,60.0
687,10,400.0,15,8,3,0.15,400,CLOSED_LOOP,0.5,1.0,5,3,10,CLOSED_LOOP,1,226,154,11,69,40,40,5,0,0.0,1.175,10.0,0.0,10.0
693,10,400.0,15,8,3,0.15,400,GOVERNED,0.1,0.7,5,3,10,GOVERNED,9,310,74,11,8,21,18,3,0,0.1428571428571429,2.111111111111111,90.0,0.0,90.0
699,10,400.0,15,8,3,0.15,400,GOVERNED,0.25,1.0,5,3,10,GOVERNED,6,268,116,11,42,29,29,4,0,0.0,1.1379310344827587,60.0,0.0,60.0
697,10,400.0,15,8,3,0.15,400,GOVERNED,0.25,0.7,5,3,10,GOVERNED,6,251,131,11,54,38,36,5,0,0.052631578947368474,1.2222222222222223,60.0,0.0,60.0
705,11,400.0,15,8,3,0.15,400,OPEN_LOOP,0.0,0.7,5,3,11,OPEN_LOOP,7,400,0,0,0,0,0,0,0,0.0,0.0,70.0,0.0,70.0
704,11,400.0,15,8,3,0.15,400,OPEN_LOOP,0.0,0.5,5,3,11,OPEN_LOOP,7,400,0,0,0,0,0,0,0,0.0,0.0,70.0,0.0,70.0
706,11,400.0,15,8,3,0.15,400,OPEN_LOOP,0.0,0.9,5,3,11,OPEN_LOOP,7,400,0,0,0,0,0,0,0,0.0,0.0,70.0,0.0,70.0
703,10,400.0,15,8,3,0.15,400,GOVERNED,0.5,1.0,5,3,10,GOVERNED,1,226,154,11,69,40,40,5,0,0.0,1.175,10.0,0.0,10.0
707,11,400.0,15,8,3,0.15,400,OPEN_LOOP,0.0,1.0,5,3,11,OPEN_LOOP,7,400,0,0,0,0,0,0,0,0.0,0.0,70.0,0.0,70.0
709,11,400.0,15,8,3,0.15,400,OPEN_LOOP,0.1,0.7,5,3,11,OPEN_LOOP,8,396,0,0,0,7,5,4,0,0.2857142857142857,3.4,80.0,0.0,80.0
708,11,400.0,15,8,3,0.15,400,OPEN_LOOP,0.1,0.5,5,3,11,OPEN_LOOP,8,396,0,0,0,7,5,4,0,0.2857142857142857,3.4,80.0,0.0,80.0
686,10,400.0,15,8,3,0.15,400,CLOSED_LOOP,0.5,0.9,5,3,10,CLOSED_LOOP,0,77,303,17,186,75,75,2,0,0.0,1.0,0.0,0.0,0.0
700,10,400.0,15,8,3,0.15,400,GOVERNED,0.5,0.5,5,3,10,GOVERNED,1,136,241,21,135,58,58,0,0,0.0,1.7586206896551724,10.0,0.0,10.0
711,11,400.0,15,8,3,0.15,400,OPEN_LOOP,0.1,1.0,5,3,11,OPEN_LOOP,8,396,0,0,0,7,5,4,0,0.2857142857142857,3.4,80.0,0.0,80.0
714,11,400.0,15,8,3,0.15,400,OPEN_LOOP,0.25,0.9,5,3,11,OPEN_LOOP,3,398,0,0,0,2,2,2,0,0.0,1.0,30.0,0.0,30.0
701,10,400.0,15,8,3,0.15,400,GOVERNED,0.5,0.7,5,3,10,GOVERNED,2,186,196,10,99,55,55,4,0,0.0,1.1090909090909091,20.0,0.0,20.0
715,11,400.0,15,8,3,0.15,400,OPEN_LOOP,0.25,1.0,5,3,11,OPEN_LOOP,3,398,0,0,0,2,2,2,0,0.0,1.0,30.0,0.0,30.0
698,10,400.0,15,8,3,0.15,400,GOVERNED,0.25,0.9,5,3,10,GOVERNED,6,175,201,22,59,52,49,1,0,0.05769230769230771,1.6938775510204083,60.0,0.0,60.0
713,11,400.0,15,8,3,0.15,400,OPEN_LOOP,0.25,0.7,5,3,11,OPEN_LOOP,3,398,0,0,0,2,2,2,0,0.0,1.0,30.0,0.0,30.0
710,11,400.0,15,8,3,0.15,400,OPEN_LOOP,0.1,0.9,5,3,11,OPEN_LOOP,8,396,0,0,0,7,5,4,0,0.2857142857142857,3.4,80.0,0.0,80.0
717,11,400.0,15,8,3,0.15,400,OPEN_LOOP,0.5,0.7,5,3,11,OPEN_LOOP,9,389,0,0,0,15,15,11,0,0.0,1.3333333333333333,90.0,0.0,90.0
720,11,400.0,15,8,3,0.15,400,COLD_RESTART,0.0,0.5,5,3,11,COLD_RESTART,7,400,0,0,0,0,0,0,0,0.0,0.0,70.0,0.0,70.0
721,11,400.0,15,8,3,0.15,400,COLD_RESTART,0.0,0.7,5,3,11,COLD_RESTART,7,400,0,0,0,0,0,0,0,0.0,0.0,70.0,0.0,70.0
719,11,400.0,15,8,3,0.15,400,OPEN_LOOP,0.5,1.0,5,3,11,OPEN_LOOP,9,389,0,0,0,15,15,11,0,0.0,1.3333333333333333,90.0,0.0,90.0
718,11,400.0,15,8,3,0.15,400,OPEN_LOOP,0.5,0.9,5,3,11,OPEN_LOOP,9,389,0,0,0,15,15,11,0,0.0,1.3333333333333333,90.0,0.0,90.0
716,11,400.0,15,8,3,0.15,400,OPEN_LOOP,0.5,0.5,5,3,11,OPEN_LOOP,9,389,0,0,0,15,15,11,0,0.0,1.3333333333333333,90.0,0.0,90.0
712,11,400.0,15,8,3,0.15,400,OPEN_LOOP,0.25,0.5,5,3,11,OPEN_LOOP,3,398,0,0,0,2,2,2,0,0.0,1.0,30.0,0.0,30.0
725,11,400.0,15,8,3,0.15,400,COLD_RESTART,0.1,0.7,5,3,11,COLD_RESTART,7,341,50,8,6,11,11,1,1,0.0,2.272727272727273,70.0,0.0,70.0
702,10,400.0,15,8,3,0.15,400,GOVERNED,0.5,0.9,5,3,10,GOVERNED,0,77,303,17,186,75,75,2,0,0.0,1.0,0.0,0.0,0.0
726,11,400.0,15,8,3,0.15,400,COLD_RESTART,0.1,0.9,5,3,11,COLD_RESTART,7,331,59,8,11,17,17,2,0,0.0,2.4705882352941178,70.0,0.0,70.0
723,11,400.0,15,8,3,0.15,400,COLD_RESTART,0.0,1.0,5,3,11,COLD_RESTART,7,400,0,0,0,0,0,0,0,0.0,0.0,70.0,0.0,70.0
722,11,400.0,15,8,3,0.15,400,COLD_RESTART,0.0,0.9,5,3,11,COLD_RESTART,7,400,0,0,0,0,0,0,0,0.0,0.0,70.0,0.0,70.0
728,11,400.0,15,8,3,0.15,400,COLD_RESTART,0.25,0.5,5,3,11,COLD_RESTART,2,384,13,1,3,6,6,2,0,0.0,2.6666666666666665,20.0,0.0,20.0
724,11,400.0,15,8,3,0.15,400,COLD_RESTART,0.1,0.5,5,3,11,COLD_RESTART,3,373,22,3,5,5,5,1,2,0.0,1.0,30.0,0.0,30.0
731,11,400.0,15,8,3,0.15,400,COLD_RESTART,0.25,1.0,5,3,11,COLD_RESTART,3,359,37,3,18,11,11,1,0,0.0,1.5454545454545454,30.0,0.0,30.0
727,11,400.0,15,8,3,0.15,400,COLD_RESTART,0.1,1.0,5,3,11,COLD_RESTART,9,309,75,13,4,17,16,3,3,0.05882352941176472,3.625,90.0,0.0,90.0
737,11,400.0,15,8,3,0.15,400,CLOSED_LOOP,0.0,0.7,5,3,11,CLOSED_LOOP,7,400,0,0,0,0,0,0,0,0.0,0.0,70.0,0.0,70.0
736,11,400.0,15,8,3,0.15,400,CLOSED_LOOP,0.0,0.5,5,3,11,CLOSED_LOOP,7,400,0,0,0,0,0,0,0,0.0,0.0,70.0,0.0,70.0
739,11,400.0,15,8,3,0.15,400,CLOSED_LOOP,0.0,1.0,5,3,11,CLOSED_LOOP,7,400,0,0,0,0,0,0,0,0.0,0.0,70.0,0.0,70.0
732,11,400.0,15,8,3,0.15,400,COLD_RESTART,0.5,0.5,5,3,11,COLD_RESTART,2,150,224,7,127,72,72,11,0,0.0,1.0138888888888888,20.0,0.0,20.0
735,11,400.0,15,8,3,0.15,400,COLD_RESTART,0.5,1.0,5,3,11,COLD_RESTART,1,168,216,7,133,62,62,5,0,0.0,1.032258064516129,10.0,0.0,10.0
729,11,400.0,15,8,3,0.15,400,COLD_RESTART,0.25,0.7,5,3,11,COLD_RESTART,3,322,70,7,22,18,18,0,1,0.0,2.0555555555555554,30.0,0.0,30.0
734,11,400.0,15,8,3,0.15,400,COLD_RESTART,0.5,0.9,5,3,11,COLD_RESTART,1,79,305,6,146,91,91,7,0,0.0,1.021978021978022,10.0,0.0,10.0
730,11,400.0,15,8,3,0.15,400,COLD_RESTART,0.25,0.9,5,3,11,COLD_RESTART,3,359,37,3,18,11,11,1,0,0.0,1.5454545454545454,30.0,0.0,30.0
738,11,400.0,15,8,3,0.15,400,CLOSED_LOOP,0.0,0.9,5,3,11,CLOSED_LOOP,7,400,0,0,0,0,0,0,0,0.0,0.0,70.0,0.0,70.0
740,11,400.0,15,8,3,0.15,400,CLOSED_LOOP,0.1,0.5,5,3,11,CLOSED_LOOP,3,379,17,3,2,4,4,1,0,0.0,1.0,30.0,0.0,30.0
743,11,400.0,15,8,3,0.15,400,CLOSED_LOOP,0.1,1.0,5,3,11,CLOSED_LOOP,8,290,94,15,14,21,20,1,0,0.04761904761904767,1.85,80.0,0.0,80.0
744,11,400.0,15,8,3,0.15,400,CLOSED_LOOP,0.25,0.5,5,3,11,CLOSED_LOOP,2,384,13,1,3,6,6,2,0,0.0,2.6666666666666665,20.0,0.0,20.0
733,11,400.0,15,8,3,0.15,400,COLD_RESTART,0.5,0.7,5,3,11,COLD_RESTART,0,132,248,10,123,69,69,6,0,0.0,1.0434782608695652,0.0,0.0,0.0
747,11,400.0,15,8,3,0.15,400,CLOSED_LOOP,0.25,1.0,5,3,11,CLOSED_LOOP,3,359,37,3,18,11,11,1,0,0.0,1.5454545454545454,30.0,0.0,30.0
746,11,400.0,15,8,3,0.15,400,CLOSED_LOOP,0.25,0.9,5,3,11,CLOSED_LOOP,3,359,37,3,18,11,11,1,0,0.0,1.5454545454545454,30.0,0.0,30.0
741,11,400.0,15,8,3,0.15,400,CLOSED_LOOP,0.1,0.7,5,3,11,CLOSED_LOOP,8,342,50,8,5,12,12,0,0,0.0,2.75,80.0,0.0,80.0
745,11,400.0,15,8,3,0.15,400,CLOSED_LOOP,0.25,0.7,5,3,11,CLOSED_LOOP,3,318,74,7,25,18,18,0,0,0.0,2.0,30.0,0.0,30.0
742,11,400.0,15,8,3,0.15,400,CLOSED_LOOP,0.1,0.9,5,3,11,CLOSED_LOOP,7,331,59,8,11,17,17,2,0,0.0,2.4705882352941178,70.0,0.0,70.0
752,11,400.0,15,8,3,0.15,400,GOVERNED,0.0,0.5,5,3,11,GOVERNED,7,400,0,0,0,0,0,0,0,0.0,0.0,70.0,0.0,70.0
754,11,400.0,15,8,3,0.15,400,GOVERNED,0.0,0.9,5,3,11,GOVERNED,7,400,0,0,0,0,0,0,0,0.0,0.0,70.0,0.0,70.0
757,11,400.0,15,8,3,0.15,400,GOVERNED,0.1,0.7,5,3,11,GOVERNED,8,342,50,8,5,12,12,0,0,0.0,2.75,80.0,0.0,80.0
749,11,400.0,15,8,3,0.15,400,CLOSED_LOOP,0.5,0.7,5,3,11,CLOSED_LOOP,0,132,248,10,123,69,69,6,0,0.0,1.0434782608695652,0.0,0.0,0.0
753,11,400.0,15,8,3,0.15,400,GOVERNED,0.0,0.7,5,3,11,GOVERNED,7,400,0,0,0,0,0,0,0,0.0,0.0,70.0,0.0,70.0
692,10,400.0,15,8,3,0.15,400,GOVERNED,0.1,0.5,5,3,10,GOVERNED,4,275,104,17,8,24,23,3,0,0.04166666666666663,3.869565217391304,40.0,0.0,40.0
755,11,400.0,15,8,3,0.15,400,GOVERNED,0.0,1.0,5,3,11,GOVERNED,7,400,0,0,0,0,0,0,0,0.0,0.0,70.0,0.0,70.0
756,11,400.0,15,8,3,0.15,400,GOVERNED,0.1,0.5,5,3,11,GOVERNED,3,379,17,3,2,4,4,1,0,0.0,1.0,30.0,0.0,30.0
759,11,400.0,15,8,3,0.15,400,GOVERNED,0.1,1.0,5,3,11,GOVERNED,8,290,94,15,14,21,20,1,0,0.04761904761904767,1.85,80.0,0.0,80.0
748,11,400.0,15,8,3,0.15,400,CLOSED_LOOP,0.5,0.5,5,3,11,CLOSED_LOOP,2,150,224,7,127,72,72,11,0,0.0,1.0138888888888888,20.0,0.0,20.0
760,11,400.0,15,8,3,0.15,400,GOVERNED,0.25,0.5,5,3,11,GOVERNED,2,384,13,1,3,6,6,2,0,0.0,2.6666666666666665,20.0,0.0,20.0
758,11,400.0,15,8,3,0.15,400,GOVERNED,0.1,0.9,5,3,11,GOVERNED,7,331,59,8,11,17,17,2,0,0.0,2.4705882352941178,70.0,0.0,70.0
761,11,400.0,15,8,3,0.15,400,GOVERNED,0.25,0.7,5,3,11,GOVERNED,3,318,74,7,25,18,18,0,0,0.0,2.0,30.0,0.0,30.0
768,12,400.0,15,8,3,0.15,400,OPEN_LOOP,0.0,0.5,5,3,12,OPEN_LOOP,7,400,0,0,0,0,0,0,0,0.0,0.0,70.0,0.0,70.0
762,11,400.0,15,8,3,0.15,400,GOVERNED,0.25,0.9,5,3,11,GOVERNED,3,359,37,3,18,11,11,1,0,0.0,1.5454545454545454,30.0,0.0,30.0
769,12,400.0,15,8,3,0.15,400,OPEN_LOOP,0.0,0.7,5,3,12,OPEN_LOOP,7,400,0,0,0,0,0,0,0,0.0,0.0,70.0,0.0,70.0
751,11,400.0,15,8,3,0.15,400,CLOSED_LOOP,0.5,1.0,5,3,11,CLOSED_LOOP,1,168,216,7,133,62,62,5,0,0.0,1.032258064516129,10.0,0.0,10.0
750,11,400.0,15,8,3,0.15,400,CLOSED_LOOP,0.5,0.9,5,3,11,CLOSED_LOOP,1,79,305,6,146,91,91,7,0,0.0,1.021978021978022,10.0,0.0,10.0
771,12,400.0,15,8,3,0.15,400,OPEN_LOOP,0.0,1.0,5,3,12,OPEN_LOOP,7,400,0,0,0,0,0,0,0,0.0,0.0,70.0,0.0,70.0
772,12,400.0,15,8,3,0.15,400,OPEN_LOOP,0.1,0.5,5,3,12,OPEN_LOOP,7,397,0,0,0,3,3,3,0,0.0,2.0,70.0,0.0,70.0
767,11,400.0,15,8,3,0.15,400,GOVERNED,0.5,1.0,5,3,11,GOVERNED,1,168,216,7,133,62,62,5,0,0.0,1.032258064516129,10.0,0.0,10.0
774,12,400.0,15,8,3,0.15,400,OPEN_LOOP,0.1,0.9,5,3,12,OPEN_LOOP,7,397,0,0,0,3,3,3,0,0.0,2.0,70.0,0.0,70.0
770,12,400.0,15,8,3,0.15,400,OPEN_LOOP,0.0,0.9,5,3,12,OPEN_LOOP,7,400,0,0,0,0,0,0,0,0.0,0.0,70.0,0.0,70.0
765,11,400.0,15,8,3,0.15,400,GOVERNED,0.5,0.7,5,3,11,GOVERNED,0,132,248,10,123,69,69,6,0,0.0,1.0434782608695652,0.0,0.0,0.0
763,11,400.0,15,8,3,0.15,400,GOVERNED,0.25,1.0,5,3,11,GOVERNED,3,359,37,3,18,11,11,1,0,0.0,1.5454545454545454,30.0,0.0,30.0
773,12,400.0,15,8,3,0.15,400,OPEN_LOOP,0.1,0.7,5,3,12,OPEN_LOOP,7,397,0,0,0,3,3,3,0,0.0,2.0,70.0,0.0,70.0
766,11,400.0,15,8,3,0.15,400,GOVERNED,0.5,0.9,5,3,11,GOVERNED,1,79,305,6,146,91,91,7,0,0.0,1.021978021978022,10.0,0.0,10.0
777,12,400.0,15,8,3,0.15,400,OPEN_LOOP,0.25,0.7,5,3,12,OPEN_LOOP,10,388,0,0,0,15,14,12,0,0.06666666666666665,2.0714285714285716,100.0,0.0,100.0
779,12,400.0,15,8,3,0.15,400,OPEN_LOOP,0.25,1.0,5,3,12,OPEN_LOOP,10,388,0,0,0,15,14,12,0,0.06666666666666665,2.0714285714285716,100.0,0.0,100.0
776,12,400.0,15,8,3,0.15,400,OPEN_LOOP,0.25,0.5,5,3,12,OPEN_LOOP,10,388,0,0,0,15,14,12,0,0.06666666666666665,2.0714285714285716,100.0,0.0,100.0
778,12,400.0,15,8,3,0.15,400,OPEN_LOOP,0.25,0.9,5,3,12,OPEN_LOOP,10,388,0,0,0,15,14,12,0,0.06666666666666665,2.0714285714285716,100.0,0.0,100.0
775,12,400.0,15,8,3,0.15,400,OPEN_LOOP,0.1,1.0,5,3,12,OPEN_LOOP,7,397,0,0,0,3,3,3,0,0.0,2.0,70.0,0.0,70.0
780,12,400.0,15,8,3,0.15,400,OPEN_LOOP,0.5,0.5,5,3,12,OPEN_LOOP,11,378,0,0,0,30,27,22,0,0.09999999999999998,2.3703703703703702,110.0,0.0,110.0
783,12,400.0,15,8,3,0.15,400,OPEN_LOOP,0.5,1.0,5,3,12,OPEN_LOOP,11,378,0,0,0,30,27,22,0,0.09999999999999998,2.3703703703703702,110.0,0.0,110.0
786,12,400.0,15,8,3,0.15,400,COLD_RESTART,0.0,0.9,5,3,12,COLD_RESTART,7,400,0,0,0,0,0,0,0,0.0,0.0,70.0,0.0,70.0
787,12,400.0,15,8,3,0.15,400,COLD_RESTART,0.0,1.0,5,3,12,COLD_RESTART,7,400,0,0,0,0,0,0,0,0.0,0.0,70.0,0.0,70.0
781,12,400.0,15,8,3,0.15,400,OPEN_LOOP,0.5,0.7,5,3,12,OPEN_LOOP,11,378,0,0,0,30,27,22,0,0.09999999999999998,2.3703703703703702,110.0,0.0,110.0
788,12,400.0,15,8,3,0.15,400,COLD_RESTART,0.1,0.5,5,3,12,COLD_RESTART,5,366,27,4,6,9,9,3,1,0.0,3.4444444444444446,50.0,0.0,50.0
789,12,400.0,15,8,3,0.15,400,COLD_RESTART,0.1,0.7,5,3,12,COLD_RESTART,6,336,54,8,8,13,13,2,2,0.0,2.8461538461538463,60.0,0.0,60.0
785,12,400.0,15,8,3,0.15,400,COLD_RESTART,0.0,0.7,5,3,12,COLD_RESTART,7,400,0,0,0,0,0,0,0,0.0,0.0,70.0,0.0,70.0
791,12,400.0,15,8,3,0.15,400,COLD_RESTART,0.1,1.0,5,3,12,COLD_RESTART,5,387,10,2,0,2,2,1,0,0.0,2.5,50.0,0.0,50.0
764,11,400.0,15,8,3,0.15,400,GOVERNED,0.5,0.5,5,3,11,GOVERNED,2,150,224,7,127,72,72,11,0,0.0,1.0138888888888888,20.0,0.0,20.0
784,12,400.0,15,8,3,0.15,400,COLD_RESTART,0.0,0.5,5,3,12,COLD_RESTART,7,400,0,0,0,0,0,0,0,0.0,0.0,70.0,0.0,70.0
790,12,400.0,15,8,3,0.15,400,COLD_RESTART,0.1,0.9,5,3,12,COLD_RESTART,5,387,10,2,0,2,2,1,0,0.0,2.5,50.0,0.0,50.0
792,12,400.0,15,8,3,0.15,400,COLD_RESTART,0.25,0.5,5,3,12,COLD_RESTART,5,292,93,10,27,24,23,4,1,0.04166666666666663,1.391304347826087,50.0,0.0,50.0
794,12,400.0,15,8,3,0.15,400,COLD_RESTART,0.25,0.9,5,3,12,COLD_RESTART,2,358,38,4,19,9,9,0,0,0.0,1.0,20.0,0.0,20.0
795,12,400.0,15,8,3,0.15,400,COLD_RESTART,0.25,1.0,5,3,12,COLD_RESTART,6,270,114,11,46,32,31,3,1,0.03125,1.2580645161290323,60.0,0.0,60.0
782,12,400.0,15,8,3,0.15,400,OPEN_LOOP,0.5,0.9,5,3,12,OPEN_LOOP,11,378,0,0,0,30,27,22,0,0.09999999999999998,2.3703703703703702,110.0,0.0,110.0
793,12,400.0,15,8,3,0.15,400,COLD_RESTART,0.25,0.7,5,3,12,COLD_RESTART,3,302,88,10,30,22,20,0,0,0.09090909090909094,1.4,30.0,0.0,30.0
797,12,400.0,15,8,3,0.15,400,COLD_RESTART,0.5,0.7,5,3,12,COLD_RESTART,0,277,105,3,52,34,34,9,0,0.0,1.5,0.0,0.0,0.0
799,12,400.0,15,8,3,0.15,400,COLD_RESTART,0.5,1.0,5,3,12,COLD_RESTART,2,321,67,4,37,18,18,5,0,0.0,1.2777777777777777,20.0,0.0,20.0
796,12,400.0,15,8,3,0.15,400,COLD_RESTART,0.5,0.5,5,3,12,COLD_RESTART,2,287,99,4,55,28,28,6,0,0.0,1.7857142857142858,20.0,0.0,20.0
803,12,400.0,15,8,3,0.15,400,CLOSED_LOOP,0.0,1.0,5,3,12,CLOSED_LOOP,7,400,0,0,0,0,0,0,0,0.0,0.0,70.0,0.0,70.0
806,12,400.0,15,8,3,0.15,400,CLOSED_LOOP,0.1,0.9,5,3,12,CLOSED_LOOP,5,387,10,2,0,2,2,1,0,0.0,2.5,50.0,0.0,50.0
802,12,400.0,15,8,3,0.15,400,CLOSED_LOOP,0.0,0.9,5,3,12,CLOSED_LOOP,7,400,0,0,0,0,0,0,0,0.0,0.0,70.0,0.0,70.0
800,12,400.0,15,8,3,0.15,400,CLOSED_LOOP,0.0,0.5,5,3,12,CLOSED_LOOP,7,400,0,0,0,0,0,0,0,0.0,0.0,70.0,0.0,70.0
805,12,400.0,15,8,3,0.15,400,CLOSED_LOOP,0.1,0.7,5,3,12,CLOSED_LOOP,7,335,56,8,10,14,14,0,0,0.0,1.9285714285714286,70.0,0.0,70.0
798,12,400.0,15,8,3,0.15,400,COLD_RESTART,0.5,0.9,5,3,12,COLD_RESTART,0,182,196,11,94,56,52,7,0,0.0714285714285714,1.1923076923076923,0.0,0.0,0.0
810,12,400.0,15,8,3,0.15,400,CLOSED_LOOP,0.25,0.9,5,3,12,CLOSED_LOOP,2,358,38,4,19,9,9,0,0,0.0,1.0,20.0,0.0,20.0
809,12,400.0,15,8,3,0.15,400,CLOSED_LOOP,0.25,0.7,5,3,12,CLOSED_LOOP,3,302,88,10,30,22,20,0,0,0.09090909090909094,1.4,30.0,0.0,30.0
811,12,400.0,15,8,3,0.15,400,CLOSED_LOOP,0.25,1.0,5,3,12,CLOSED_LOOP,6,272,111,12,42,31,30,3,0,0.032258064516129004,1.2666666666666666,60.0,0.0,60.0
807,12,400.0,15,8,3,0.15,400,CLOSED_LOOP,0.1,1.0,5,3,12,CLOSED_LOOP,5,387,10,2,0,2,2,1,0,0.0,2.5,50.0,0.0,50.0
817,12,400.0,15,8,3,0.15,400,GOVERNED,0.0,0.7,5,3,12,GOVERNED,7,400,0,0,0,0,0,0,0,0.0,0.0,70.0,0.0,70.0
818,12,400.0,15,8,3,0.15,400,GOVERNED,0.0,0.9,5,3,12,GOVERNED,7,400,0,0,0,0,0,0,0,0.0,0.0,70.0,0.0,70.0
815,12,400.0,15,8,3,0.15,400,CLOSED_LOOP,0.5,1.0,5,3,12,CLOSED_LOOP,2,321,67,4,37,18,18,5,0,0.0,1.2777777777777777,20.0,0.0,20.0
816,12,400.0,15,8,3,0.15,400,GOVERNED,0.0,0.5,5,3,12,GOVERNED,7,400,0,0,0,0,0,0,0,0.0,0.0,70.0,0.0,70.0
812,12,400.0,15,8,3,0.15,400,CLOSED_LOOP,0.5,0.5,5,3,12,CLOSED_LOOP,2,287,99,4,55,28,28,6,0,0.0,1.7857142857142858,20.0,0.0,20.0
801,12,400.0,15,8,3,0.15,400,CLOSED_LOOP,0.0,0.7,5,3,12,CLOSED_LOOP,7,400,0,0,0,0,0,0,0,0.0,0.0,70.0,0.0,70.0
808,12,400.0,15,8,3,0.15,400,CLOSED_LOOP,0.25,0.5,5,3,12,CLOSED_LOOP,5,288,98,11,28,26,24,2,0,0.07692307692307687,1.375,50.0,0.0,50.0
804,12,400.0,15,8,3,0.15,400,CLOSED_LOOP,0.1,0.5,5,3,12,CLOSED_LOOP,5,348,44,7,7,11,11,1,0,0.0,2.6363636363636362,50.0,0.0,50.0
819,12,400.0,15,8,3,0.15,400,GOVERNED,0.0,1.0,5,3,12,GOVERNED,7,400,0,0,0,0,0,0,0,0.0,0.0,70.0,0.0,70.0
814,12,400.0,15,8,3,0.15,400,CLOSED_LOOP,0.5,0.9,5,3,12,CLOSED_LOOP,0,182,196,11,94,56,52,7,0,0.0714285714285714,1.1923076923076923,0.0,0.0,0.0
822,12,400.0,15,8,3,0.15,400,GOVERNED,0.1,0.9,5,3,12,GOVERNED,5,387,10,2,0,2,2,1,0,0.0,2.5,50.0,0.0,50.0
823,12,400.0,15,8,3,0.15,400,GOVERNED,0.1,1.0,5,3,12,GOVERNED,5,387,10,2,0,2,2,1,0,0.0,2.5,50.0,0.0,50.0
825,12,400.0,15,8,3,0.15,400,GOVERNED,0.25,0.7,5,3,12,GOVERNED,3,302,88,10,30,22,20,0,0,0.09090909090909094,1.4,30.0,0.0,30.0
824,12,400.0,15,8,3,0.15,400,GOVERNED,0.25,0.5,5,3,12,GOVERNED,5,288,98,11,28,26,24,2,0,0.07692307692307687,1.375,50.0,0.0,50.0
820,12,400.0,15,8,3,0.15,400,GOVERNED,0.1,0.5,5,3,12,GOVERNED,5,348,44,7,7,11,11,1,0,0.0,2.6363636363636362,50.0,0.0,50.0
829,12,400.0,15,8,3,0.15,400,GOVERNED,0.5,0.7,5,3,12,GOVERNED,0,277,105,3,52,34,34,9,0,0.0,1.5,0.0,0.0,0.0
821,12,400.0,15,8,3,0.15,400,GOVERNED,0.1,0.7,5,3,12,GOVERNED,7,335,56,8,10,14,14,0,0,0.0,1.9285714285714286,70.0,0.0,70.0
832,13,400.0,15,8,3,0.15,400,OPEN_LOOP,0.0,0.5,5,3,13,OPEN_LOOP,11,400,0,0,0,0,0,0,0,0.0,0.0,110.0,0.0,110.0
827,12,400.0,15,8,3,0.15,400,GOVERNED,0.25,1.0,5,3,12,GOVERNED,6,272,111,12,42,31,30,3,0,0.032258064516129004,1.2666666666666666,60.0,0.0,60.0
831,12,400.0,15,8,3,0.15,400,GOVERNED,0.5,1.0,5,3,12,GOVERNED,2,321,67,4,37,18,18,5,0,0.0,1.2777777777777777,20.0,0.0,20.0
813,12,400.0,15,8,3,0.15,400,CLOSED_LOOP,0.5,0.7,5,3,12,CLOSED_LOOP,0,277,105,3,52,34,34,9,0,0.0,1.5,0.0,0.0,0.0
828,12,400.0,15,8,3,0.15,400,GOVERNED,0.5,0.5,5,3,12,GOVERNED,2,287,99,4,55,28,28,6,0,0.0,1.7857142857142858,20.0,0.0,20.0
833,13,400.0,15,8,3,0.15,400,OPEN_LOOP,0.0,0.7,5,3,13,OPEN_LOOP,11,400,0,0,0,0,0,0,0,0.0,0.0,110.0,0.0,110.0
835,13,400.0,15,8,3,0.15,400,OPEN_LOOP,0.0,1.0,5,3,13,OPEN_LOOP,11,400,0,0,0,0,0,0,0,0.0,0.0,110.0,0.0,110.0
826,12,400.0,15,8,3,0.15,400,GOVERNED,0.25,0.9,5,3,12,GOVERNED,2,358,38,4,19,9,9,0,0,0.0,1.0,20.0,0.0,20.0
836,13,400.0,15,8,3,0.15,400,OPEN_LOOP,0.1,0.5,5,3,13,OPEN_LOOP,16,392,0,0,0,7,7,8,0,0.0,4.714285714285714,160.0,0.0,160.0
838,13,400.0,15,8,3,0.15,400,OPEN_LOOP,0.1,0.9,5,3,13,OPEN_LOOP,16,392,0,0,0,7,7,8,0,0.0,4.714285714285714,160.0,0.0,160.0
840,13,400.0,15,8,3,0.15,400,OPEN_LOOP,0.25,0.5,5,3,13,OPEN_LOOP,10,391,0,0,0,11,11,9,0,0.0,2.8181818181818183,100.0,0.0,100.0
834,13,400.0,15,8,3,0.15,400,OPEN_LOOP,0.0,0.9,5,3,13,OPEN_LOOP,11,400,0,0,0,0,0,0,0,0.0,0.0,110.0,0.0,110.0
843,13,400.0,15,8,3,0.15,400,OPEN_LOOP,0.25,1.0,5,3,13,OPEN_LOOP,10,391,0,0,0,11,11,9,0,0.0,2.8181818181818183,100.0,0.0,100.0
837,13,400.0,15,8,3,0.15,400,OPEN_LOOP,0.1,0.7,5,3,13,OPEN_LOOP,16,392,0,0,0,7,7,8,0,0.0,4.714285714285714,160.0,0.0,160.0
841,13,400.0,15,8,3,0.15,400,OPEN_LOOP,0.25,0.7,5,3,13,OPEN_LOOP,10,391,0,0,0,11,11,9,0,0.0,2.8181818181818183,100.0,0.0,100.0
839,13,400.0,15,8,3,0.15,400,OPEN_LOOP,0.1,1.0,5,3,13,OPEN_LOOP,16,392,0,0,0,7,7,8,0,0.0,4.714285714285714,160.0,0.0,160.0
842,13,400.0,15,8,3,0.15,400,OPEN_LOOP,0.25,0.9,5,3,13,OPEN_LOOP,10,391,0,0,0,11,11,9,0,0.0,2.8181818181818183,100.0,0.0,100.0
846,13,400.0,15,8,3,0.15,400,OPEN_LOOP,0.5,0.9,5,3,13,OPEN_LOOP,12,381,0,0,0,26,26,19,0,0.0,1.1538461538461537,120.0,0.0,120.0
848,13,400.0,15,8,3,0.15,400,COLD_RESTART,0.0,0.5,5,3,13,COLD_RESTART,11,400,0,0,0,0,0,0,0,0.0,0.0,110.0,0.0,110.0
847,13,400.0,15,8,3,0.15,400,OPEN_LOOP,0.5,1.0,5,3,13,OPEN_LOOP,12,381,0,0,0,26,26,19,0,0.0,1.1538461538461537,120.0,0.0,120.0
850,13,400.0,15,8,3,0.15,400,COLD_RESTART,0.0,0.9,5,3,13,COLD_RESTART,11,400,0,0,0,0,0,0,0,0.0,0.0,110.0,0.0,110.0
849,13,400.0,15,8,3,0.15,400,COLD_RESTART,0.0,0.7,5,3,13,COLD_RESTART,11,400,0,0,0,0,0,0,0,0.0,0.0,110.0,0.0,110.0
845,13,400.0,15,8,3,0.15,400,OPEN_LOOP,0.5,0.7,5,3,13,OPEN_LOOP,12,381,0,0,0,26,26,19,0,0.0,1.1538461538461537,120.0,0.0,120.0
853,13,400.0,15,8,3,0.15,400,COLD_RESTART,0.1,0.7,5,3,13,COLD_RESTART,10,350,41,6,4,12,12,2,2,0.0,2.75,100.0,0.0,100.0
855,13,400.0,15,8,3,0.15,400,COLD_RESTART,0.1,1.0,5,3,13,COLD_RESTART,9,378,18,3,1,4,4,1,2,0.0,1.0,90.0,0.0,90.0
851,13,400.0,15,8,3,0.15,400,COLD_RESTART,0.0,1.0,5,3,13,COLD_RESTART,11,400,0,0,0,0,0,0,0,0.0,0.0,110.0,0.0,110.0
854,13,400.0,15,8,3,0.15,400,COLD_RESTART,0.1,0.9,5,3,13,COLD_RESTART,9,360,33,5,3,10,9,2,3,0.09999999999999998,1.6666666666666667,90.0,0.0,90.0
856,13,400.0,15,8,3,0.15,400,COLD_RESTART,0.25,0.5,5,3,13,COLD_RESTART,7,352,41,4,11,10,10,2,0,0.0,1.0,70.0,0.0,70.0
844,13,400.0,15,8,3,0.15,400,OPEN_LOOP,0.5,0.5,5,3,13,OPEN_LOOP,12,381,0,0,0,26,26,19,0,0.0,1.1538461538461537,120.0,0.0,120.0
857,13,400.0,15,8,3,0.15,400,COLD_RESTART,0.25,0.7,5,3,13,COLD_RESTART,4,246,136,14,46,31,31,2,2,0.0,1.4838709677419355,40.0,0.0,40.0
830,12,400.0,15,8,3,0.15,400,GOVERNED,0.5,0.9,5,3,12,GOVERNED,0,182,196,11,94,56,52,7,0,0.0714285714285714,1.1923076923076923,0.0,0.0,0.0
858,13,400.0,15,8,3,0.15,400,COLD_RESTART,0.25,0.9,5,3,13,COLD_RESTART,6,269,115,13,37,26,26,2,2,0.0,1.3846153846153846,60.0,0.0,60.0
852,13,400.0,15,8,3,0.15,400,COLD_RESTART,0.1,0.5,5,3,13,COLD_RESTART,12,227,148,21,21,32,32,4,7,0.0,1.875,120.0,0.0,120.0
864,13,400.0,15,8,3,0.15,400,CLOSED_LOOP,0.0,0.5,5,3,13,CLOSED_LOOP,11,400,0,0,0,0,0,0,0,0.0,0.0,110.0,0.0,110.0
861,13,400.0,15,8,3,0.15,400,COLD_RESTART,0.5,0.7,5,3,13,COLD_RESTART,5,274,112,4,68,35,35,6,0,0.0,1.0857142857142856,50.0,0.0,50.0
862,13,400.0,15,8,3,0.15,400,COLD_RESTART,0.5,0.9,5,3,13,COLD_RESTART,3,139,236,7,129,70,69,9,0,0.014285714285714235,1.0434782608695652,30.0,0.0,30.0
867,13,400.0,15,8,3,0.15,400,CLOSED_LOOP,0.0,1.0,5,3,13,CLOSED_LOOP,11,400,0,0,0,0,0,0,0,0.0,0.0,110.0,0.0,110.0
863,13,400.0,15,8,3,0.15,400,COLD_RESTART,0.5,1.0,5,3,13,COLD_RESTART,1,194,177,8,92,55,55,11,0,0.0,1.0727272727272728,10.0,0.0,10.0
859,13,400.0,15,8,3,0.15,400,COLD_RESTART,0.25,1.0,5,3,13,COLD_RESTART,6,320,70,7,21,18,18,2,0,0.0,1.0,60.0,0.0,60.0
866,13,400.0,15,8,3,0.15,400,CLOSED_LOOP,0.0,0.9,5,3,13,CLOSED_LOOP,11,400,0,0,0,0,0,0,0,0.0,0.0,110.0,0.0,110.0
865,13,400.0,15,8,3,0.15,400,CLOSED_LOOP,0.0,0.7,5,3,13,CLOSED_LOOP,11,400,0,0,0,0,0,0,0,0.0,0.0,110.0,0.0,110.0
860,13,400.0,15,8,3,0.15,400,COLD_RESTART,0.5,0.5,5,3,13,COLD_RESTART,1,140,236,9,166,69,68,8,0,0.01449275362318836,1.1323529411764706,10.0,0.0,10.0
872,13,400.0,15,8,3,0.15,400,CLOSED_LOOP,0.25,0.5,5,3,13,CLOSED_LOOP,7,352,41,4,11,10,10,2,0,0.0,1.0,70.0,0.0,70.0
870,13,400.0,15,8,3,0.15,400,CLOSED_LOOP,0.1,0.9,5,3,13,CLOSED_LOOP,13,362,30,6,0,7,7,2,0,0.0,5.285714285714286,130.0,0.0,130.0
873,13,400.0,15,8,3,0.15,400,CLOSED_LOOP,0.25,0.7,5,3,13,CLOSED_LOOP,6,255,129,13,48,31,31,2,0,0.0,1.1612903225806452,60.0,0.0,60.0
868,13,400.0,15,8,3,0.15,400,CLOSED_LOOP,0.1,0.5,5,3,13,CLOSED_LOOP,13,356,35,7,0,8,8,2,0,0.0,4.875,130.0,0.0,130.0
871,13,400.0,15,8,3,0.15,400,CLOSED_LOOP,0.1,1.0,5,3,13,CLOSED_LOOP,14,292,90,14,16,19,18,4,0,0.052631578947368474,4.111111111111111,140.0,0.0,140.0
869,13,400.0,15,8,3,0.15,400,CLOSED_LOOP,0.1,0.7,5,3,13,CLOSED_LOOP,13,362,30,6,0,7,7,2,0,0.0,5.285714285714286,130.0,0.0,130.0
880,13,400.0,15,8,3,0.15,400,GOVERNED,0.0,0.5,5,3,13,GOVERNED,11,400,0,0,0,0,0,0,0,0.0,0.0,110.0,0.0,110.0
874,13,400.0,15,8,3,0.15,400,CLOSED_LOOP,0.25,0.9,5,3,13,CLOSED_LOOP,6,275,110,12,37,26,26,2,0,0.0,1.3846153846153846,60.0,0.0,60.0
875,13,400.0,15,8,3,0.15,400,CLOSED_LOOP,0.25,1.0,5,3,13,CLOSED_LOOP,6,320,70,7,21,18,18,2,0,0.0,1.0,60.0,0.0,60.0
883,13,400.0,15,8,3,0.15,400,GOVERNED,0.0,1.0,5,3,13,GOVERNED,11,400,0,0,0,0,0,0,0,0.0,0.0,110.0,0.0,110.0
879,13,400.0,15,8,3,0.15,400,CLOSED_LOOP,0.5,1.0,5,3,13,CLOSED_LOOP,1,194,177,8,92,55,55,11,0,0.0,1.0727272727272728,10.0,0.0,10.0
884,13,400.0,15,8,3,0.15,400,GOVERNED,0.1,0.5,5,3,13,GOVERNED,13,356,35,7,0,8,8,2,0,0.0,4.875,130.0,0.0,130.0
882,13,400.0,15,8,3,0.15,400,GOVERNED,0.0,0.9,5,3,13,GOVERNED,11,400,0,0,0,0,0,0,0,0.0,0.0,110.0,0.0,110.0
885,13,400.0,15,8,3,0.15,400,GOVERNED,0.1,0.7,5,3,13,GOVERNED,13,362,30,6,0,7,7,2,0,0.0,5.285714285714286,130.0,0.0,130.0
881,13,400.0,15,8,3,0.15,400,GOVERNED,0.0,0.7,5,3,13,GOVERNED,11,400,0,0,0,0,0,0,0,0.0,0.0,110.0,0.0,110.0
876,13,400.0,15,8,3,0.15,400,CLOSED_LOOP,0.5,0.5,5,3,13,CLOSED_LOOP,1,140,236,9,166,69,68,8,0,0.01449275362318836,1.1323529411764706,10.0,0.0,10.0
877,13,400.0,15,8,3,0.15,400,CLOSED_LOOP,0.5,0.7,5,3,13,CLOSED_LOOP,5,274,112,4,68,35,35,6,0,0.0,1.0857142857142856,50.0,0.0,50.0
888,13,400.0,15,8,3,0.15,400,GOVERNED,0.25,0.5,5,3,13,GOVERNED,7,352,41,4,11,10,10,2,0,0.0,1.0,70.0,0.0,70.0
878,13,400.0,15,8,3,0.15,400,CLOSED_LOOP,0.5,0.9,5,3,13,CLOSED_LOOP,3,139,236,7,129,70,69,9,0,0.014285714285714235,1.0434782608695652,30.0,0.0,30.0
890,13,400.0,15,8,3,0.15,400,GOVERNED,0.25,0.9,5,3,13,GOVERNED,6,275,110,12,37,26,26,2,0,0.0,1.3846153846153846,60.0,0.0,60.0
887,13,400.0,15,8,3,0.15,400,GOVERNED,0.1,1.0,5,3,13,GOVERNED,14,292,90,14,16,19,18,4,0,0.052631578947368474,4.111111111111111,140.0,0.0,140.0
886,13,400.0,15,8,3,0.15,400,GOVERNED,0.1,0.9,5,3,13,GOVERNED,13,362,30,6,0,7,7,2,0,0.0,5.285714285714286,130.0,0.0,130.0
896,14,400.0,15,8,3,0.15,400,OPEN_LOOP,0.0,0.5,5,3,14,OPEN_LOOP,14,400,0,0,0,0,0,0,0,0.0,0.0,140.0,0.0,140.0
889,13,400.0,15,8,3,0.15,400,GOVERNED,0.25,0.7,5,3,13,GOVERNED,6,255,129,13,48,31,31,2,0,0.0,1.1612903225806452,60.0,0.0,60.0
891,13,400.0,15,8,3,0.15,400,GOVERNED,0.25,1.0,5,3,13,GOVERNED,6,320,70,7,21,18,18,2,0,0.0,1.0,60.0,0.0,60.0
893,13,400.0,15,8,3,0.15,400,GOVERNED,0.5,0.7,5,3,13,GOVERNED,5,274,112,4,68,35,35,6,0,0.0,1.0857142857142856,50.0,0.0,50.0
897,14,400.0,15,8,3,0.15,400,OPEN_LOOP,0.0,0.7,5,3,14,OPEN_LOOP,14,400,0,0,0,0,0,0,0,0.0,0.0,140.0,0.0,140.0
892,13,400.0,15,8,3,0.15,400,GOVERNED,0.5,0.5,5,3,13,GOVERNED,1,140,236,9,166,69,68,8,0,0.01449275362318836,1.1323529411764706,10.0,0.0,10.0
895,13,400.0,15,8,3,0.15,400,GOVERNED,0.5,1.0,5,3,13,GOVERNED,1,194,177,8,92,55,55,11,0,0.0,1.0727272727272728,10.0,0.0,10.0
894,13,400.0,15,8,3,0.15,400,GOVERNED,0.5,0.9,5,3,13,GOVERNED,3,139,236,7,129,70,69,9,0,0.014285714285714235,1.0434782608695652,30.0,0.0,30.0
898,14,400.0,15,8,3,0.15,400,OPEN_LOOP,0.0,0.9,5,3,14,OPEN_LOOP,14,400,0,0,0,0,0,0,0,0.0,0.0,140.0,0.0,140.0
900,14,400.0,15,8,3,0.15,400,OPEN_LOOP,0.1,0.5,5,3,14,OPEN_LOOP,16,385,0,0,0,17,16,15,0,0.05882352941176472,4.875,160.0,0.0,160.0
901,14,400.0,15,8,3,0.15,400,OPEN_LOOP,0.1,0.7,5,3,14,OPEN_LOOP,16,385,0,0,0,17,16,15,0,0.05882352941176472,4.875,160.0,0.0,160.0
904,14,400.0,15,8,3,0.15,400,OPEN_LOOP,0.25,0.5,5,3,14,OPEN_LOOP,10,390,0,0,0,11,11,10,0,0.0,1.9090909090909092,100.0,0.0,100.0
903,14,400.0,15,8,3,0.15,400,OPEN_LOOP,0.1,1.0,5,3,14,OPEN_LOOP,16,385,0,0,0,17,16,15,0,0.05882352941176472,4.875,160.0,0.0,160.0
899,14,400.0,15,8,3,0.15,400,OPEN_LOOP,0.0,1.0,5,3,14,OPEN_LOOP,14,400,0,0,0,0,0,0,0,0.0,0.0,140.0,0.0,140.0
905,14,400.0,15,8,3,0.15,400,OPEN_LOOP,0.25,0.7,5,3,14,OPEN_LOOP,10,390,0,0,0,11,11,10,0,0.0,1.9090909090909092,100.0,0.0,100.0
906,14,400.0,15,8,3,0.15,400,OPEN_LOOP,0.25,0.9,5,3,14,OPEN_LOOP,10,390,0,0,0,11,11,10,0,0.0,1.9090909090909092,100.0,0.0,100.0
913,14,400.0,15,8,3,0.15,400,COLD_RESTART,0.0,0.7,5,3,14,COLD_RESTART,14,400,0,0,0,0,0,0,0,0.0,0.0,140.0,0.0,140.0
910,14,400.0,15,8,3,0.15,400,OPEN_LOOP,0.5,0.9,5,3,14,OPEN_LOOP,18,379,0,0,0,36,36,21,0,0.0,1.2777777777777777,180.0,0.0,180.0
907,14,400.0,15,8,3,0.15,400,OPEN_LOOP,0.25,1.0,5,3,14,OPEN_LOOP,10,390,0,0,0,11,11,10,0,0.0,1.9090909090909092,100.0,0.0,100.0
902,14,400.0,15,8,3,0.15,400,OPEN_LOOP,0.1,0.9,5,3,14,OPEN_LOOP,16,385,0,0,0,17,16,15,0,0.05882352941176472,4.875,160.0,0.0,160.0
912,14,400.0,15,8,3,0.15,400,COLD_RESTART,0.0,0.5,5,3,14,COLD_RESTART,14,400,0,0,0,0,0,0,0,0.0,0.0,140.0,0.0,140.0
915,14,400.0,15,8,3,0.15,400,COLD_RESTART,0.0,1.0,5,3,14,COLD_RESTART,14,400,0,0,0,0,0,0,0,0.0,0.0,140.0,0.0,140.0
914,14,400.0,15,8,3,0.15,400,COLD_RESTART,0.0,0.9,5,3,14,COLD_RESTART,14,400,0,0,0,0,0,0,0,0.0,0.0,140.0,0.0,140.0
916,14,400.0,15,8,3,0.15,400,COLD_RESTART,0.1,0.5,5,3,14,COLD_RESTART,9,371,25,4,4,5,5,0,0,0.0,1.0,90.0,0.0,90.0
908,14,400.0,15,8,3,0.15,400,OPEN_LOOP,0.5,0.5,5,3,14,OPEN_LOOP,18,379,0,0,0,36,36,21,0,0.0,1.2777777777777777,180.0,0.0,180.0
909,14,400.0,15,8,3,0.15,400,OPEN_LOOP,0.5,0.7,5,3,14,OPEN_LOOP,18,379,0,0,0,36,36,21,0,0.0,1.2777777777777777,180.0,0.0,180.0
918,14,400.0,15,8,3,0.15,400,COLD_RESTART,0.1,0.9,5,3,14,COLD_RESTART,4,362,33,4,9,8,8,1,0,0.0,2.625,40.0,0.0,40.0
917,14,400.0,15,8,3,0.15,400,COLD_RESTART,0.1,0.7,5,3,14,COLD_RESTART,8,282,101,15,9,25,24,1,5,0.040000000000000036,2.375,80.0,0.0,80.0
921,14,400.0,15,8,3,0.15,400,COLD_RESTART,0.25,0.7,5,3,14,COLD_RESTART,5,367,30,3,5,8,8,0,0,0.0,1.75,50.0,0.0,50.0
922,14,400.0,15,8,3,0.15,400,COLD_RESTART,0.25,0.9,5,3,14,COLD_RESTART,5,348,47,3,17,12,12,1,0,0.0,1.5,50.0,0.0,50.0
911,14,400.0,15,8,3,0.15,400,OPEN_LOOP,0.5,1.0,5,3,14,OPEN_LOOP,18,379,0,0,0,36,36,21,0,0.0,1.2777777777777777,180.0,0.0,180.0
923,14,400.0,15,8,3,0.15,400,COLD_RESTART,0.25,1.0,5,3,14,COLD_RESTART,5,362,31,3,6,9,9,2,0,0.0,1.1111111111111112,50.0,0.0,50.0
919,14,400.0,15,8,3,0.15,400,COLD_RESTART,0.1,1.0,5,3,14,COLD_RESTART,4,362,33,4,9,8,8,1,0,0.0,2.625,40.0,0.0,40.0
928,14,400.0,15,8,3,0.15,400,CLOSED_LOOP,0.0,0.5,5,3,14,CLOSED_LOOP,14,400,0,0,0,0,0,0,0,0.0,0.0,140.0,0.0,140.0
929,14,400.0,15,8,3,0.15,400,CLOSED_LOOP,0.0,0.7,5,3,14,CLOSED_LOOP,14,400,0,0,0,0,0,0,0,0.0,0.0,140.0,0.0,140.0
930,14,400.0,15,8,3,0.15,400,CLOSED_LOOP,0.0,0.9,5,3,14,CLOSED_LOOP,14,400,0,0,0,0,0,0,0,0.0,0.0,140.0,0.0,140.0
932,14,400.0,15,8,3,0.15,400,CLOSED_LOOP,0.1,0.5,5,3,14,CLOSED_LOOP,9,371,25,4,4,5,5,0,0,0.0,1.0,90.0,0.0,90.0
934,14,400.0,15,8,3,0.15,400,CLOSED_LOOP,0.1,0.9,5,3,14,CLOSED_LOOP,4,362,33,4,9,8,8,1,0,0.0,2.625,40.0,0.0,40.0
927,14,400.0,15,8,3,0.15,400,COLD_RESTART,0.5,1.0,5,3,14,COLD_RESTART,1,72,311,8,222,90,90,5,0,0.0,1.011111111111111,10.0,0.0,10.0
920,14,400.0,15,8,3,0.15,400,COLD_RESTART,0.25,0.5,5,3,14,COLD_RESTART,4,249,134,13,54,36,35,2,1,0.02777777777777779,1.1714285714285715,40.0,0.0,40.0
931,14,400.0,15,8,3,0.15,400,CLOSED_LOOP,0.0,1.0,5,3,14,CLOSED_LOOP,14,400,0,0,0,0,0,0,0,0.0,0.0,140.0,0.0,140.0
925,14,400.0,15,8,3,0.15,400,COLD_RESTART,0.5,0.7,5,3,14,COLD_RESTART,1,122,260,14,155,72,71,4,2,0.01388888888888884,1.028169014084507,10.0,0.0,10.0
937,14,400.0,15,8,3,0.15,400,CLOSED_LOOP,0.25,0.7,5,3,14,CLOSED_LOOP,5,367,30,3,5,8,8,0,0,0.0,1.75,50.0,0.0,50.0
938,14,400.0,15,8,3,0.15,400,CLOSED_LOOP,0.25,0.9,5,3,14,CLOSED_LOOP,5,348,47,3,17,12,12,1,0,0.0,1.5,50.0,0.0,50.0
936,14,400.0,15,8,3,0.15,400,CLOSED_LOOP,0.25,0.5,5,3,14,CLOSED_LOOP,6,276,110,10,43,30,28,2,0,0.06666666666666665,1.2142857142857142,60.0,0.0,60.0
933,14,400.0,15,8,3,0.15,400,CLOSED_LOOP,0.1,0.7,5,3,14,CLOSED_LOOP,11,335,56,9,5,12,12,0,0,0.0,2.0,110.0,0.0,110.0
939,14,400.0,15,8,3,0.15,400,CLOSED_LOOP,0.25,1.0,5,3,14,CLOSED_LOOP,5,362,31,3,6,9,9,2,0,0.0,1.1111111111111112,50.0,0.0,50.0
935,14,400.0,15,8,3,0.15,400,CLOSED_LOOP,0.1,1.0,5,3,14,CLOSED_LOOP,4,362,33,4,9,8,8,1,0,0.0,2.625,40.0,0.0,40.0
944,14,400.0,15,8,3,0.15,400,GOVERNED,0.0,0.5,5,3,14,GOVERNED,14,400,0,0,0,0,0,0,0,0.0,0.0,140.0,0.0,140.0
945,14,400.0,15,8,3,0.15,400,GOVERNED,0.0,0.7,5,3,14,GOVERNED,14,400,0,0,0,0,0,0,0,0.0,0.0,140.0,0.0,140.0
946,14,400.0,15,8,3,0.15,400,GOVERNED,0.0,0.9,5,3,14,GOVERNED,14,400,0,0,0,0,0,0,0,0.0,0.0,140.0,0.0,140.0
926,14,400.0,15,8,3,0.15,400,COLD_RESTART,0.5,0.9,5,3,14,COLD_RESTART,0,49,330,12,211,94,94,6,0,0.0,1.0212765957446808,0.0,0.0,0.0
947,14,400.0,15,8,3,0.15,400,GOVERNED,0.0,1.0,5,3,14,GOVERNED,14,400,0,0,0,0,0,0,0,0.0,0.0,140.0,0.0,140.0
950,14,400.0,15,8,3,0.15,400,GOVERNED,0.1,0.9,5,3,14,GOVERNED,4,362,33,4,9,8,8,1,0,0.0,2.625,40.0,0.0,40.0
940,14,400.0,15,8,3,0.15,400,CLOSED_LOOP,0.5,0.5,5,3,14,CLOSED_LOOP,2,170,207,6,121,67,62,9,0,0.07462686567164178,1.0161290322580645,20.0,0.0,20.0
924,14,400.0,15,8,3,0.15,400,COLD_RESTART,0.5,0.5,5,3,14,COLD_RESTART,2,170,207,6,121,67,62,9,0,0.07462686567164178,1.0161290322580645,20.0,0.0,20.0
948,14,400.0,15,8,3,0.15,400,GOVERNED,0.1,0.5,5,3,14,GOVERNED,9,371,25,4,4,5,5,0,0,0.0,1.0,90.0,0.0,90.0
949,14,400.0,15,8,3,0.15,400,GOVERNED,0.1,0.7,5,3,14,GOVERNED,11,335,56,9,5,12,12,0,0,0.0,2.0,110.0,0.0,110.0
941,14,400.0,15,8,3,0.15,400,CLOSED_LOOP,0.5,0.7,5,3,14,CLOSED_LOOP,1,111,273,11,156,77,77,4,0,0.0,1.0,10.0,0.0,10.0
954,14,400.0,15,8,3,0.15,400,GOVERNED,0.25,0.9,5,3,14,GOVERNED,5,348,47,3,17,12,12,1,0,0.0,1.5,50.0,0.0,50.0
943,14,400.0,15,8,3,0.15,400,CLOSED_LOOP,0.5,1.0,5,3,14,CLOSED_LOOP,1,72,311,8,222,90,90,5,0,0.0,1.011111111111111,10.0,0.0,10.0
942,14,400.0,15,8,3,0.15,400,CLOSED_LOOP,0.5,0.9,5,3,14,CLOSED_LOOP,0,49,330,12,211,94,94,6,0,0.0,1.0212765957446808,0.0,0.0,0.0
953,14,400.0,15,8,3,0.15,400,GOVERNED,0.25,0.7,5,3,14,GOVERNED,5,367,30,3,5,8,8,0,0,0.0,1.75,50.0,0.0,50.0
951,14,400.0,15,8,3,0.15,400,GOVERNED,0.1,1.0,5,3,14,GOVERNED,4,362,33,4,9,8,8,1,0,0.0,2.625,40.0,0.0,40.0
952,14,400.0,15,8,3,0.15,400,GOVERNED,0.25,0.5,5,3,14,GOVERNED,6,276,110,10,43,30,28,2,0,0.06666666666666665,1.2142857142857142,60.0,0.0,60.0
955,14,400.0,15,8,3,0.15,400,GOVERNED,0.25,1.0,5,3,14,GOVERNED,5,362,31,3,6,9,9,2,0,0.0,1.1111111111111112,50.0,0.0,50.0
960,15,400.0,15,8,3,0.15,400,OPEN_LOOP,0.0,0.5,5,3,15,OPEN_LOOP,10,400,0,0,0,0,0,0,0,0.0,0.0,100.0,0.0,100.0
961,15,400.0,15,8,3,0.15,400,OPEN_LOOP,0.0,0.7,5,3,15,OPEN_LOOP,10,400,0,0,0,0,0,0,0,0.0,0.0,100.0,0.0,100.0
962,15,400.0,15,8,3,0.15,400,OPEN_LOOP,0.0,0.9,5,3,15,OPEN_LOOP,10,400,0,0,0,0,0,0,0,0.0,0.0,100.0,0.0,100.0
963,15,400.0,15,8,3,0.15,400,OPEN_LOOP,0.0,1.0,5,3,15,OPEN_LOOP,10,400,0,0,0,0,0,0,0,0.0,0.0,100.0,0.0,100.0
965,15,400.0,15,8,3,0.15,400,OPEN_LOOP,0.1,0.7,5,3,15,OPEN_LOOP,15,389,0,0,0,10,10,11,0,0.0,3.4,150.0,0.0,150.0
959,14,400.0,15,8,3,0.15,400,GOVERNED,0.5,1.0,5,3,14,GOVERNED,1,72,311,8,222,90,90,5,0,0.0,1.011111111111111,10.0,0.0,10.0
968,15,400.0,15,8,3,0.15,400,OPEN_LOOP,0.25,0.5,5,3,15,OPEN_LOOP,5,395,0,0,0,5,5,5,0,0.0,1.0,50.0,0.0,50.0
957,14,400.0,15,8,3,0.15,400,GOVERNED,0.5,0.7,5,3,14,GOVERNED,1,111,273,11,156,77,77,4,0,0.0,1.0,10.0,0.0,10.0
964,15,400.0,15,8,3,0.15,400,OPEN_LOOP,0.1,0.5,5,3,15,OPEN_LOOP,15,389,0,0,0,10,10,11,0,0.0,3.4,150.0,0.0,150.0
967,15,400.0,15,8,3,0.15,400,OPEN_LOOP,0.1,1.0,5,3,15,OPEN_LOOP,15,389,0,0,0,10,10,11,0,0.0,3.4,150.0,0.0,150.0
958,14,400.0,15,8,3,0.15,400,GOVERNED,0.5,0.9,5,3,14,GOVERNED,0,49,330,12,211,94,94,6,0,0.0,1.0212765957446808,0.0,0.0,0.0
966,15,400.0,15,8,3,0.15,400,OPEN_LOOP,0.1,0.9,5,3,15,OPEN_LOOP,15,389,0,0,0,10,10,11,0,0.0,3.4,150.0,0.0,150.0
969,15,400.0,15,8,3,0.15,400,OPEN_LOOP,0.25,0.7,5,3,15,OPEN_LOOP,5,395,0,0,0,5,5,5,0,0.0,1.0,50.0,0.0,50.0
976,15,400.0,15,8,3,0.15,400,COLD_RESTART,0.0,0.5,5,3,15,COLD_RESTART,10,400,0,0,0,0,0,0,0,0.0,0.0,100.0,0.0,100.0
970,15,400.0,15,8,3,0.15,400,OPEN_LOOP,0.25,0.9,5,3,15,OPEN_LOOP,5,395,0,0,0,5,5,5,0,0.0,1.0,50.0,0.0,50.0
977,15,400.0,15,8,3,0.15,400,COLD_RESTART,0.0,0.7,5,3,15,COLD_RESTART,10,400,0,0,0,0,0,0,0,0.0,0.0,100.0,0.0,100.0
974,15,400.0,15,8,3,0.15,400,OPEN_LOOP,0.5,0.9,5,3,15,OPEN_LOOP,9,388,0,0,0,18,16,12,0,0.11111111111111116,2.125,90.0,0.0,90.0
978,15,400.0,15,8,3,0.15,400,COLD_RESTART,0.0,0.9,5,3,15,COLD_RESTART,10,400,0,0,0,0,0,0,0,0.0,0.0,100.0,0.0,100.0
973,15,400.0,15,8,3,0.15,400,OPEN_LOOP,0.5,0.7,5,3,15,OPEN_LOOP,9,388,0,0,0,18,16,12,0,0.11111111111111116,2.125,90.0,0.0,90.0
972,15,400.0,15,8,3,0.15,400,OPEN_LOOP,0.5,0.5,5,3,15,OPEN_LOOP,9,388,0,0,0,18,16,12,0,0.11111111111111116,2.125,90.0,0.0,90.0
979,15,400.0,15,8,3,0.15,400,COLD_RESTART,0.0,1.0,5,3,15,COLD_RESTART,10,400,0,0,0,0,0,0,0,0.0,0.0,100.0,0.0,100.0
971,15,400.0,15,8,3,0.15,400,OPEN_LOOP,0.25,1.0,5,3,15,OPEN_LOOP,5,395,0,0,0,5,5,5,0,0.0,1.0,50.0,0.0,50.0
956,14,400.0,15,8,3,0.15,400,GOVERNED,0.5,0.5,5,3,14,GOVERNED,2,170,207,6,121,67,62,9,0,0.07462686567164178,1.0161290322580645,20.0,0.0,20.0
975,15,400.0,15,8,3,0.15,400,OPEN_LOOP,0.5,1.0,5,3,15,OPEN_LOOP,9,388,0,0,0,18,16,12,0,0.11111111111111116,2.125,90.0,0.0,90.0
980,15,400.0,15,8,3,0.15,400,COLD_RESTART,0.1,0.5,5,3,15,COLD_RESTART,7,362,31,5,6,8,8,2,2,0.0,3.25,70.0,0.0,70.0
983,15,400.0,15,8,3,0.15,400,COLD_RESTART,0.1,1.0,5,3,15,COLD_RESTART,9,366,27,5,3,6,5,2,2,0.16666666666666663,2.6,90.0,0.0,90.0
984,15,400.0,15,8,3,0.15,400,COLD_RESTART,0.25,0.5,5,3,15,COLD_RESTART,5,359,33,6,5,9,9,2,0,0.0,1.0,50.0,0.0,50.0
985,15,400.0,15,8,3,0.15,400,COLD_RESTART,0.25,0.7,5,3,15,COLD_RESTART,2,215,161,18,57,44,43,6,7,0.022727272727272707,1.0232558139534884,20.0,0.0,20.0
982,15,400.0,15,8,3,0.15,400,COLD_RESTART,0.1,0.9,5,3,15,COLD_RESTART,10,362,30,6,1,7,7,2,2,0.0,3.7142857142857144,100.0,0.0,100.0
992,15,400.0,15,8,3,0.15,400,CLOSED_LOOP,0.0,0.5,5,3,15,CLOSED_LOOP,10,400,0,0,0,0,0,0,0,0.0,0.0,100.0,0.0,100.0
987,15,400.0,15,8,3,0.15,400,COLD_RESTART,0.25,1.0,5,3,15,COLD_RESTART,3,337,57,3,27,17,17,2,0,0.0,1.0,30.0,0.0,30.0
989,15,400.0,15,8,3,0.15,400,COLD_RESTART,0.5,0.7,5,3,15,COLD_RESTART,2,347,40,1,19,17,16,6,0,0.05882352941176472,1.4375,20.0,0.0,20.0
981,15,400.0,15,8,3,0.15,400,COLD_RESTART,0.1,0.7,5,3,15,COLD_RESTART,5,318,66,11,6,18,17,4,5,0.05555555555555558,2.1176470588235294,50.0,0.0,50.0
993,15,400.0,15,8,3,0.15,400,CLOSED_LOOP,0.0,0.7,5,3,15,CLOSED_LOOP,10,400,0,0,0,0,0,0,0,0.0,0.0,100.0,0.0,100.0
986,15,400.0,15,8,3,0.15,400,COLD_RESTART,0.25,0.9,5,3,15,COLD_RESTART,3,265,125,9,46,34,34,1,0,0.0,1.0,30.0,0.0,30.0
991,15,400.0,15,8,3,0.15,400,COLD_RESTART,0.5,1.0,5,3,15,COLD_RESTART,5,243,138,4,71,45,43,9,1,0.0444444444444444,1.0232558139534884,50.0,0.0,50.0
990,15,400.0,15,8,3,0.15,400,COLD_RESTART,0.5,0.9,5,3,15,COLD_RESTART,2,339,47,2,20,20,19,6,0,0.050000000000000044,1.368421052631579,20.0,0.0,20.0
995,15,400.0,15,8,3,0.15,400,CLOSED_LOOP,0.0,1.0,5,3,15,CLOSED_LOOP,10,400,0,0,0,0,0,0,0,0.0,0.0,100.0,0.0,100.0
994,15,400.0,15,8,3,0.15,400,CLOSED_LOOP,0.0,0.9,5,3,15,CLOSED_LOOP,10,400,0,0,0,0,0,0,0,0.0,0.0,100.0,0.0,100.0
997,15,400.0,15,8,3,0.15,400,CLOSED_LOOP,0.1,0.7,5,3,15,CLOSED_LOOP,7,357,36,6,3,7,7,1,0,0.0,1.7142857142857142,70.0,0.0,70.0
988,15,400.0,15,8,3,0.15,400,COLD_RESTART,0.5,0.5,5,3,15,COLD_RESTART,2,284,109,2,59,34,32,3,0,0.05882352941176472,1.03125,20.0,0.0,20.0
998,15,400.0,15,8,3,0.15,400,CLOSED_LOOP,0.1,0.9,5,3,15,CLOSED_LOOP,9,375,20,4,0,4,4,1,0,0.0,2.75,90.0,0.0,90.0
999,15,400.0,15,8,3,0.15,400,CLOSED_LOOP,0.1,1.0,5,3,15,CLOSED_LOOP,9,375,20,4,0,4,4,1,0,0.0,2.75,90.0,0.0,90.0
1002,15,400.0,15,8,3,0.15,400,CLOSED_LOOP,0.25,0.9,5,3,15,CLOSED_LOOP,3,265,125,9,46,34,34,1,0,0.0,1.0,30.0,0.0,30.0
996,15,400.0,15,8,3,0.15,400,CLOSED_LOOP,0.1,0.5,5,3,15,CLOSED_LOOP,8,345,45,9,1,10,10,1,0,0.0,4.5,80.0,0.0,80.0
1005,15,400.0,15,8,3,0.15,400,CLOSED_LOOP,0.5,0.7,5,3,15,CLOSED_LOOP,2,347,40,1,19,17,16,6,0,0.05882352941176472,1.4375,20.0,0.0,20.0
1009,15,400.0,15,8,3,0.15,400,GOVERNED,0.0,0.7,5,3,15,GOVERNED,10,400,0,0,0,0,0,0,0,0.0,0.0,100.0,0.0,100.0
1004,15,400.0,15,8,3,0.15,400,CLOSED_LOOP,0.5,0.5,5,3,15,CLOSED_LOOP,2,284,109,2,59,34,32,3,0,0.05882352941176472,1.03125,20.0,0.0,20.0
1006,15,400.0,15,8,3,0.15,400,CLOSED_LOOP,0.5,0.9,5,3,15,CLOSED_LOOP,2,339,47,2,20,20,19,6,0,0.050000000000000044,1.368421052631579,20.0,0.0,20.0
1010,15,400.0,15,8,3,0.15,400,GOVERNED,0.0,0.9,5,3,15,GOVERNED,10,400,0,0,0,0,0,0,0,0.0,0.0,100.0,0.0,100.0
1008,15,400.0,15,8,3,0.15,400,GOVERNED,0.0,0.5,5,3,15,GOVERNED,10,400,0,0,0,0,0,0,0,0.0,0.0,100.0,0.0,100.0
1011,15,400.0,15,8,3,0.15,400,GOVERNED,0.0,1.0,5,3,15,GOVERNED,10,400,0,0,0,0,0,0,0,0.0,0.0,100.0,0.0,100.0
1000,15,400.0,15,8,3,0.15,400,CLOSED_LOOP,0.25,0.5,5,3,15,CLOSED_LOOP,5,359,33,6,5,9,9,2,0,0.0,1.0,50.0,0.0,50.0
1007,15,400.0,15,8,3,0.15,400,CLOSED_LOOP,0.5,1.0,5,3,15,CLOSED_LOOP,4,280,108,3,85,38,37,5,0,0.02631578947368418,1.027027027027027,40.0,0.0,40.0
1014,15,400.0,15,8,3,0.15,400,GOVERNED,0.1,0.9,5,3,15,GOVERNED,9,375,20,4,0,4,4,1,0,0.0,2.75,90.0,0.0,90.0
1015,15,400.0,15,8,3,0.15,400,GOVERNED,0.1,1.0,5,3,15,GOVERNED,9,375,20,4,0,4,4,1,0,0.0,2.75,90.0,0.0,90.0
1013,15,400.0,15,8,3,0.15,400,GOVERNED,0.1,0.7,5,3,15,GOVERNED,7,357,36,6,3,7,7,1,0,0.0,1.7142857142857142,70.0,0.0,70.0
1003,15,400.0,15,8,3,0.15,400,CLOSED_LOOP,0.25,1.0,5,3,15,CLOSED_LOOP,3,337,57,3,27,17,17,2,0,0.0,1.0,30.0,0.0,30.0
1016,15,400.0,15,8,3,0.15,400,GOVERNED,0.25,0.5,5,3,15,GOVERNED,5,359,33,6,5,9,9,2,0,0.0,1.0,50.0,0.0,50.0
1017,15,400.0,15,8,3,0.15,400,GOVERNED,0.25,0.7,5,3,15,GOVERNED,4,295,92,8,36,27,27,3,0,0.0,1.037037037037037,40.0,0.0,40.0
1012,15,400.0,15,8,3,0.15,400,GOVERNED,0.1,0.5,5,3,15,GOVERNED,8,345,45,9,1,10,10,1,0,0.0,4.5,80.0,0.0,80.0
1001,15,400.0,15,8,3,0.15,400,CLOSED_LOOP,0.25,0.7,5,3,15,CLOSED_LOOP,4,295,92,8,36,27,27,3,0,0.0,1.037037037037037,40.0,0.0,40.0
1024,16,400.0,15,8,3,0.15,400,OPEN_LOOP,0.0,0.5,5,3,16,OPEN_LOOP,15,400,0,0,0,0,0,0,0,0.0,0.0,150.0,0.0,150.0
1025,16,400.0,15,8,3,0.15,400,OPEN_LOOP,0.0,0.7,5,3,16,OPEN_LOOP,15,400,0,0,0,0,0,0,0,0.0,0.0,150.0,0.0,150.0
1020,15,400.0,15,8,3,0.15,400,GOVERNED,0.5,0.5,5,3,15,GOVERNED,2,284,109,2,59,34,32,3,0,0.05882352941176472,1.03125,20.0,0.0,20.0
1027,16,400.0,15,8,3,0.15,400,OPEN_LOOP,0.0,1.0,5,3,16,OPEN_LOOP,15,400,0,0,0,0,0,0,0,0.0,0.0,150.0,0.0,150.0
1028,16,400.0,15,8,3,0.15,400,OPEN_LOOP,0.1,0.5,5,3,16,OPEN_LOOP,8,398,0,0,0,3,3,2,0,0.0,2.0,80.0,0.0,80.0
1023,15,400.0,15,8,3,0.15,400,GOVERNED,0.5,1.0,5,3,15,GOVERNED,4,280,108,3,85,38,37,5,0,0.02631578947368418,1.027027027027027,40.0,0.0,40.0
1029,16,400.0,15,8,3,0.15,400,OPEN_LOOP,0.1,0.7,5,3,16,OPEN_LOOP,8,398,0,0,0,3,3,2,0,0.0,2.0,80.0,0.0,80.0
1030,16,400.0,15,8,3,0.15,400,OPEN_LOOP,0.1,0.9,5,3,16,OPEN_LOOP,8,398,0,0,0,3,3,2,0,0.0,2.0,80.0,0.0,80.0
1031,16,400.0,15,8,3,0.15,400,OPEN_LOOP,0.1,1.0,5,3,16,OPEN_LOOP,8,398,0,0,0,3,3,2,0,0.0,2.0,80.0,0.0,80.0
1019,15,400.0,15,8,3,0.15,400,GOVERNED,0.25,1.0,5,3,15,GOVERNED,3,337,57,3,27,17,17,2,0,0.0,1.0,30.0,0.0,30.0
1018,15,400.0,15,8,3,0.15,400,GOVERNED,0.25,0.9,5,3,15,GOVERNED,3,265,125,9,46,34,34,1,0,0.0,1.0,30.0,0.0,30.0
1021,15,400.0,15,8,3,0.15,400,GOVERNED,0.5,0.7,5,3,15,GOVERNED,2,347,40,1,19,17,16,6,0,0.05882352941176472,1.4375,20.0,0.0,20.0
1032,16,400.0,15,8,3,0.15,400,OPEN_LOOP,0.25,0.5,5,3,16,OPEN_LOOP,17,379,0,0,0,26,26,21,0,0.0,2.769230769230769,170.0,0.0,170.0
1022,15,400.0,15,8,3,0.15,400,GOVERNED,0.5,0.9,5,3,15,GOVERNED,2,339,47,2,20,20,19,6,0,0.050000000000000044,1.368421052631579,20.0,0.0,20.0
1035,16,400.0,15,8,3,0.15,400,OPEN_LOOP,0.25,1.0,5,3,16,OPEN_LOOP,17,379,0,0,0,26,26,21,0,0.0,2.769230769230769,170.0,0.0,170.0
1026,16,400.0,15,8,3,0.15,400,OPEN_LOOP,0.0,0.9,5,3,16,OPEN_LOOP,15,400,0,0,0,0,0,0,0,0.0,0.0,150.0,0.0,150.0
1034,16,400.0,15,8,3,0.15,400,OPEN_LOOP,0.25,0.9,5,3,16,OPEN_LOOP,17,379,0,0,0,26,26,21,0,0.0,2.769230769230769,170.0,0.0,170.0
1040,16,400.0,15,8,3,0.15,400,COLD_RESTART,0.0,0.5,5,3,16,COLD_RESTART,15,400,0,0,0,0,0,0,0,0.0,0.0,150.0,0.0,150.0
1033,16,400.0,15,8,3,0.15,400,OPEN_LOOP,0.25,0.7,5,3,16,OPEN_LOOP,17,379,0,0,0,26,26,21,0,0.0,2.769230769230769,170.0,0.0,170.0
1041,16,400.0,15,8,3,0.15,400,COLD_RESTART,0.0,0.7,5,3,16,COLD_RESTART,15,400,0,0,0,0,0,0,0,0.0,0.0,150.0,0.0,150.0
1043,16,400.0,15,8,3,0.15,400,COLD_RESTART,0.0,1.0,5,3,16,COLD_RESTART,15,400,0,0,0,0,0,0,0,0.0,0.0,150.0,0.0,150.0
1037,16,400.0,15,8,3,0.15,400,OPEN_LOOP,0.5,0.7,5,3,16,OPEN_LOOP,21,348,0,0,0,63,61,52,0,0.031746031746031744,2.0,210.0,0.0,210.0
1039,16,400.0,15,8,3,0.15,400,OPEN_LOOP,0.5,1.0,5,3,16,OPEN_LOOP,21,348,0,0,0,63,61,52,0,0.031746031746031744,2.0,210.0,0.0,210.0
1044,16,400.0,15,8,3,0.15,400,COLD_RESTART,0.1,0.5,5,3,16,COLD_RESTART,11,320,64,11,2,15,15,4,2,0.0,5.066666666666666,110.0,0.0,110.0
1050,16,400.0,15,8,3,0.15,400,COLD_RESTART,0.25,0.9,5,3,16,COLD_RESTART,5,328,59,6,19,21,19,5,0,0.09523809523809523,1.1578947368421053,50.0,0.0,50.0
1051,16,400.0,15,8,3,0.15,400,COLD_RESTART,0.25,1.0,5,3,16,COLD_RESTART,7,300,86,9,41,20,20,4,0,0.0,1.05,70.0,0.0,70.0
1045,16,400.0,15,8,3,0.15,400,COLD_RESTART,0.1,0.7,5,3,16,COLD_RESTART,10,374,19,3,1,6,6,3,0,0.0,3.6666666666666665,100.0,0.0,100.0
1046,16,400.0,15,8,3,0.15,400,COLD_RESTART,0.1,0.9,5,3,16,COLD_RESTART,9,305,77,11,8,20,19,5,6,0.050000000000000044,3.263157894736842,90.0,0.0,90.0
1047,16,400.0,15,8,3,0.15,400,COLD_RESTART,0.1,1.0,5,3,16,COLD_RESTART,9,305,77,11,8,20,19,5,6,0.050000000000000044,3.263157894736842,90.0,0.0,90.0
1049,16,400.0,15,8,3,0.15,400,COLD_RESTART,0.25,0.7,5,3,16,COLD_RESTART,2,126,243,24,66,63,63,5,4,0.0,1.7301587301587302,20.0,0.0,20.0
1038,16,400.0,15,8,3,0.15,400,OPEN_LOOP,0.5,0.9,5,3,16,OPEN_LOOP,21,348,0,0,0,63,61,52,0,0.031746031746031744,2.0,210.0,0.0,210.0
1036,16,400.0,15,8,3,0.15,400,OPEN_LOOP,0.5,0.5,5,3,16,OPEN_LOOP,21,348,0,0,0,63,61,52,0,0.031746031746031744,2.0,210.0,0.0,210.0
1042,16,400.0,15,8,3,0.15,400,COLD_RESTART,0.0,0.9,5,3,16,COLD_RESTART,15,400,0,0,0,0,0,0,0,0.0,0.0,150.0,0.0,150.0
1048,16,400.0,15,8,3,0.15,400,COLD_RESTART,0.25,0.5,5,3,16,COLD_RESTART,3,220,155,12,53,44,44,7,0,0.0,1.7045454545454546,30.0,0.0,30.0
1057,16,400.0,15,8,3,0.15,400,CLOSED_LOOP,0.0,0.7,5,3,16,CLOSED_LOOP,15,400,0,0,0,0,0,0,0,0.0,0.0,150.0,0.0,150.0
1056,16,400.0,15,8,3,0.15,400,CLOSED_LOOP,0.0,0.5,5,3,16,CLOSED_LOOP,15,400,0,0,0,0,0,0,0,0.0,0.0,150.0,0.0,150.0
1058,16,400.0,15,8,3,0.15,400,CLOSED_LOOP,0.0,0.9,5,3,16,CLOSED_LOOP,15,400,0,0,0,0,0,0,0,0.0,0.0,150.0,0.0,150.0
1060,16,400.0,15,8,3,0.15,400,CLOSED_LOOP,0.1,0.5,5,3,16,CLOSED_LOOP,11,357,34,6,1,9,9,2,0,0.0,5.555555555555555,110.0,0.0,110.0
1061,16,400.0,15,8,3,0.15,400,CLOSED_LOOP,0.1,0.7,5,3,16,CLOSED_LOOP,10,374,19,3,1,6,6,3,0,0.0,3.6666666666666665,100.0,0.0,100.0
1054,16,400.0,15,8,3,0.15,400,COLD_RESTART,0.5,0.9,5,3,16,COLD_RESTART,0,66,310,11,238,89,89,8,1,0.0,1.0,0.0,0.0,0.0
1062,16,400.0,15,8,3,0.15,400,CLOSED_LOOP,0.1,0.9,5,3,16,CLOSED_LOOP,12,332,56,8,6,15,15,3,0,0.0,4.333333333333333,120.0,0.0,120.0
1055,16,400.0,15,8,3,0.15,400,COLD_RESTART,0.5,1.0,5,3,16,COLD_RESTART,1,62,315,16,172,88,88,4,0,0.0,1.0113636363636365,10.0,0.0,10.0
1053,16,400.0,15,8,3,0.15,400,COLD_RESTART,0.5,0.7,5,3,16,COLD_RESTART,0,64,315,19,205,85,84,2,2,0.0117647058823529,1.3214285714285714,0.0,0.0,0.0
1066,16,400.0,15,8,3,0.15,400,CLOSED_LOOP,0.25,0.9,5,3,16,CLOSED_LOOP,5,328,59,6,19,21,19,5,0,0.09523809523809523,1.1578947368421053,50.0,0.0,50.0
1059,16,400.0,15,8,3,0.15,400,CLOSED_LOOP,0.0,1.0,5,3,16,CLOSED_LOOP,15,400,0,0,0,0,0,0,0,0.0,0.0,150.0,0.0,150.0
1064,16,400.0,15,8,3,0.15,400,CLOSED_LOOP,0.25,0.5,5,3,16,CLOSED_LOOP,3,220,155,12,53,44,44,7,0,0.0,1.7045454545454546,30.0,0.0,30.0
1063,16,400.0,15,8,3,0.15,400,CLOSED_LOOP,0.1,1.0,5,3,16,CLOSED_LOOP,15,332,56,8,6,14,14,3,0,0.0,4.571428571428571,150.0,0.0,150.0
1052,16,400.0,15,8,3,0.15,400,COLD_RESTART,0.5,0.5,5,3,16,COLD_RESTART,0,18,362,20,239,93,93,0,0,0.0,1.021505376344086,0.0,0.0,0.0
1067,16,400.0,15,8,3,0.15,400,CLOSED_LOOP,0.25,1.0,5,3,16,CLOSED_LOOP,7,300,86,9,41,20,20,4,0,0.0,1.05,70.0,0.0,70.0
1072,16,400.0,15,8,3,0.15,400,GOVERNED,0.0,0.5,5,3,16,GOVERNED,15,400,0,0,0,0,0,0,0,0.0,0.0,150.0,0.0,150.0
1065,16,400.0,15,8,3,0.15,400,CLOSED_LOOP,0.25,0.7,5,3,16,CLOSED_LOOP,5,165,213,16,75,56,56,4,0,0.0,1.3392857142857142,50.0,0.0,50.0
1074,16,400.0,15,8,3,0.15,400,GOVERNED,0.0,0.9,5,3,16,GOVERNED,15,400,0,0,0,0,0,0,0,0.0,0.0,150.0,0.0,150.0
1075,16,400.0,15,8,3,0.15,400,GOVERNED,0.0,1.0,5,3,16,GOVERNED,15,400,0,0,0,0,0,0,0,0.0,0.0,150.0,0.0,150.0
1071,16,400.0,15,8,3,0.15,400,CLOSED_LOOP,0.5,1.0,5,3,16,CLOSED_LOOP,1,62,315,16,172,88,88,4,0,0.0,1.0113636363636365,10.0,0.0,10.0
1073,16,400.0,15,8,3,0.15,400,GOVERNED,0.0,0.7,5,3,16,GOVERNED,15,400,0,0,0,0,0,0,0,0.0,0.0,150.0,0.0,150.0
1078,16,400.0,15,8,3,0.15,400,GOVERNED,0.1,0.9,5,3,16,GOVERNED,12,332,56,8,6,15,15,3,0,0.0,4.333333333333333,120.0,0.0,120.0
1077,16,400.0,15,8,3,0.15,400,GOVERNED,0.1,0.7,5,3,16,GOVERNED,10,374,19,3,1,6,6,3,0,0.0,3.6666666666666665,100.0,0.0,100.0
1068,16,400.0,15,8,3,0.15,400,CLOSED_LOOP,0.5,0.5,5,3,16,CLOSED_LOOP,0,18,362,20,239,93,93,0,0,0.0,1.021505376344086,0.0,0.0,0.0
1076,16,400.0,15,8,3,0.15,400,GOVERNED,0.1,0.5,5,3,16,GOVERNED,11,357,34,6,1,9,9,2,0,0.0,5.555555555555555,110.0,0.0,110.0
1069,16,400.0,15,8,3,0.15,400,CLOSED_LOOP,0.5,0.7,5,3,16,CLOSED_LOOP,1,20,363,14,221,94,94,2,0,0.0,1.0,10.0,0.0,10.0
1082,16,400.0,15,8,3,0.15,400,GOVERNED,0.25,0.9,5,3,16,GOVERNED,5,328,59,6,19,21,19,5,0,0.09523809523809523,1.1578947368421053,50.0,0.0,50.0
1070,16,400.0,15,8,3,0.15,400,CLOSED_LOOP,0.5,0.9,5,3,16,CLOSED_LOOP,0,28,354,16,269,93,92,2,0,0.010752688172043001,1.0326086956521738,0.0,0.0,0.0
1079,16,400.0,15,8,3,0.15,400,GOVERNED,0.1,1.0,5,3,16,GOVERNED,15,332,56,8,6,14,14,3,0,0.0,4.571428571428571,150.0,0.0,150.0
1089,17,400.0,15,8,3,0.15,400,OPEN_LOOP,0.0,0.7,5,3,17,OPEN_LOOP,10,400,0,0,0,0,0,0,0,0.0,0.0,100.0,0.0,100.0
1080,16,400.0,15,8,3,0.15,400,GOVERNED,0.25,0.5,5,3,16,GOVERNED,3,220,155,12,53,44,44,7,0,0.0,1.7045454545454546,30.0,0.0,30.0
1088,17,400.0,15,8,3,0.15,400,OPEN_LOOP,0.0,0.5,5,3,17,OPEN_LOOP,10,400,0,0,0,0,0,0,0,0.0,0.0,100.0,0.0,100.0
1090,17,400.0,15,8,3,0.15,400,OPEN_LOOP,0.0,0.9,5,3,17,OPEN_LOOP,10,400,0,0,0,0,0,0,0,0.0,0.0,100.0,0.0,100.0
1083,16,400.0,15,8,3,0.15,400,GOVERNED,0.25,1.0,5,3,16,GOVERNED,7,300,86,9,41,20,20,4,0,0.0,1.05,70.0,0.0,70.0
1091,17,400.0,15,8,3,0.15,400,OPEN_LOOP,0.0,1.0,5,3,17,OPEN_LOOP,10,400,0,0,0,0,0,0,0,0.0,0.0,100.0,0.0,100.0
1086,16,400.0,15,8,3,0.15,400,GOVERNED,0.5,0.9,5,3,16,GOVERNED,0,28,354,16,269,93,92,2,0,0.010752688172043001,1.0326086956521738,0.0,0.0,0.0
1095,17,400.0,15,8,3,0.15,400,OPEN_LOOP,0.1,1.0,5,3,17,OPEN_LOOP,11,394,0,0,0,7,7,6,0,0.0,2.142857142857143,110.0,0.0,110.0
1092,17,400.0,15,8,3,0.15,400,OPEN_LOOP,0.1,0.5,5,3,17,OPEN_LOOP,11,394,0,0,0,7,7,6,0,0.0,2.142857142857143,110.0,0.0,110.0
1081,16,400.0,15,8,3,0.15,400,GOVERNED,0.25,0.7,5,3,16,GOVERNED,5,165,213,16,75,56,56,4,0,0.0,1.3392857142857142,50.0,0.0,50.0
1087,16,400.0,15,8,3,0.15,400,GOVERNED,0.5,1.0,5,3,16,GOVERNED,1,62,315,16,172,88,88,4,0,0.0,1.0113636363636365,10.0,0.0,10.0
1096,17,400.0,15,8,3,0.15,400,OPEN_LOOP,0.25,0.5,5,3,17,OPEN_LOOP,17,387,0,0,0,14,13,13,0,0.0714285714285714,1.0769230769230769,170.0,0.0,170.0
1097,17,400.0,15,8,3,0.15,400,OPEN_LOOP,0.25,0.7,5,3,17,OPEN_LOOP,17,387,0,0,0,14,13,13,0,0.0714285714285714,1.0769230769230769,170.0,0.0,170.0
1084,16,400.0,15,8,3,0.15,400,GOVERNED,0.5,0.5,5,3,16,GOVERNED,0,18,362,20,239,93,93,0,0,0.0,1.021505376344086,0.0,0.0,0.0
1098,17,400.0,15,8,3,0.15,400,OPEN_LOOP,0.25,0.9,5,3,17,OPEN_LOOP,17,387,0,0,0,14,13,13,0,0.0714285714285714,1.0769230769230769,170.0,0.0,170.0
1099,17,400.0,15,8,3,0.15,400,OPEN_LOOP,0.25,1.0,5,3,17,OPEN_LOOP,17,387,0,0,0,14,13,13,0,0.0714285714285714,1.0769230769230769,170.0,0.0,170.0
1094,17,400.0,15,8,3,0.15,400,OPEN_LOOP,0.1,0.9,5,3,17,OPEN_LOOP,11,394,0,0,0,7,7,6,0,0.0,2.142857142857143,110.0,0.0,110.0
1093,17,400.0,15,8,3,0.15,400,OPEN_LOOP,0.1,0.7,5,3,17,OPEN_LOOP,11,394,0,0,0,7,7,6,0,0.0,2.142857142857143,110.0,0.0,110.0
1085,16,400.0,15,8,3,0.15,400,GOVERNED,0.5,0.7,5,3,16,GOVERNED,1,20,363,14,221,94,94,2,0,0.0,1.0,10.0,0.0,10.0
1104,17,400.0,15,8,3,0.15,400,COLD_RESTART,0.0,0.5,5,3,17,COLD_RESTART,10,400,0,0,0,0,0,0,0,0.0,0.0,100.0,0.0,100.0
1100,17,400.0,15,8,3,0.15,400,OPEN_LOOP,0.5,0.5,5,3,17,OPEN_LOOP,16,368,0,0,0,42,42,32,0,0.0,1.6904761904761905,160.0,0.0,160.0
1105,17,400.0,15,8,3,0.15,400,COLD_RESTART,0.0,0.7,5,3,17,COLD_RESTART,10,400,0,0,0,0,0,0,0,0.0,0.0,100.0,0.0,100.0
1106,17,400.0,15,8,3,0.15,400,COLD_RESTART,0.0,0.9,5,3,17,COLD_RESTART,10,400,0,0,0,0,0,0,0,0.0,0.0,100.0,0.0,100.0
1108,17,400.0,15,8,3,0.15,400,COLD_RESTART,0.1,0.5,5,3,17,COLD_RESTART,6,343,48,6,9,13,13,2,1,0.0,2.3076923076923075,60.0,0.0,60.0
1101,17,400.0,15,8,3,0.15,400,OPEN_LOOP,0.5,0.7,5,3,17,OPEN_LOOP,16,368,0,0,0,42,42,32,0,0.0,1.6904761904761905,160.0,0.0,160.0
1110,17,400.0,15,8,3,0.15,400,COLD_RESTART,0.1,0.9,5,3,17,COLD_RESTART,8,336,54,9,8,13,13,0,1,0.0,2.1538461538461537,80.0,0.0,80.0
1113,17,400.0,15,8,3,0.15,400,COLD_RESTART,0.25,0.7,5,3,17,COLD_RESTART,6,274,108,15,31,26,26,3,4,0.0,1.0,60.0,0.0,60.0
1107,17,400.0,15,8,3,0.15,400,COLD_RESTART,0.0,1.0,5,3,17,COLD_RESTART,10,400,0,0,0,0,0,0,0,0.0,0.0,100.0,0.0,100.0
1111,17,400.0,15,8,3,0.15,400,COLD_RESTART,0.1,1.0,5,3,17,COLD_RESTART,9,349,42,8,5,10,10,1,1,0.0,3.2,90.0,0.0,90.0
1109,17,400.0,15,8,3,0.15,400,COLD_RESTART,0.1,0.7,5,3,17,COLD_RESTART,6,324,66,9,11,18,17,1,1,0.05555555555555558,1.9411764705882353,60.0,0.0,60.0
1103,17,400.0,15,8,3,0.15,400,OPEN_LOOP,0.5,1.0,5,3,17,OPEN_LOOP,16,368,0,0,0,42,42,32,0,0.0,1.6904761904761905,160.0,0.0,160.0
1114,17,400.0,15,8,3,0.15,400,COLD_RESTART,0.25,0.9,5,3,17,COLD_RESTART,4,267,109,15,24,32,32,9,7,0.0,1.375,40.0,0.0,40.0
1102,17,400.0,15,8,3,0.15,400,OPEN_LOOP,0.5,0.9,5,3,17,OPEN_LOOP,16,368,0,0,0,42,42,32,0,0.0,1.6904761904761905,160.0,0.0,160.0
1116,17,400.0,15,8,3,0.15,400,COLD_RESTART,0.5,0.5,5,3,17,COLD_RESTART,4,210,168,9,75,50,49,8,0,0.020000000000000018,1.2244897959183674,40.0,0.0,40.0
1121,17,400.0,15,8,3,0.15,400,CLOSED_LOOP,0.0,0.7,5,3,17,CLOSED_LOOP,10,400,0,0,0,0,0,0,0,0.0,0.0,100.0,0.0,100.0
1123,17,400.0,15,8,3,0.15,400,CLOSED_LOOP,0.0,1.0,5,3,17,CLOSED_LOOP,10,400,0,0,0,0,0,0,0,0.0,0.0,100.0,0.0,100.0
1124,17,400.0,15,8,3,0.15,400,CLOSED_LOOP,0.1,0.5,5,3,17,CLOSED_LOOP,8,364,31,5,4,7,7,0,0,0.0,2.142857142857143,80.0,0.0,80.0
1118,17,400.0,15,8,3,0.15,400,COLD_RESTART,0.5,0.9,5,3,17,COLD_RESTART,0,115,259,10,185,78,77,10,0,0.012820512820512775,1.051948051948052,0.0,0.0,0.0
1119,17,400.0,15,8,3,0.15,400,COLD_RESTART,0.5,1.0,5,3,17,COLD_RESTART,2,148,225,8,117,68,68,12,0,0.0,1.0441176470588236,20.0,0.0,20.0
1117,17,400.0,15,8,3,0.15,400,COLD_RESTART,0.5,0.7,5,3,17,COLD_RESTART,1,110,261,12,156,79,79,11,1,0.0,1.1139240506329113,10.0,0.0,10.0
1125,17,400.0,15,8,3,0.15,400,CLOSED_LOOP,0.1,0.7,5,3,17,CLOSED_LOOP,8,362,33,5,6,8,7,0,0,0.125,2.4285714285714284,80.0,0.0,80.0
1126,17,400.0,15,8,3,0.15,400,CLOSED_LOOP,0.1,0.9,5,3,17,CLOSED_LOOP,8,362,33,5,6,8,7,0,0,0.125,2.4285714285714284,80.0,0.0,80.0
1115,17,400.0,15,8,3,0.15,400,COLD_RESTART,0.25,1.0,5,3,17,COLD_RESTART,6,296,91,8,43,29,29,4,1,0.0,1.3103448275862069,60.0,0.0,60.0
1112,17,400.0,15,8,3,0.15,400,COLD_RESTART,0.25,0.5,5,3,17,COLD_RESTART,2,142,229,27,60,56,56,1,4,0.0,1.6428571428571428,20.0,0.0,20.0
1130,17,400.0,15,8,3,0.15,400,CLOSED_LOOP,0.25,0.9,5,3,17,CLOSED_LOOP,7,279,98,11,27,32,32,8,0,0.0,1.40625,70.0,0.0,70.0
1129,17,400.0,15,8,3,0.15,400,CLOSED_LOOP,0.25,0.7,5,3,17,CLOSED_LOOP,7,210,171,16,51,45,43,3,0,0.0444444444444444,1.3255813953488371,70.0,0.0,70.0
1127,17,400.0,15,8,3,0.15,400,CLOSED_LOOP,0.1,1.0,5,3,17,CLOSED_LOOP,8,363,32,5,5,8,8,0,0,0.0,2.5,80.0,0.0,80.0
1120,17,400.0,15,8,3,0.15,400,CLOSED_LOOP,0.0,0.5,5,3,17,CLOSED_LOOP,10,400,0,0,0,0,0,0,0,0.0,0.0,100.0,0.0,100.0
1122,17,400.0,15,8,3,0.15,400,CLOSED_LOOP,0.0,0.9,5,3,17,CLOSED_LOOP,10,400,0,0,0,0,0,0,0,0.0,0.0,100.0,0.0,100.0
1128,17,400.0,15,8,3,0.15,400,CLOSED_LOOP,0.25,0.5,5,3,17,CLOSED_LOOP,6,217,159,18,41,41,41,5,0,0.0,2.0,60.0,0.0,60.0
1136,17,400.0,15,8,3,0.15,400,GOVERNED,0.0,0.5,5,3,17,GOVERNED,10,400,0,0,0,0,0,0,0,0.0,0.0,100.0,0.0,100.0
1131,17,400.0,15,8,3,0.15,400,CLOSED_LOOP,0.25,1.0,5,3,17,CLOSED_LOOP,10,210,172,11,73,47,47,5,0,0.0,1.2765957446808511,100.0,0.0,100.0
1137,17,400.0,15,8,3,0.15,400,GOVERNED,0.0,0.7,5,3,17,GOVERNED,10,400,0,0,0,0,0,0,0,0.0,0.0,100.0,0.0,100.0
1139,17,400.0,15,8,3,0.15,400,GOVERNED,0.0,1.0,5,3,17,GOVERNED,10,400,0,0,0,0,0,0,0,0.0,0.0,100.0,0.0,100.0
1140,17,400.0,15,8,3,0.15,400,GOVERNED,0.1,0.5,5,3,17,GOVERNED,8,364,31,5,4,7,7,0,0,0.0,2.142857142857143,80.0,0.0,80.0
1138,17,400.0,15,8,3,0.15,400,GOVERNED,0.0,0.9,5,3,17,GOVERNED,10,400,0,0,0,0,0,0,0,0.0,0.0,100.0,0.0,100.0
1142,17,400.0,15,8,3,0.15,400,GOVERNED,0.1,0.9,5,3,17,GOVERNED,8,362,33,5,6,8,7,0,0,0.125,2.4285714285714284,80.0,0.0,80.0
1132,17,400.0,15,8,3,0.15,400,CLOSED_LOOP,0.5,0.5,5,3,17,CLOSED_LOOP,4,210,168,9,75,50,49,8,0,0.020000000000000018,1.2244897959183674,40.0,0.0,40.0
1134,17,400.0,15,8,3,0.15,400,CLOSED_LOOP,0.5,0.9,5,3,17,CLOSED_LOOP,0,115,259,10,185,78,77,10,0,0.012820512820512775,1.051948051948052,0.0,0.0,0.0
1133,17,400.0,15,8,3,0.15,400,CLOSED_LOOP,0.5,0.7,5,3,17,CLOSED_LOOP,1,167,210,13,100,60,60,7,0,0.0,1.6333333333333333,10.0,0.0,10.0
1141,17,400.0,15,8,3,0.15,400,GOVERNED,0.1,0.7,5,3,17,GOVERNED,8,362,33,5,6,8,7,0,0,0.125,2.4285714285714284,80.0,0.0,80.0
1143,17,400.0,15,8,3,0.15,400,GOVERNED,0.1,1.0,5,3,17,GOVERNED,8,363,32,5,5,8,8,0,0,0.0,2.5,80.0,0.0,80.0
1147,17,400.0,15,8,3,0.15,400,GOVERNED,0.25,1.0,5,3,17,GOVERNED,10,210,172,11,73,47,47,5,0,0.0,1.2765957446808511,100.0,0.0,100.0
1135,17,400.0,15,8,3,0.15,400,CLOSED_LOOP,0.5,1.0,5,3,17,CLOSED_LOOP,2,148,225,8,117,68,68,12,0,0.0,1.0441176470588236,20.0,0.0,20.0
1146,17,400.0,15,8,3,0.15,400,GOVERNED,0.25,0.9,5,3,17,GOVERNED,7,279,98,11,27,32,32,8,0,0.0,1.40625,70.0,0.0,70.0
1148,17,400.0,15,8,3,0.15,400,GOVERNED,0.5,0.5,5,3,17,GOVERNED,4,210,168,9,75,50,49,8,0,0.020000000000000018,1.2244897959183674,40.0,0.0,40.0
1152,18,400.0,15,8,3,0.15,400,OPEN_LOOP,0.0,0.5,5,3,18,OPEN_LOOP,10,400,0,0,0,0,0,0,0,0.0,0.0,100.0,0.0,100.0
1149,17,400.0,15,8,3,0.15,400,GOVERNED,0.5,0.7,5,3,17,GOVERNED,1,167,210,13,100,60,60,7,0,0.0,1.6333333333333333,10.0,0.0,10.0
1144,17,400.0,15,8,3,0.15,400,GOVERNED,0.25,0.5,5,3,17,GOVERNED,6,217,159,18,41,41,41,5,0,0.0,2.0,60.0,0.0,60.0
1145,17,400.0,15,8,3,0.15,400,GOVERNED,0.25,0.7,5,3,17,GOVERNED,7,210,171,16,51,45,43,3,0,0.0444444444444444,1.3255813953488371,70.0,0.0,70.0
1155,18,400.0,15,8,3,0.15,400,OPEN_LOOP,0.0,1.0,5,3,18,OPEN_LOOP,10,400,0,0,0,0,0,0,0,0.0,0.0,100.0,0.0,100.0
1150,17,400.0,15,8,3,0.15,400,GOVERNED,0.5,0.9,5,3,17,GOVERNED,0,115,259,10,185,78,77,10,0,0.012820512820512775,1.051948051948052,0.0,0.0,0.0
1153,18,400.0,15,8,3,0.15,400,OPEN_LOOP,0.0,0.7,5,3,18,OPEN_LOOP,10,400,0,0,0,0,0,0,0,0.0,0.0,100.0,0.0,100.0
1156,18,400.0,15,8,3,0.15,400,OPEN_LOOP,0.1,0.5,5,3,18,OPEN_LOOP,6,397,0,0,0,4,4,3,0,0.0,1.5,60.0,0.0,60.0
1159,18,400.0,15,8,3,0.15,400,OPEN_LOOP,0.1,1.0,5,3,18,OPEN_LOOP,6,397,0,0,0,4,4,3,0,0.0,1.5,60.0,0.0,60.0
1151,17,400.0,15,8,3,0.15,400,GOVERNED,0.5,1.0,5,3,17,GOVERNED,2,148,225,8,117,68,68,12,0,0.0,1.0441176470588236,20.0,0.0,20.0
1160,18,400.0,15,8,3,0.15,400,OPEN_LOOP,0.25,0.5,5,3,18,OPEN_LOOP,7,394,0,0,0,6,6,6,0,0.0,1.8333333333333333,70.0,0.0,70.0
1158,18,400.0,15,8,3,0.15,400,OPEN_LOOP,0.1,0.9,5,3,18,OPEN_LOOP,6,397,0,0,0,4,4,3,0,0.0,1.5,60.0,0.0,60.0
1162,18,400.0,15,8,3,0.15,400,OPEN_LOOP,0.25,0.9,5,3,18,OPEN_LOOP,7,394,0,0,0,6,6,6,0,0.0,1.8333333333333333,70.0,0.0,70.0
1163,18,400.0,15,8,3,0.15,400,OPEN_LOOP,0.25,1.0,5,3,18,OPEN_LOOP,7,394,0,0,0,6,6,6,0,0.0,1.8333333333333333,70.0,0.0,70.0
1157,18,400.0,15,8,3,0.15,400,OPEN_LOOP,0.1,0.7,5,3,18,OPEN_LOOP,6,397,0,0,0,4,4,3,0,0.0,1.5,60.0,0.0,60.0
1164,18,400.0,15,8,3,0.15,400,OPEN_LOOP,0.5,0.5,5,3,18,OPEN_LOOP,13,364,0,0,0,43,43,36,0,0.0,1.5116279069767442,130.0,0.0,130.0
1169,18,400.0,15,8,3,0.15,400,COLD_RESTART,0.0,0.7,5,3,18,COLD_RESTART,10,400,0,0,0,0,0,0,0,0.0,0.0,100.0,0.0,100.0
1165,18,400.0,15,8,3,0.15,400,OPEN_LOOP,0.5,0.7,5,3,18,OPEN_LOOP,13,364,0,0,0,43,43,36,0,0.0,1.5116279069767442,130.0,0.0,130.0
1154,18,400.0,15,8,3,0.15,400,OPEN_LOOP,0.0,0.9,5,3,18,OPEN_LOOP,10,400,0,0,0,0,0,0,0,0.0,0.0,100.0,0.0,100.0
1167,18,400.0,15,8,3,0.15,400,OPEN_LOOP,0.5,1.0,5,3,18,OPEN_LOOP,13,364,0,0,0,43,43,36,0,0.0,1.5116279069767442,130.0,0.0,130.0
1168,18,400.0,15,8,3,0.15,400,COLD_RESTART,0.0,0.5,5,3,18,COLD_RESTART,10,400,0,0,0,0,0,0,0,0.0,0.0,100.0,0.0,100.0
1161,18,400.0,15,8,3,0.15,400,OPEN_LOOP,0.25,0.7,5,3,18,OPEN_LOOP,7,394,0,0,0,6,6,6,0,0.0,1.8333333333333333,70.0,0.0,70.0
1170,18,400.0,15,8,3,0.15,400,COLD_RESTART,0.0,0.9,5,3,18,COLD_RESTART,10,400,0,0,0,0,0,0,0,0.0,0.0,100.0,0.0,100.0
1172,18,400.0,15,8,3,0.15,400,COLD_RESTART,0.1,0.5,5,3,18,COLD_RESTART,8,373,22,4,2,5,5,1,0,0.0,2.0,80.0,0.0,80.0
1173,18,400.0,15,8,3,0.15,400,COLD_RESTART,0.1,0.7,5,3,18,COLD_RESTART,8,373,22,4,2,5,5,1,0,0.0,2.0,80.0,0.0,80.0
1174,18,400.0,15,8,3,0.15,400,COLD_RESTART,0.1,0.9,5,3,18,COLD_RESTART,8,373,22,4,2,5,5,1,0,0.0,2.0,80.0,0.0,80.0
1175,18,400.0,15,8,3,0.15,400,COLD_RESTART,0.1,1.0,5,3,18,COLD_RESTART,8,373,22,4,2,5,5,1,0,0.0,2.0,80.0,0.0,80.0
1171,18,400.0,15,8,3,0.15,400,COLD_RESTART,0.0,1.0,5,3,18,COLD_RESTART,10,400,0,0,0,0,0,0,0,0.0,0.0,100.0,0.0,100.0
1178,18,400.0,15,8,3,0.15,400,COLD_RESTART,0.25,0.9,5,3,18,COLD_RESTART,4,340,50,4,12,16,16,4,0,0.0,1.625,40.0,0.0,40.0
1176,18,400.0,15,8,3,0.15,400,COLD_RESTART,0.25,0.5,5,3,18,COLD_RESTART,3,288,95,8,23,30,30,7,0,0.0,2.1333333333333333,30.0,0.0,30.0
1184,18,400.0,15,8,3,0.15,400,CLOSED_LOOP,0.0,0.5,5,3,18,CLOSED_LOOP,10,400,0,0,0,0,0,0,0,0.0,0.0,100.0,0.0,100.0
1185,18,400.0,15,8,3,0.15,400,CLOSED_LOOP,0.0,0.7,5,3,18,CLOSED_LOOP,10,400,0,0,0,0,0,0,0,0.0,0.0,100.0,0.0,100.0
1186,18,400.0,15,8,3,0.15,400,CLOSED_LOOP,0.0,0.9,5,3,18,CLOSED_LOOP,10,400,0,0,0,0,0,0,0,0.0,0.0,100.0,0.0,100.0
1166,18,400.0,15,8,3,0.15,400,OPEN_LOOP,0.5,0.9,5,3,18,OPEN_LOOP,13,364,0,0,0,43,43,36,0,0.0,1.5116279069767442,130.0,0.0,130.0
1183,18,400.0,15,8,3,0.15,400,COLD_RESTART,0.5,1.0,5,3,18,COLD_RESTART,1,182,198,7,124,59,59,8,0,0.0,1.2033898305084745,10.0,0.0,10.0
1187,18,400.0,15,8,3,0.15,400,CLOSED_LOOP,0.0,1.0,5,3,18,CLOSED_LOOP,10,400,0,0,0,0,0,0,0,0.0,0.0,100.0,0.0,100.0
1182,18,400.0,15,8,3,0.15,400,COLD_RESTART,0.5,0.9,5,3,18,COLD_RESTART,2,215,161,5,90,51,50,11,0,0.019607843137254943,1.18,20.0,0.0,20.0
1190,18,400.0,15,8,3,0.15,400,CLOSED_LOOP,0.1,0.9,5,3,18,CLOSED_LOOP,8,373,22,4,2,5,5,1,0,0.0,2.0,80.0,0.0,80.0
1191,18,400.0,15,8,3,0.15,400,CLOSED_LOOP,0.1,1.0,5,3,18,CLOSED_LOOP,8,373,22,4,2,5,5,1,0,0.0,2.0,80.0,0.0,80.0
1179,18,400.0,15,8,3,0.15,400,COLD_RESTART,0.25,1.0,5,3,18,COLD_RESTART,0,55,317,25,123,81,80,3,8,0.012345679012345734,1.0375,0.0,0.0,0.0
1188,18,400.0,15,8,3,0.15,400,CLOSED_LOOP,0.1,0.5,5,3,18,CLOSED_LOOP,8,373,22,4,2,5,5,1,0,0.0,2.0,80.0,0.0,80.0
1180,18,400.0,15,8,3,0.15,400,COLD_RESTART,0.5,0.5,5,3,18,COLD_RESTART,1,45,335,15,229,83,83,2,2,0.0,1.0240963855421688,10.0,0.0,10.0
1189,18,400.0,15,8,3,0.15,400,CLOSED_LOOP,0.1,0.7,5,3,18,CLOSED_LOOP,8,373,22,4,2,5,5,1,0,0.0,2.0,80.0,0.0,80.0
1194,18,400.0,15,8,3,0.15,400,CLOSED_LOOP,0.25,0.9,5,3,18,CLOSED_LOOP,4,340,50,4,12,16,16,4,0,0.0,1.625,40.0,0.0,40.0
1193,18,400.0,15,8,3,0.15,400,CLOSED_LOOP,0.25,0.7,5,3,18,CLOSED_LOOP,7,279,102,14,18,26,25,4,0,0.038461538461538436,2.4,70.0,0.0,70.0
1195,18,400.0,15,8,3,0.15,400,CLOSED_LOOP,0.25,1.0,5,3,18,CLOSED_LOOP,5,146,231,21,78,59,58,1,0,0.016949152542372836,1.0344827586206897,50.0,0.0,50.0
1200,18,400.0,15,8,3,0.15,400,GOVERNED,0.0,0.5,5,3,18,GOVERNED,10,400,0,0,0,0,0,0,0,0.0,0.0,100.0,0.0,100.0
1201,18,400.0,15,8,3,0.15,400,GOVERNED,0.0,0.7,5,3,18,GOVERNED,10,400,0,0,0,0,0,0,0,0.0,0.0,100.0,0.0,100.0
1202,18,400.0,15,8,3,0.15,400,GOVERNED,0.0,0.9,5,3,18,GOVERNED,10,400,0,0,0,0,0,0,0,0.0,0.0,100.0,0.0,100.0
1198,18,400.0,15,8,3,0.15,400,CLOSED_LOOP,0.5,0.9,5,3,18,CLOSED_LOOP,2,215,161,5,90,51,50,11,0,0.019607843137254943,1.18,20.0,0.0,20.0
1177,18,400.0,15,8,3,0.15,400,COLD_RESTART,0.25,0.7,5,3,18,COLD_RESTART,3,188,193,14,66,51,51,4,7,0.0,1.0196078431372548,30.0,0.0,30.0
1192,18,400.0,15,8,3,0.15,400,CLOSED_LOOP,0.25,0.5,5,3,18,CLOSED_LOOP,3,288,95,8,23,30,30,7,0,0.0,2.1333333333333333,30.0,0.0,30.0
1204,18,400.0,15,8,3,0.15,400,GOVERNED,0.1,0.5,5,3,18,GOVERNED,8,373,22,4,2,5,5,1,0,0.0,2.0,80.0,0.0,80.0
1181,18,400.0,15,8,3,0.15,400,COLD_RESTART,0.5,0.7,5,3,18,COLD_RESTART,2,94,292,9,129,74,73,3,1,0.013513513513513487,1.1643835616438356,20.0,0.0,20.0
1206,18,400.0,15,8,3,0.15,400,GOVERNED,0.1,0.9,5,3,18,GOVERNED,8,373,22,4,2,5,5,1,0,0.0,2.0,80.0,0.0,80.0
1196,18,400.0,15,8,3,0.15,400,CLOSED_LOOP,0.5,0.5,5,3,18,CLOSED_LOOP,4,92,273,12,148,78,78,12,0,0.0,1.0,40.0,0.0,40.0
1207,18,400.0,15,8,3,0.15,400,GOVERNED,0.1,1.0,5,3,18,GOVERNED,8,373,22,4,2,5,5,1,0,0.0,2.0,80.0,0.0,80.0
1210,18,400.0,15,8,3,0.15,400,GOVERNED,0.25,0.9,5,3,18,GOVERNED,4,340,50,4,12,16,16,4,0,0.0,1.625,40.0,0.0,40.0
1209,18,400.0,15,8,3,0.15,400,GOVERNED,0.25,0.7,5,3,18,GOVERNED,7,279,102,14,18,26,25,4,0,0.038461538461538436,2.4,70.0,0.0,70.0
1205,18,400.0,15,8,3,0.15,400,GOVERNED,0.1,0.7,5,3,18,GOVERNED,8,373,22,4,2,5,5,1,0,0.0,2.0,80.0,0.0,80.0
1197,18,400.0,15,8,3,0.15,400,CLOSED_LOOP,0.5,0.7,5,3,18,CLOSED_LOOP,2,88,300,8,164,75,75,2,0,0.0,1.16,20.0,0.0,20.0
1203,18,400.0,15,8,3,0.15,400,GOVERNED,0.0,1.0,5,3,18,GOVERNED,10,400,0,0,0,0,0,0,0,0.0,0.0,100.0,0.0,100.0
1216,19,400.0,15,8,3,0.15,400,OPEN_LOOP,0.0,0.5,5,3,19,OPEN_LOOP,11,400,0,0,0,0,0,0,0,0.0,0.0,110.0,0.0,110.0
1214,18,400.0,15,8,3,0.15,400,GOVERNED,0.5,0.9,5,3,18,GOVERNED,2,215,161,5,90,51,50,11,0,0.019607843137254943,1.18,20.0,0.0,20.0
1208,18,400.0,15,8,3,0.15,400,GOVERNED,0.25,0.5,5,3,18,GOVERNED,3,288,95,8,23,30,30,7,0,0.0,2.1333333333333333,30.0,0.0,30.0
1211,18,400.0,15,8,3,0.15,400,GOVERNED,0.25,1.0,5,3,18,GOVERNED,5,146,231,21,78,59,58,1,0,0.016949152542372836,1.0344827586206897,50.0,0.0,50.0
1219,19,400.0,15,8,3,0.15,400,OPEN_LOOP,0.0,1.0,5,3,19,OPEN_LOOP,11,400,0,0,0,0,0,0,0,0.0,0.0,110.0,0.0,110.0
1199,18,400.0,15,8,3,0.15,400,CLOSED_LOOP,0.5,1.0,5,3,18,CLOSED_LOOP,1,182,198,7,124,59,59,8,0,0.0,1.2033898305084745,10.0,0.0,10.0
1215,18,400.0,15,8,3,0.15,400,GOVERNED,0.5,1.0,5,3,18,GOVERNED,1,182,198,7,124,59,59,8,0,0.0,1.2033898305084745,10.0,0.0,10.0
1217,19,400.0,15,8,3,0.15,400,OPEN_LOOP,0.0,0.7,5,3,19,OPEN_LOOP,11,400,0,0,0,0,0,0,0,0.0,0.0,110.0,0.0,110.0
1218,19,400.0,15,8,3,0.15,400,OPEN_LOOP,0.0,0.9,5,3,19,OPEN_LOOP,11,400,0,0,0,0,0,0,0,0.0,0.0,110.0,0.0,110.0
1222,19,400.0,15,8,3,0.15,400,OPEN_LOOP,0.1,0.9,5,3,19,OPEN_LOOP,10,395,0,0,0,4,4,5,0,0.0,1.5,100.0,0.0,100.0
1223,19,400.0,15,8,3,0.15,400,OPEN_LOOP,0.1,1.0,5,3,19,OPEN_LOOP,10,395,0,0,0,4,4,5,0,0.0,1.5,100.0,0.0,100.0
1220,19,400.0,15,8,3,0.15,400,OPEN_LOOP,0.1,0.5,5,3,19,OPEN_LOOP,10,395,0,0,0,4,4,5,0,0.0,1.5,100.0,0.0,100.0
1224,19,400.0,15,8,3,0.15,400,OPEN_LOOP,0.25,0.5,5,3,19,OPEN_LOOP,21,368,0,0,0,37,37,32,0,0.0,3.3783783783783785,210.0,0.0,210.0
1225,19,400.0,15,8,3,0.15,400,OPEN_LOOP,0.25,0.7,5,3,19,OPEN_LOOP,21,368,0,0,0,37,37,32,0,0.0,3.3783783783783785,210.0,0.0,210.0
1212,18,400.0,15,8,3,0.15,400,GOVERNED,0.5,0.5,5,3,18,GOVERNED,4,92,273,12,148,78,78,12,0,0.0,1.0,40.0,0.0,40.0
1226,19,400.0,15,8,3,0.15,400,OPEN_LOOP,0.25,0.9,5,3,19,OPEN_LOOP,21,368,0,0,0,37,37,32,0,0.0,3.3783783783783785,210.0,0.0,210.0
1221,19,400.0,15,8,3,0.15,400,OPEN_LOOP,0.1,0.7,5,3,19,OPEN_LOOP,10,395,0,0,0,4,4,5,0,0.0,1.5,100.0,0.0,100.0
1229,19,400.0,15,8,3,0.15,400,OPEN_LOOP,0.5,0.7,5,3,19,OPEN_LOOP,16,372,0,0,0,39,38,28,0,0.02564102564102566,1.2105263157894737,160.0,0.0,160.0
1213,18,400.0,15,8,3,0.15,400,GOVERNED,0.5,0.7,5,3,18,GOVERNED,2,88,300,8,164,75,75,2,0,0.0,1.16,20.0,0.0,20.0
1231,19,400.0,15,8,3,0.15,400,OPEN_LOOP,0.5,1.0,5,3,19,OPEN_LOOP,16,372,0,0,0,39,38,28,0,0.02564102564102566,1.2105263157894737,160.0,0.0,160.0
1233,19,400.0,15,8,3,0.15,400,COLD_RESTART,0.0,0.7,5,3,19,COLD_RESTART,11,400,0,0,0,0,0,0,0,0.0,0.0,110.0,0.0,110.0
1235,19,400.0,15,8,3,0.15,400,COLD_RESTART,0.0,1.0,5,3,19,COLD_RESTART,11,400,0,0,0,0,0,0,0,0.0,0.0,110.0,0.0,110.0
1232,19,400.0,15,8,3,0.15,400,COLD_RESTART,0.0,0.5,5,3,19,COLD_RESTART,11,400,0,0,0,0,0,0,0,0.0,0.0,110.0,0.0,110.0
1237,19,400.0,15,8,3,0.15,400,COLD_RESTART,0.1,0.7,5,3,19,COLD_RESTART,10,308,73,12,10,17,17,5,5,0.0,1.8235294117647058,100.0,0.0,100.0
1228,19,400.0,15,8,3,0.15,400,OPEN_LOOP,0.5,0.5,5,3,19,OPEN_LOOP,16,372,0,0,0,39,38,28,0,0.02564102564102566,1.2105263157894737,160.0,0.0,160.0
1230,19,400.0,15,8,3,0.15,400,OPEN_LOOP,0.5,0.9,5,3,19,OPEN_LOOP,16,372,0,0,0,39,38,28,0,0.02564102564102566,1.2105263157894737,160.0,0.0,160.0
1234,19,400.0,15,8,3,0.15,400,COLD_RESTART,0.0,0.9,5,3,19,COLD_RESTART,11,400,0,0,0,0,0,0,0,0.0,0.0,110.0,0.0,110.0
1239,19,400.0,15,8,3,0.15,400,COLD_RESTART,0.1,1.0,5,3,19,COLD_RESTART,7,292,92,13,13,23,23,2,2,0.0,1.826086956521739,70.0,0.0,70.0
1227,19,400.0,15,8,3,0.15,400,OPEN_LOOP,0.25,1.0,5,3,19,OPEN_LOOP,21,368,0,0,0,37,37,32,0,0.0,3.3783783783783785,210.0,0.0,210.0
1236,19,400.0,15,8,3,0.15,400,COLD_RESTART,0.1,0.5,5,3,19,COLD_RESTART,10,309,77,13,9,18,16,1,2,0.11111111111111116,2.75,100.0,0.0,100.0
1238,19,400.0,15,8,3,0.15,400,COLD_RESTART,0.1,0.9,5,3,19,COLD_RESTART,12,277,105,16,13,23,23,2,5,0.0,2.1739130434782608,120.0,0.0,120.0
1240,19,400.0,15,8,3,0.15,400,COLD_RESTART,0.25,0.5,5,3,19,COLD_RESTART,5,263,123,11,48,33,32,3,0,0.030303030303030276,1.40625,50.0,0.0,50.0
1241,19,400.0,15,8,3,0.15,400,COLD_RESTART,0.25,0.7,5,3,19,COLD_RESTART,3,340,49,4,16,19,18,4,0,0.052631578947368474,1.3888888888888888,30.0,0.0,30.0
1243,19,400.0,15,8,3,0.15,400,COLD_RESTART,0.25,1.0,5,3,19,COLD_RESTART,2,232,152,9,73,43,42,5,1,0.023255813953488413,1.1666666666666667,20.0,0.0,20.0
1249,19,400.0,15,8,3,0.15,400,CLOSED_LOOP,0.0,0.7,5,3,19,CLOSED_LOOP,11,400,0,0,0,0,0,0,0,0.0,0.0,110.0,0.0,110.0
1248,19,400.0,15,8,3,0.15,400,CLOSED_LOOP,0.0,0.5,5,3,19,CLOSED_LOOP,11,400,0,0,0,0,0,0,0,0.0,0.0,110.0,0.0,110.0
1252,19,400.0,15,8,3,0.15,400,CLOSED_LOOP,0.1,0.5,5,3,19,CLOSED_LOOP,10,314,72,13,8,17,16,1,0,0.05882352941176472,3.9375,100.0,0.0,100.0
1250,19,400.0,15,8,3,0.15,400,CLOSED_LOOP,0.0,0.9,5,3,19,CLOSED_LOOP,11,400,0,0,0,0,0,0,0,0.0,0.0,110.0,0.0,110.0
1251,19,400.0,15,8,3,0.15,400,CLOSED_LOOP,0.0,1.0,5,3,19,CLOSED_LOOP,11,400,0,0,0,0,0,0,0,0.0,0.0,110.0,0.0,110.0
1253,19,400.0,15,8,3,0.15,400,CLOSED_LOOP,0.1,0.7,5,3,19,CLOSED_LOOP,10,348,42,8,3,10,10,2,0,0.0,2.4,100.0,0.0,100.0
1242,19,400.0,15,8,3,0.15,400,COLD_RESTART,0.25,0.9,5,3,19,COLD_RESTART,4,305,85,5,38,28,27,3,0,0.0357142857142857,1.2962962962962963,40.0,0.0,40.0
1254,19,400.0,15,8,3,0.15,400,CLOSED_LOOP,0.1,0.9,5,3,19,CLOSED_LOOP,10,348,42,8,3,10,10,2,0,0.0,2.4,100.0,0.0,100.0
1255,19,400.0,15,8,3,0.15,400,CLOSED_LOOP,0.1,1.0,5,3,19,CLOSED_LOOP,7,296,90,12,12,23,22,2,0,0.04347826086956519,1.8636363636363635,70.0,0.0,70.0
1256,19,400.0,15,8,3,0.15,400,CLOSED_LOOP,0.25,0.5,5,3,19,CLOSED_LOOP,5,263,123,11,48,33,32,3,0,0.030303030303030276,1.40625,50.0,0.0,50.0
1257,19,400.0,15,8,3,0.15,400,CLOSED_LOOP,0.25,0.7,5,3,19,CLOSED_LOOP,3,340,49,4,16,19,18,4,0,0.052631578947368474,1.3888888888888888,30.0,0.0,30.0
1246,19,400.0,15,8,3,0.15,400,COLD_RESTART,0.5,0.9,5,3,19,COLD_RESTART,0,143,233,14,163,62,62,6,0,0.0,1.1129032258064515,0.0,0.0,0.0
1247,19,400.0,15,8,3,0.15,400,COLD_RESTART,0.5,1.0,5,3,19,COLD_RESTART,3,181,190,18,80,52,52,7,1,0.0,1.3269230769230769,30.0,0.0,30.0
1244,19,400.0,15,8,3,0.15,400,COLD_RESTART,0.5,0.5,5,3,19,COLD_RESTART,0,124,258,13,125,68,68,4,0,0.0,1.0588235294117647,0.0,0.0,0.0
1264,19,400.0,15,8,3,0.15,400,GOVERNED,0.0,0.5,5,3,19,GOVERNED,11,400,0,0,0,0,0,0,0,0.0,0.0,110.0,0.0,110.0
1245,19,400.0,15,8,3,0.15,400,COLD_RESTART,0.5,0.7,5,3,19,COLD_RESTART,0,196,188,9,155,47,47,5,0,0.0,1.127659574468085,0.0,0.0,0.0
1266,19,400.0,15,8,3,0.15,400,GOVERNED,0.0,0.9,5,3,19,GOVERNED,11,400,0,0,0,0,0,0,0,0.0,0.0,110.0,0.0,110.0
1262,19,400.0,15,8,3,0.15,400,CLOSED_LOOP,0.5,0.9,5,3,19,CLOSED_LOOP,0,143,233,14,163,62,62,6,0,0.0,1.1129032258064515,0.0,0.0,0.0
1265,19,400.0,15,8,3,0.15,400,GOVERNED,0.0,0.7,5,3,19,GOVERNED,11,400,0,0,0,0,0,0,0,0.0,0.0,110.0,0.0,110.0
1263,19,400.0,15,8,3,0.15,400,CLOSED_LOOP,0.5,1.0,5,3,19,CLOSED_LOOP,3,202,172,15,71,50,50,7,0,0.0,1.2,30.0,0.0,30.0
1267,19,400.0,15,8,3,0.15,400,GOVERNED,0.0,1.0,5,3,19,GOVERNED,11,400,0,0,0,0,0,0,0,0.0,0.0,110.0,0.0,110.0
1269,19,400.0,15,8,3,0.15,400,GOVERNED,0.1,0.7,5,3,19,GOVERNED,10,348,42,8,3,10,10,2,0,0.0,2.4,100.0,0.0,100.0
1258,19,400.0,15,8,3,0.15,400,CLOSED_LOOP,0.25,0.9,5,3,19,CLOSED_LOOP,4,305,85,5,38,28,27,3,0,0.0357142857142857,1.2962962962962963,40.0,0.0,40.0
1259,19,400.0,15,8,3,0.15,400,CLOSED_LOOP,0.25,1.0,5,3,19,CLOSED_LOOP,4,247,140,8,69,41,40,4,0,0.024390243902439046,1.2,40.0,0.0,40.0
1261,19,400.0,15,8,3,0.15,400,CLOSED_LOOP,0.5,0.7,5,3,19,CLOSED_LOOP,0,196,188,9,155,47,47,5,0,0.0,1.127659574468085,0.0,0.0,0.0
1271,19,400.0,15,8,3,0.15,400,GOVERNED,0.1,1.0,5,3,19,GOVERNED,7,296,90,12,12,23,22,2,0,0.04347826086956519,1.8636363636363635,70.0,0.0,70.0
1260,19,400.0,15,8,3,0.15,400,CLOSED_LOOP,0.5,0.5,5,3,19,CLOSED_LOOP,0,124,258,13,125,68,68,4,0,0.0,1.0588235294117647,0.0,0.0,0.0
1273,19,400.0,15,8,3,0.15,400,GOVERNED,0.25,0.7,5,3,19,GOVERNED,3,340,49,4,16,19,18,4,0,0.052631578947368474,1.3888888888888888,30.0,0.0,30.0
1272,19,400.0,15,8,3,0.15,400,GOVERNED,0.25,0.5,5,3,19,GOVERNED,5,263,123,11,48,33,32,3,0,0.030303030303030276,1.40625,50.0,0.0,50.0
1270,19,400.0,15,8,3,0.15,400,GOVERNED,0.1,0.9,5,3,19,GOVERNED,10,348,42,8,3,10,10,2,0,0.0,2.4,100.0,0.0,100.0
1268,19,400.0,15,8,3,0.15,400,GOVERNED,0.1,0.5,5,3,19,GOVERNED,10,314,72,13,8,17,16,1,0,0.05882352941176472,3.9375,100.0,0.0,100.0
1275,19,400.0,15,8,3,0.15,400,GOVERNED,0.25,1.0,5,3,19,GOVERNED,4,247,140,8,69,41,40,4,0,0.024390243902439046,1.2,40.0,0.0,40.0
1274,19,400.0,15,8,3,0.15,400,GOVERNED,0.25,0.9,5,3,19,GOVERNED,4,305,85,5,38,28,27,3,0,0.0357142857142857,1.2962962962962963,40.0,0.0,40.0
1280,20,400.0,15,8,3,0.15,400,OPEN_LOOP,0.0,0.5,5,3,20,OPEN_LOOP,17,400,0,0,0,0,0,0,0,0.0,0.0,170.0,0.0,170.0
1281,20,400.0,15,8,3,0.15,400,OPEN_LOOP,0.0,0.7,5,3,20,OPEN_LOOP,17,400,0,0,0,0,0,0,0,0.0,0.0,170.0,0.0,170.0
1283,20,400.0,15,8,3,0.15,400,OPEN_LOOP,0.0,1.0,5,3,20,OPEN_LOOP,17,400,0,0,0,0,0,0,0,0.0,0.0,170.0,0.0,170.0
1279,19,400.0,15,8,3,0.15,400,GOVERNED,0.5,1.0,5,3,19,GOVERNED,3,202,172,15,71,50,50,7,0,0.0,1.2,30.0,0.0,30.0
1286,20,400.0,15,8,3,0.15,400,OPEN_LOOP,0.1,0.9,5,3,20,OPEN_LOOP,15,390,0,0,0,11,10,10,0,0.09090909090909094,3.8,150.0,0.0,150.0
1285,20,400.0,15,8,3,0.15,400,OPEN_LOOP,0.1,0.7,5,3,20,OPEN_LOOP,15,390,0,0,0,11,10,10,0,0.09090909090909094,3.8,150.0,0.0,150.0
1276,19,400.0,15,8,3,0.15,400,GOVERNED,0.5,0.5,5,3,19,GOVERNED,0,124,258,13,125,68,68,4,0,0.0,1.0588235294117647,0.0,0.0,0.0
1278,19,400.0,15,8,3,0.15,400,GOVERNED,0.5,0.9,5,3,19,GOVERNED,0,143,233,14,163,62,62,6,0,0.0,1.1129032258064515,0.0,0.0,0.0
1282,20,400.0,15,8,3,0.15,400,OPEN_LOOP,0.0,0.9,5,3,20,OPEN_LOOP,17,400,0,0,0,0,0,0,0,0.0,0.0,170.0,0.0,170.0
1289,20,400.0,15,8,3,0.15,400,OPEN_LOOP,0.25,0.7,5,3,20,OPEN_LOOP,18,384,0,0,0,24,22,16,0,0.08333333333333337,2.1818181818181817,180.0,0.0,180.0
1287,20,400.0,15,8,3,0.15,400,OPEN_LOOP,0.1,1.0,5,3,20,OPEN_LOOP,15,390,0,0,0,11,10,10,0,0.09090909090909094,3.8,150.0,0.0,150.0
1290,20,400.0,15,8,3,0.15,400,OPEN_LOOP,0.25,0.9,5,3,20,OPEN_LOOP,18,384,0,0,0,24,22,16,0,0.08333333333333337,2.1818181818181817,180.0,0.0,180.0
1277,19,400.0,15,8,3,0.15,400,GOVERNED,0.5,0.7,5,3,19,GOVERNED,0,196,188,9,155,47,47,5,0,0.0,1.127659574468085,0.0,0.0,0.0
1293,20,400.0,15,8,3,0.15,400,OPEN_LOOP,0.5,0.7,5,3,20,OPEN_LOOP,11,374,0,0,0,34,32,26,0,0.05882352941176472,1.3125,110.0,0.0,110.0
1291,20,400.0,15,8,3,0.15,400,OPEN_LOOP,0.25,1.0,5,3,20,OPEN_LOOP,18,384,0,0,0,24,22,16,0,0.08333333333333337,2.1818181818181817,180.0,0.0,180.0
1294,20,400.0,15,8,3,0.15,400,OPEN_LOOP,0.5,0.9,5,3,20,OPEN_LOOP,11,374,0,0,0,34,32,26,0,0.05882352941176472,1.3125,110.0,0.0,110.0
1298,20,400.0,15,8,3,0.15,400,COLD_RESTART,0.0,0.9,5,3,20,COLD_RESTART,17,400,0,0,0,0,0,0,0,0.0,0.0,170.0,0.0,170.0
1295,20,400.0,15,8,3,0.15,400,OPEN_LOOP,0.5,1.0,5,3,20,OPEN_LOOP,11,374,0,0,0,34,32,26,0,0.05882352941176472,1.3125,110.0,0.0,110.0
1296,20,400.0,15,8,3,0.15,400,COLD_RESTART,0.0,0.5,5,3,20,COLD_RESTART,17,400,0,0,0,0,0,0,0,0.0,0.0,170.0,0.0,170.0
1297,20,400.0,15,8,3,0.15,400,COLD_RESTART,0.0,0.7,5,3,20,COLD_RESTART,17,400,0,0,0,0,0,0,0,0.0,0.0,170.0,0.0,170.0
1284,20,400.0,15,8,3,0.15,400,OPEN_LOOP,0.1,0.5,5,3,20,OPEN_LOOP,15,390,0,0,0,11,10,10,0,0.09090909090909094,3.8,150.0,0.0,150.0
1292,20,400.0,15,8,3,0.15,400,OPEN_LOOP,0.5,0.5,5,3,20,OPEN_LOOP,11,374,0,0,0,34,32,26,0,0.05882352941176472,1.3125,110.0,0.0,110.0
1299,20,400.0,15,8,3,0.15,400,COLD_RESTART,0.0,1.0,5,3,20,COLD_RESTART,17,400,0,0,0,0,0,0,0,0.0,0.0,170.0,0.0,170.0
1288,20,400.0,15,8,3,0.15,400,OPEN_LOOP,0.25,0.5,5,3,20,OPEN_LOOP,18,384,0,0,0,24,22,16,0,0.08333333333333337,2.1818181818181817,180.0,0.0,180.0
1302,20,400.0,15,8,3,0.15,400,COLD_RESTART,0.1,0.9,5,3,20,COLD_RESTART,13,339,50,9,8,11,11,1,1,0.0,1.2727272727272727,130.0,0.0,130.0
1303,20,400.0,15,8,3,0.15,400,COLD_RESTART,0.1,1.0,5,3,20,COLD_RESTART,6,294,87,17,6,18,18,2,9,0.0,2.111111111111111,60.0,0.0,60.0
1305,20,400.0,15,8,3,0.15,400,COLD_RESTART,0.25,0.7,5,3,20,COLD_RESTART,9,286,102,10,24,27,27,2,3,0.0,1.5555555555555556,90.0,0.0,90.0
1307,20,400.0,15,8,3,0.15,400,COLD_RESTART,0.25,1.0,5,3,20,COLD_RESTART,9,233,146,14,49,41,41,5,1,0.0,1.5365853658536586,90.0,0.0,90.0
1306,20,400.0,15,8,3,0.15,400,COLD_RESTART,0.25,0.9,5,3,20,COLD_RESTART,6,155,216,25,61,52,52,4,8,0.0,1.3076923076923077,60.0,0.0,60.0
1300,20,400.0,15,8,3,0.15,400,COLD_RESTART,0.1,0.5,5,3,20,COLD_RESTART,7,239,135,23,9,29,29,2,12,0.0,2.9310344827586206,70.0,0.0,70.0
1301,20,400.0,15,8,3,0.15,400,COLD_RESTART,0.1,0.7,5,3,20,COLD_RESTART,9,256,123,19,16,28,27,2,6,0.0357142857142857,2.5185185185185186,90.0,0.0,90.0
1314,20,400.0,15,8,3,0.15,400,CLOSED_LOOP,0.0,0.9,5,3,20,CLOSED_LOOP,17,400,0,0,0,0,0,0,0,0.0,0.0,170.0,0.0,170.0
1312,20,400.0,15,8,3,0.15,400,CLOSED_LOOP,0.0,0.5,5,3,20,CLOSED_LOOP,17,400,0,0,0,0,0,0,0,0.0,0.0,170.0,0.0,170.0
1315,20,400.0,15,8,3,0.15,400,CLOSED_LOOP,0.0,1.0,5,3,20,CLOSED_LOOP,17,400,0,0,0,0,0,0,0,0.0,0.0,170.0,0.0,170.0
1309,20,400.0,15,8,3,0.15,400,COLD_RESTART,0.5,0.7,5,3,20,COLD_RESTART,2,88,291,16,194,79,79,4,0,0.0,1.0632911392405062,20.0,0.0,20.0
1316,20,400.0,15,8,3,0.15,400,CLOSED_LOOP,0.1,0.5,5,3,20,CLOSED_LOOP,14,370,24,4,2,7,6,1,0,0.1428571428571429,3.8333333333333335,140.0,0.0,140.0
1317,20,400.0,15,8,3,0.15,400,CLOSED_LOOP,0.1,0.7,5,3,20,CLOSED_LOOP,10,335,54,8,10,12,11,2,0,0.08333333333333337,2.5454545454545454,100.0,0.0,100.0
1304,20,400.0,15,8,3,0.15,400,COLD_RESTART,0.25,0.5,5,3,20,COLD_RESTART,4,111,256,29,95,62,61,3,7,0.016129032258064502,1.2295081967213115,40.0,0.0,40.0
1319,20,400.0,15,8,3,0.15,400,CLOSED_LOOP,0.1,1.0,5,3,20,CLOSED_LOOP,14,305,80,13,12,20,20,2,0,0.0,1.8,140.0,0.0,140.0
1313,20,400.0,15,8,3,0.15,400,CLOSED_LOOP,0.0,0.7,5,3,20,CLOSED_LOOP,17,400,0,0,0,0,0,0,0,0.0,0.0,170.0,0.0,170.0
1311,20,400.0,15,8,3,0.15,400,COLD_RESTART,0.5,1.0,5,3,20,COLD_RESTART,0,14,366,17,274,96,96,2,1,0.0,1.0104166666666667,0.0,0.0,0.0
1323,20,400.0,15,8,3,0.15,400,CLOSED_LOOP,0.25,1.0,5,3,20,CLOSED_LOOP,9,285,102,11,32,25,25,2,0,0.0,1.36,90.0,0.0,90.0
1318,20,400.0,15,8,3,0.15,400,CLOSED_LOOP,0.1,0.9,5,3,20,CLOSED_LOOP,13,293,89,13,12,21,21,4,0,0.0,1.9047619047619047,130.0,0.0,130.0
1321,20,400.0,15,8,3,0.15,400,CLOSED_LOOP,0.25,0.7,5,3,20,CLOSED_LOOP,7,179,196,18,69,57,55,6,0,0.03508771929824561,1.3272727272727274,70.0,0.0,70.0
1310,20,400.0,15,8,3,0.15,400,COLD_RESTART,0.5,0.9,5,3,20,COLD_RESTART,0,9,373,17,295,95,94,0,0,0.010526315789473717,1.0,0.0,0.0,0.0
1328,20,400.0,15,8,3,0.15,400,GOVERNED,0.0,0.5,5,3,20,GOVERNED,17,400,0,0,0,0,0,0,0,0.0,0.0,170.0,0.0,170.0
1308,20,400.0,15,8,3,0.15,400,COLD_RESTART,0.5,0.5,5,3,20,COLD_RESTART,0,19,361,17,263,98,98,2,3,0.0,1.0204081632653061,0.0,0.0,0.0
1322,20,400.0,15,8,3,0.15,400,CLOSED_LOOP,0.25,0.9,5,3,20,CLOSED_LOOP,8,209,174,16,47,43,43,1,0,0.0,1.069767441860465,80.0,0.0,80.0
1331,20,400.0,15,8,3,0.15,400,GOVERNED,0.0,1.0,5,3,20,GOVERNED,17,400,0,0,0,0,0,0,0,0.0,0.0,170.0,0.0,170.0
1324,20,400.0,15,8,3,0.15,400,CLOSED_LOOP,0.5,0.5,5,3,20,CLOSED_LOOP,3,96,281,14,174,82,81,6,0,0.012195121951219523,1.0493827160493827,30.0,0.0,30.0
1329,20,400.0,15,8,3,0.15,400,GOVERNED,0.0,0.7,5,3,20,GOVERNED,17,400,0,0,0,0,0,0,0,0.0,0.0,170.0,0.0,170.0
1332,20,400.0,15,8,3,0.15,400,GOVERNED,0.1,0.5,5,3,20,GOVERNED,14,370,24,4,2,7,6,1,0,0.1428571428571429,3.8333333333333335,140.0,0.0,140.0
1333,20,400.0,15,8,3,0.15,400,GOVERNED,0.1,0.7,5,3,20,GOVERNED,10,335,54,8,10,12,11,2,0,0.08333333333333337,2.5454545454545454,100.0,0.0,100.0
1330,20,400.0,15,8,3,0.15,400,GOVERNED,0.0,0.9,5,3,20,GOVERNED,17,400,0,0,0,0,0,0,0,0.0,0.0,170.0,0.0,170.0
1325,20,400.0,15,8,3,0.15,400,CLOSED_LOOP,0.5,0.7,5,3,20,CLOSED_LOOP,2,88,291,16,194,79,79,4,0,0.0,1.0632911392405062,20.0,0.0,20.0
1335,20,400.0,15,8,3,0.15,400,GOVERNED,0.1,1.0,5,3,20,GOVERNED,14,305,80,13,12,20,20,2,0,0.0,1.8,140.0,0.0,140.0
1334,20,400.0,15,8,3,0.15,400,GOVERNED,0.1,0.9,5,3,20,GOVERNED,13,293,89,13,12,21,21,4,0,0.0,1.9047619047619047,130.0,0.0,130.0
1320,20,400.0,15,8,3,0.15,400,CLOSED_LOOP,0.25,0.5,5,3,20,CLOSED_LOOP,8,122,254,21,111,65,64,2,0,0.01538461538461533,1.546875,80.0,0.0,80.0
1326,20,400.0,15,8,3,0.15,400,CLOSED_LOOP,0.5,0.9,5,3,20,CLOSED_LOOP,0,9,373,17,295,95,94,0,0,0.010526315789473717,1.0,0.0,0.0,0.0
1327,20,400.0,15,8,3,0.15,400,CLOSED_LOOP,0.5,1.0,5,3,20,CLOSED_LOOP,2,100,284,14,222,74,74,1,0,0.0,1.0,20.0,0.0,20.0
1339,20,400.0,15,8,3,0.15,400,GOVERNED,0.25,1.0,5,3,20,GOVERNED,9,285,102,11,32,25,25,2,0,0.0,1.36,90.0,0.0,90.0
1344,21,400.0,15,8,3,0.15,400,OPEN_LOOP,0.0,0.5,5,3,21,OPEN_LOOP,12,400,0,0,0,0,0,0,0,0.0,0.0,120.0,0.0,120.0
1336,20,400.0,15,8,3,0.15,400,GOVERNED,0.25,0.5,5,3,20,GOVERNED,8,122,254,21,111,65,64,2,0,0.01538461538461533,1.546875,80.0,0.0,80.0
1338,20,400.0,15,8,3,0.15,400,GOVERNED,0.25,0.9,5,3,20,GOVERNED,8,209,174,16,47,43,43,1,0,0.0,1.069767441860465,80.0,0.0,80.0
1345,21,400.0,15,8,3,0.15,400,OPEN_LOOP,0.0,0.7,5,3,21,OPEN_LOOP,12,400,0,0,0,0,0,0,0,0.0,0.0,120.0,0.0,120.0
1343,20,400.0,15,8,3,0.15,400,GOVERNED,0.5,1.0,5,3,20,GOVERNED,2,100,284,14,222,74,74,1,0,0.0,1.0,20.0,0.0,20.0
1337,20,400.0,15,8,3,0.15,400,GOVERNED,0.25,0.7,5,3,20,GOVERNED,7,179,196,18,69,57,55,6,0,0.03508771929824561,1.3272727272727274,70.0,0.0,70.0
1349,21,400.0,15,8,3,0.15,400,OPEN_LOOP,0.1,0.7,5,3,21,OPEN_LOOP,12,392,0,0,0,11,10,8,0,0.09090909090909094,4.8,120.0,0.0,120.0
1346,21,400.0,15,8,3,0.15,400,OPEN_LOOP,0.0,0.9,5,3,21,OPEN_LOOP,12,400,0,0,0,0,0,0,0,0.0,0.0,120.0,0.0,120.0
1350,21,400.0,15,8,3,0.15,400,OPEN_LOOP,0.1,0.9,5,3,21,OPEN_LOOP,12,392,0,0,0,11,10,8,0,0.09090909090909094,4.8,120.0,0.0,120.0
1351,21,400.0,15,8,3,0.15,400,OPEN_LOOP,0.1,1.0,5,3,21,OPEN_LOOP,12,392,0,0,0,11,10,8,0,0.09090909090909094,4.8,120.0,0.0,120.0
1341,20,400.0,15,8,3,0.15,400,GOVERNED,0.5,0.7,5,3,20,GOVERNED,2,88,291,16,194,79,79,4,0,0.0,1.0632911392405062,20.0,0.0,20.0
1348,21,400.0,15,8,3,0.15,400,OPEN_LOOP,0.1,0.5,5,3,21,OPEN_LOOP,12,392,0,0,0,11,10,8,0,0.09090909090909094,4.8,120.0,0.0,120.0
1347,21,400.0,15,8,3,0.15,400,OPEN_LOOP,0.0,1.0,5,3,21,OPEN_LOOP,12,400,0,0,0,0,0,0,0,0.0,0.0,120.0,0.0,120.0
1340,20,400.0,15,8,3,0.15,400,GOVERNED,0.5,0.5,5,3,20,GOVERNED,3,96,281,14,174,82,81,6,0,0.012195121951219523,1.0493827160493827,30.0,0.0,30.0
1353,21,400.0,15,8,3,0.15,400,OPEN_LOOP,0.25,0.7,5,3,21,OPEN_LOOP,10,392,0,0,0,11,10,8,0,0.09090909090909094,2.8,100.0,0.0,100.0
1342,20,400.0,15,8,3,0.15,400,GOVERNED,0.5,0.9,5,3,20,GOVERNED,0,9,373,17,295,95,94,0,0,0.010526315789473717,1.0,0.0,0.0,0.0
1355,21,400.0,15,8,3,0.15,400,OPEN_LOOP,0.25,1.0,5,3,21,OPEN_LOOP,10,392,0,0,0,11,10,8,0,0.09090909090909094,2.8,100.0,0.0,100.0
1352,21,400.0,15,8,3,0.15,400,OPEN_LOOP,0.25,0.5,5,3,21,OPEN_LOOP,10,392,0,0,0,11,10,8,0,0.09090909090909094,2.8,100.0,0.0,100.0
1357,21,400.0,15,8,3,0.15,400,OPEN_LOOP,0.5,0.7,5,3,21,OPEN_LOOP,10,372,0,0,0,39,37,28,0,0.05128205128205132,1.7297297297297298,100.0,0.0,100.0
1360,21,400.0,15,8,3,0.15,400,COLD_RESTART,0.0,0.5,5,3,21,COLD_RESTART,12,400,0,0,0,0,0,0,0,0.0,0.0,120.0,0.0,120.0
1361,21,400.0,15,8,3,0.15,400,COLD_RESTART,0.0,0.7,5,3,21,COLD_RESTART,12,400,0,0,0,0,0,0,0,0.0,0.0,120.0,0.0,120.0
1354,21,400.0,15,8,3,0.15,400,OPEN_LOOP,0.25,0.9,5,3,21,OPEN_LOOP,10,392,0,0,0,11,10,8,0,0.09090909090909094,2.8,100.0,0.0,100.0
1362,21,400.0,15,8,3,0.15,400,COLD_RESTART,0.0,0.9,5,3,21,COLD_RESTART,12,400,0,0,0,0,0,0,0,0.0,0.0,120.0,0.0,120.0
1363,21,400.0,15,8,3,0.15,400,COLD_RESTART,0.0,1.0,5,3,21,COLD_RESTART,12,400,0,0,0,0,0,0,0,0.0,0.0,120.0,0.0,120.0
1366,21,400.0,15,8,3,0.15,400,COLD_RESTART,0.1,0.9,5,3,21,COLD_RESTART,8,358,34,6,4,9,9,2,0,0.0,2.888888888888889,80.0,0.0,80.0
1365,21,400.0,15,8,3,0.15,400,COLD_RESTART,0.1,0.7,5,3,21,COLD_RESTART,10,346,46,7,7,13,12,1,1,0.07692307692307687,2.5,100.0,0.0,100.0
1367,21,400.0,15,8,3,0.15,400,COLD_RESTART,0.1,1.0,5,3,21,COLD_RESTART,6,344,48,8,5,12,11,0,0,0.08333333333333337,3.727272727272727,60.0,0.0,60.0
1358,21,400.0,15,8,3,0.15,400,OPEN_LOOP,0.5,0.9,5,3,21,OPEN_LOOP,10,372,0,0,0,39,37,28,0,0.05128205128205132,1.7297297297297298,100.0,0.0,100.0
1356,21,400.0,15,8,3,0.15,400,OPEN_LOOP,0.5,0.5,5,3,21,OPEN_LOOP,10,372,0,0,0,39,37,28,0,0.05128205128205132,1.7297297297297298,100.0,0.0,100.0
1368,21,400.0,15,8,3,0.15,400,COLD_RESTART,0.25,0.5,5,3,21,COLD_RESTART,5,328,62,4,25,21,21,4,0,0.0,1.380952380952381,50.0,0.0,50.0
1371,21,400.0,15,8,3,0.15,400,COLD_RESTART,0.25,1.0,5,3,21,COLD_RESTART,5,331,57,6,17,20,20,3,0,0.0,1.5,50.0,0.0,50.0
1369,21,400.0,15,8,3,0.15,400,COLD_RESTART,0.25,0.7,5,3,21,COLD_RESTART,4,313,76,8,27,20,20,3,2,0.0,1.95,40.0,0.0,40.0
1359,21,400.0,15,8,3,0.15,400,OPEN_LOOP,0.5,1.0,5,3,21,OPEN_LOOP,10,372,0,0,0,39,37,28,0,0.05128205128205132,1.7297297297297298,100.0,0.0,100.0
1376,21,400.0,15,8,3,0.15,400,CLOSED_LOOP,0.0,0.5,5,3,21,CLOSED_LOOP,12,400,0,0,0,0,0,0,0,0.0,0.0,120.0,0.0,120.0
1370,21,400.0,15,8,3,0.15,400,COLD_RESTART,0.25,0.9,5,3,21,COLD_RESTART,4,341,51,6,11,13,13,2,2,0.0,1.6153846153846154,40.0,0.0,40.0
1377,21,400.0,15,8,3,0.15,400,CLOSED_LOOP,0.0,0.7,5,3,21,CLOSED_LOOP,12,400,0,0,0,0,0,0,0,0.0,0.0,120.0,0.0,120.0
1378,21,400.0,15,8,3,0.15,400,CLOSED_LOOP,0.0,0.9,5,3,21,CLOSED_LOOP,12,400,0,0,0,0,0,0,0,0.0,0.0,120.0,0.0,120.0
1374,21,400.0,15,8,3,0.15,400,COLD_RESTART,0.5,0.9,5,3,21,COLD_RESTART,2,268,118,7,50,31,31,5,0,0.0,1.064516129032258,20.0,0.0,20.0
1379,21,400.0,15,8,3,0.15,400,CLOSED_LOOP,0.0,1.0,5,3,21,CLOSED_LOOP,12,400,0,0,0,0,0,0,0,0.0,0.0,120.0,0.0,120.0
1364,21,400.0,15,8,3,0.15,400,COLD_RESTART,0.1,0.5,5,3,21,COLD_RESTART,4,263,115,20,13,26,25,2,9,0.038461538461538436,2.56,40.0,0.0,40.0
1375,21,400.0,15,8,3,0.15,400,COLD_RESTART,0.5,1.0,5,3,21,COLD_RESTART,0,152,229,12,120,56,55,4,0,0.017857142857142905,1.1090909090909091,0.0,0.0,0.0
1382,21,400.0,15,8,3,0.15,400,CLOSED_LOOP,0.1,0.9,5,3,21,CLOSED_LOOP,8,358,34,6,4,9,9,2,0,0.0,2.888888888888889,80.0,0.0,80.0
1372,21,400.0,15,8,3,0.15,400,COLD_RESTART,0.5,0.5,5,3,21,COLD_RESTART,0,159,229,5,122,60,60,4,0,0.0,1.0,0.0,0.0,0.0
1383,21,400.0,15,8,3,0.15,400,CLOSED_LOOP,0.1,1.0,5,3,21,CLOSED_LOOP,6,344,48,8,5,12,11,0,0,0.08333333333333337,3.727272727272727,60.0,0.0,60.0
1385,21,400.0,15,8,3,0.15,400,CLOSED_LOOP,0.25,0.7,5,3,21,CLOSED_LOOP,7,331,60,5,16,18,18,4,0,0.0,1.2222222222222223,70.0,0.0,70.0
1386,21,400.0,15,8,3,0.15,400,CLOSED_LOOP,0.25,0.9,5,3,21,CLOSED_LOOP,8,293,95,8,32,27,27,3,0,0.0,1.1111111111111112,80.0,0.0,80.0
1387,21,400.0,15,8,3,0.15,400,CLOSED_LOOP,0.25,1.0,5,3,21,CLOSED_LOOP,5,331,57,6,17,20,20,3,0,0.0,1.5,50.0,0.0,50.0
1384,21,400.0,15,8,3,0.15,400,CLOSED_LOOP,0.25,0.5,5,3,21,CLOSED_LOOP,5,328,62,4,25,21,21,4,0,0.0,1.380952380952381,50.0,0.0,50.0
1393,21,400.0,15,8,3,0.15,400,GOVERNED,0.0,0.7,5,3,21,GOVERNED,12,400,0,0,0,0,0,0,0,0.0,0.0,120.0,0.0,120.0
1394,21,400.0,15,8,3,0.15,400,GOVERNED,0.0,0.9,5,3,21,GOVERNED,12,400,0,0,0,0,0,0,0,0.0,0.0,120.0,0.0,120.0
1380,21,400.0,15,8,3,0.15,400,CLOSED_LOOP,0.1,0.5,5,3,21,CLOSED_LOOP,7,317,70,12,6,17,15,1,0,0.11764705882352944,4.133333333333334,70.0,0.0,70.0
1389,21,400.0,15,8,3,0.15,400,CLOSED_LOOP,0.5,0.7,5,3,21,CLOSED_LOOP,1,245,137,9,75,36,36,6,0,0.0,1.3888888888888888,10.0,0.0,10.0
1395,21,400.0,15,8,3,0.15,400,GOVERNED,0.0,1.0,5,3,21,GOVERNED,12,400,0,0,0,0,0,0,0,0.0,0.0,120.0,0.0,120.0
1392,21,400.0,15,8,3,0.15,400,GOVERNED,0.0,0.5,5,3,21,GOVERNED,12,400,0,0,0,0,0,0,0,0.0,0.0,120.0,0.0,120.0
1381,21,400.0,15,8,3,0.15,400,CLOSED_LOOP,0.1,0.7,5,3,21,CLOSED_LOOP,7,329,61,10,7,14,13,0,0,0.0714285714285714,2.076923076923077,70.0,0.0,70.0
1390,21,400.0,15,8,3,0.15,400,CLOSED_LOOP,0.5,0.9,5,3,21,CLOSED_LOOP,2,268,118,7,50,31,31,5,0,0.0,1.064516129032258,20.0,0.0,20.0
1388,21,400.0,15,8,3,0.15,400,CLOSED_LOOP,0.5,0.5,5,3,21,CLOSED_LOOP,0,159,229,5,122,60,60,4,0,0.0,1.0,0.0,0.0,0.0
1398,21,400.0,15,8,3,0.15,400,GOVERNED,0.1,0.9,5,3,21,GOVERNED,8,358,34,6,4,9,9,2,0,0.0,2.888888888888889,80.0,0.0,80.0
1397,21,400.0,15,8,3,0.15,400,GOVERNED,0.1,0.7,5,3,21,GOVERNED,7,329,61,10,7,14,13,0,0,0.0714285714285714,2.076923076923077,70.0,0.0,70.0
1399,21,400.0,15,8,3,0.15,400,GOVERNED,0.1,1.0,5,3,21,GOVERNED,6,344,48,8,5,12,11,0,0,0.08333333333333337,3.727272727272727,60.0,0.0,60.0
1400,21,400.0,15,8,3,0.15,400,GOVERNED,0.25,0.5,5,3,21,GOVERNED,5,328,62,4,25,21,21,4,0,0.0,1.380952380952381,50.0,0.0,50.0
1401,21,400.0,15,8,3,0.15,400,GOVERNED,0.25,0.7,5,3,21,GOVERNED,7,331,60,5,16,18,18,4,0,0.0,1.2222222222222223,70.0,0.0,70.0
1402,21,400.0,15,8,3,0.15,400,GOVERNED,0.25,0.9,5,3,21,GOVERNED,8,293,95,8,32,27,27,3,0,0.0,1.1111111111111112,80.0,0.0,80.0
1396,21,400.0,15,8,3,0.15,400,GOVERNED,0.1,0.5,5,3,21,GOVERNED,7,317,70,12,6,17,15,1,0,0.11764705882352944,4.133333333333334,70.0,0.0,70.0
1373,21,400.0,15,8,3,0.15,400,COLD_RESTART,0.5,0.7,5,3,21,COLD_RESTART,1,245,137,9,75,36,36,6,0,0.0,1.3888888888888888,10.0,0.0,10.0
1403,21,400.0,15,8,3,0.15,400,GOVERNED,0.25,1.0,5,3,21,GOVERNED,5,331,57,6,17,20,20,3,0,0.0,1.5,50.0,0.0,50.0
1410,22,400.0,15,8,3,0.15,400,OPEN_LOOP,0.0,0.9,5,3,22,OPEN_LOOP,10,400,0,0,0,0,0,0,0,0.0,0.0,100.0,0.0,100.0
1409,22,400.0,15,8,3,0.15,400,OPEN_LOOP,0.0,0.7,5,3,22,OPEN_LOOP,10,400,0,0,0,0,0,0,0,0.0,0.0,100.0,0.0,100.0
1411,22,400.0,15,8,3,0.15,400,OPEN_LOOP,0.0,1.0,5,3,22,OPEN_LOOP,10,400,0,0,0,0,0,0,0,0.0,0.0,100.0,0.0,100.0
1406,21,400.0,15,8,3,0.15,400,GOVERNED,0.5,0.9,5,3,21,GOVERNED,2,268,118,7,50,31,31,5,0,0.0,1.064516129032258,20.0,0.0,20.0
1412,22,400.0,15,8,3,0.15,400,OPEN_LOOP,0.1,0.5,5,3,22,OPEN_LOOP,14,392,0,0,0,11,11,8,0,0.0,2.1818181818181817,140.0,0.0,140.0
1408,22,400.0,15,8,3,0.15,400,OPEN_LOOP,0.0,0.5,5,3,22,OPEN_LOOP,10,400,0,0,0,0,0,0,0,0.0,0.0,100.0,0.0,100.0
1413,22,400.0,15,8,3,0.15,400,OPEN_LOOP,0.1,0.7,5,3,22,OPEN_LOOP,14,392,0,0,0,11,11,8,0,0.0,2.1818181818181817,140.0,0.0,140.0
1391,21,400.0,15,8,3,0.15,400,CLOSED_LOOP,0.5,1.0,5,3,21,CLOSED_LOOP,0,152,229,12,120,56,55,4,0,0.017857142857142905,1.1090909090909091,0.0,0.0,0.0
1407,21,400.0,15,8,3,0.15,400,GOVERNED,0.5,1.0,5,3,21,GOVERNED,0,152,229,12,120,56,55,4,0,0.017857142857142905,1.1090909090909091,0.0,0.0,0.0
1415,22,400.0,15,8,3,0.15,400,OPEN_LOOP,0.1,1.0,5,3,22,OPEN_LOOP,14,392,0,0,0,11,11,8,0,0.0,2.1818181818181817,140.0,0.0,140.0
1418,22,400.0,15,8,3,0.15,400,OPEN_LOOP,0.25,0.9,5,3,22,OPEN_LOOP,16,383,0,0,0,20,17,17,0,0.15000000000000002,1.2352941176470589,160.0,0.0,160.0
1419,22,400.0,15,8,3,0.15,400,OPEN_LOOP,0.25,1.0,5,3,22,OPEN_LOOP,16,383,0,0,0,20,17,17,0,0.15000000000000002,1.2352941176470589,160.0,0.0,160.0
1414,22,400.0,15,8,3,0.15,400,OPEN_LOOP,0.1,0.9,5,3,22,OPEN_LOOP,14,392,0,0,0,11,11,8,0,0.0,2.1818181818181817,140.0,0.0,140.0
1421,22,400.0,15,8,3,0.15,400,OPEN_LOOP,0.5,0.7,5,3,22,OPEN_LOOP,9,382,0,0,0,19,19,18,0,0.0,1.0526315789473684,90.0,0.0,90.0
1424,22,400.0,15,8,3,0.15,400,COLD_RESTART,0.0,0.5,5,3,22,COLD_RESTART,10,400,0,0,0,0,0,0,0,0.0,0.0,100.0,0.0,100.0
1417,22,400.0,15,8,3,0.15,400,OPEN_LOOP,0.25,0.7,5,3,22,OPEN_LOOP,16,383,0,0,0,20,17,17,0,0.15000000000000002,1.2352941176470589,160.0,0.0,160.0
1405,21,400.0,15,8,3,0.15,400,GOVERNED,0.5,0.7,5,3,21,GOVERNED,1,245,137,9,75,36,36,6,0,0.0,1.3888888888888888,10.0,0.0,10.0
1422,22,400.0,15,8,3,0.15,400,OPEN_LOOP,0.5,0.9,5,3,22,OPEN_LOOP,9,382,0,0,0,19,19,18,0,0.0,1.0526315789473684,90.0,0.0,90.0
1425,22,400.0,15,8,3,0.15,400,COLD_RESTART,0.0,0.7,5,3,22,COLD_RESTART,10,400,0,0,0,0,0,0,0,0.0,0.0,100.0,0.0,100.0
1420,22,400.0,15,8,3,0.15,400,OPEN_LOOP,0.5,0.5,5,3,22,OPEN_LOOP,9,382,0,0,0,19,19,18,0,0.0,1.0526315789473684,90.0,0.0,90.0
1416,22,400.0,15,8,3,0.15,400,OPEN_LOOP,0.25,0.5,5,3,22,OPEN_LOOP,16,383,0,0,0,20,17,17,0,0.15000000000000002,1.2352941176470589,160.0,0.0,160.0
1404,21,400.0,15,8,3,0.15,400,GOVERNED,0.5,0.5,5,3,21,GOVERNED,0,159,229,5,122,60,60,4,0,0.0,1.0,0.0,0.0,0.0
1423,22,400.0,15,8,3,0.15,400,OPEN_LOOP,0.5,1.0,5,3,22,OPEN_LOOP,9,382,0,0,0,19,19,18,0,0.0,1.0526315789473684,90.0,0.0,90.0
1427,22,400.0,15,8,3,0.15,400,COLD_RESTART,0.0,1.0,5,3,22,COLD_RESTART,10,400,0,0,0,0,0,0,0,0.0,0.0,100.0,0.0,100.0
1426,22,400.0,15,8,3,0.15,400,COLD_RESTART,0.0,0.9,5,3,22,COLD_RESTART,10,400,0,0,0,0,0,0,0,0.0,0.0,100.0,0.0,100.0
1428,22,400.0,15,8,3,0.15,400,COLD_RESTART,0.1,0.5,5,3,22,COLD_RESTART,9,271,104,18,7,23,23,7,11,0.0,3.347826086956522,90.0,0.0,90.0
1433,22,400.0,15,8,3,0.15,400,COLD_RESTART,0.25,0.7,5,3,22,COLD_RESTART,6,207,166,18,43,43,43,8,8,0.0,1.4186046511627908,60.0,0.0,60.0
1431,22,400.0,15,8,3,0.15,400,COLD_RESTART,0.1,1.0,5,3,22,COLD_RESTART,6,204,162,26,20,37,37,7,17,0.0,1.7297297297297298,60.0,0.0,60.0
1434,22,400.0,15,8,3,0.15,400,COLD_RESTART,0.25,0.9,5,3,22,COLD_RESTART,7,173,198,20,65,51,50,7,6,0.019607843137254943,1.3,70.0,0.0,70.0
1430,22,400.0,15,8,3,0.15,400,COLD_RESTART,0.1,0.9,5,3,22,COLD_RESTART,13,253,121,20,12,27,27,6,10,0.0,2.6666666666666665,130.0,0.0,130.0
1441,22,400.0,15,8,3,0.15,400,CLOSED_LOOP,0.0,0.7,5,3,22,CLOSED_LOOP,10,400,0,0,0,0,0,0,0,0.0,0.0,100.0,0.0,100.0
1440,22,400.0,15,8,3,0.15,400,CLOSED_LOOP,0.0,0.5,5,3,22,CLOSED_LOOP,10,400,0,0,0,0,0,0,0,0.0,0.0,100.0,0.0,100.0
1437,22,400.0,15,8,3,0.15,400,COLD_RESTART,0.5,0.7,5,3,22,COLD_RESTART,1,93,282,18,151,77,77,5,0,0.0,1.077922077922078,10.0,0.0,10.0
1429,22,400.0,15,8,3,0.15,400,COLD_RESTART,0.1,0.7,5,3,22,COLD_RESTART,10,232,139,23,20,30,30,5,9,0.0,2.566666666666667,100.0,0.0,100.0
1435,22,400.0,15,8,3,0.15,400,COLD_RESTART,0.25,1.0,5,3,22,COLD_RESTART,1,83,281,30,80,67,67,5,10,0.0,1.2388059701492538,10.0,0.0,10.0
1442,22,400.0,15,8,3,0.15,400,CLOSED_LOOP,0.0,0.9,5,3,22,CLOSED_LOOP,10,400,0,0,0,0,0,0,0,0.0,0.0,100.0,0.0,100.0
1443,22,400.0,15,8,3,0.15,400,CLOSED_LOOP,0.0,1.0,5,3,22,CLOSED_LOOP,10,400,0,0,0,0,0,0,0,0.0,0.0,100.0,0.0,100.0
1439,22,400.0,15,8,3,0.15,400,COLD_RESTART,0.5,1.0,5,3,22,COLD_RESTART,1,222,157,4,80,53,51,9,0,0.037735849056603765,1.0196078431372548,10.0,0.0,10.0
1432,22,400.0,15,8,3,0.15,400,COLD_RESTART,0.25,0.5,5,3,22,COLD_RESTART,3,155,212,23,68,58,56,7,5,0.03448275862068961,1.1785714285714286,30.0,0.0,30.0
1438,22,400.0,15,8,3,0.15,400,COLD_RESTART,0.5,0.9,5,3,22,COLD_RESTART,1,318,65,5,32,24,22,7,0,0.08333333333333337,1.5454545454545454,10.0,0.0,10.0
1444,22,400.0,15,8,3,0.15,400,CLOSED_LOOP,0.1,0.5,5,3,22,CLOSED_LOOP,17,263,120,15,18,30,30,2,0,0.0,2.433333333333333,170.0,0.0,170.0
1445,22,400.0,15,8,3,0.15,400,CLOSED_LOOP,0.1,0.7,5,3,22,CLOSED_LOOP,18,276,103,16,14,25,24,5,0,0.040000000000000036,3.1666666666666665,180.0,0.0,180.0
1450,22,400.0,15,8,3,0.15,400,CLOSED_LOOP,0.25,0.9,5,3,22,CLOSED_LOOP,8,225,158,10,48,46,46,3,0,0.0,1.3478260869565217,80.0,0.0,80.0
1451,22,400.0,15,8,3,0.15,400,CLOSED_LOOP,0.25,1.0,5,3,22,CLOSED_LOOP,8,228,152,15,53,40,40,4,0,0.0,1.175,80.0,0.0,80.0
1448,22,400.0,15,8,3,0.15,400,CLOSED_LOOP,0.25,0.5,5,3,22,CLOSED_LOOP,4,224,146,15,40,43,43,8,0,0.0,1.2325581395348837,40.0,0.0,40.0
1449,22,400.0,15,8,3,0.15,400,CLOSED_LOOP,0.25,0.7,5,3,22,CLOSED_LOOP,6,172,200,22,64,50,50,5,0,0.0,1.72,60.0,0.0,60.0
1456,22,400.0,15,8,3,0.15,400,GOVERNED,0.0,0.5,5,3,22,GOVERNED,10,400,0,0,0,0,0,0,0,0.0,0.0,100.0,0.0,100.0
1447,22,400.0,15,8,3,0.15,400,CLOSED_LOOP,0.1,1.0,5,3,22,CLOSED_LOOP,18,282,95,17,5,20,20,6,0,0.0,4.0,180.0,0.0,180.0
1455,22,400.0,15,8,3,0.15,400,CLOSED_LOOP,0.5,1.0,5,3,22,CLOSED_LOOP,1,222,157,4,80,53,51,9,0,0.037735849056603765,1.0196078431372548,10.0,0.0,10.0
1436,22,400.0,15,8,3,0.15,400,COLD_RESTART,0.5,0.5,5,3,22,COLD_RESTART,0,53,326,16,245,83,83,4,0,0.0,1.0602409638554218,0.0,0.0,0.0
1457,22,400.0,15,8,3,0.15,400,GOVERNED,0.0,0.7,5,3,22,GOVERNED,10,400,0,0,0,0,0,0,0,0.0,0.0,100.0,0.0,100.0
1458,22,400.0,15,8,3,0.15,400,GOVERNED,0.0,0.9,5,3,22,GOVERNED,10,400,0,0,0,0,0,0,0,0.0,0.0,100.0,0.0,100.0
1446,22,400.0,15,8,3,0.15,400,CLOSED_LOOP,0.1,0.9,5,3,22,CLOSED_LOOP,15,302,83,12,8,20,19,3,0,0.050000000000000044,2.9473684210526314,150.0,0.0,150.0
1454,22,400.0,15,8,3,0.15,400,CLOSED_LOOP,0.5,0.9,5,3,22,CLOSED_LOOP,1,318,65,5,32,24,22,7,0,0.08333333333333337,1.5454545454545454,10.0,0.0,10.0
1459,22,400.0,15,8,3,0.15,400,GOVERNED,0.0,1.0,5,3,22,GOVERNED,10,400,0,0,0,0,0,0,0,0.0,0.0,100.0,0.0,100.0
1460,22,400.0,15,8,3,0.15,400,GOVERNED,0.1,0.5,5,3,22,GOVERNED,17,263,120,15,18,30,30,2,0,0.0,2.433333333333333,170.0,0.0,170.0
1461,22,400.0,15,8,3,0.15,400,GOVERNED,0.1,0.7,5,3,22,GOVERNED,18,276,103,16,14,25,24,5,0,0.040000000000000036,3.1666666666666665,180.0,0.0,180.0
1464,22,400.0,15,8,3,0.15,400,GOVERNED,0.25,0.5,5,3,22,GOVERNED,4,224,146,15,40,43,43,8,0,0.0,1.2325581395348837,40.0,0.0,40.0
1467,22,400.0,15,8,3,0.15,400,GOVERNED,0.25,1.0,5,3,22,GOVERNED,8,228,152,15,53,40,40,4,0,0.0,1.175,80.0,0.0,80.0
1452,22,400.0,15,8,3,0.15,400,CLOSED_LOOP,0.5,0.5,5,3,22,CLOSED_LOOP,0,53,326,16,245,83,83,4,0,0.0,1.0602409638554218,0.0,0.0,0.0
1453,22,400.0,15,8,3,0.15,400,CLOSED_LOOP,0.5,0.7,5,3,22,CLOSED_LOOP,1,93,282,18,151,77,77,5,0,0.0,1.077922077922078,10.0,0.0,10.0
1463,22,400.0,15,8,3,0.15,400,GOVERNED,0.1,1.0,5,3,22,GOVERNED,18,282,95,17,5,20,20,6,0,0.0,4.0,180.0,0.0,180.0
1470,22,400.0,15,8,3,0.15,400,GOVERNED,0.5,0.9,5,3,22,GOVERNED,1,318,65,5,32,24,22,7,0,0.08333333333333337,1.5454545454545454,10.0,0.0,10.0
1465,22,400.0,15,8,3,0.15,400,GOVERNED,0.25,0.7,5,3,22,GOVERNED,6,172,200,22,64,50,50,5,0,0.0,1.72,60.0,0.0,60.0
1472,23,400.0,15,8,3,0.15,400,OPEN_LOOP,0.0,0.5,5,3,23,OPEN_LOOP,8,400,0,0,0,0,0,0,0,0.0,0.0,80.0,0.0,80.0
1466,22,400.0,15,8,3,0.15,400,GOVERNED,0.25,0.9,5,3,22,GOVERNED,8,225,158,10,48,46,46,3,0,0.0,1.3478260869565217,80.0,0.0,80.0
1462,22,400.0,15,8,3,0.15,400,GOVERNED,0.1,0.9,5,3,22,GOVERNED,15,302,83,12,8,20,19,3,0,0.050000000000000044,2.9473684210526314,150.0,0.0,150.0
1474,23,400.0,15,8,3,0.15,400,OPEN_LOOP,0.0,0.9,5,3,23,OPEN_LOOP,8,400,0,0,0,0,0,0,0,0.0,0.0,80.0,0.0,80.0
1473,23,400.0,15,8,3,0.15,400,OPEN_LOOP,0.0,0.7,5,3,23,OPEN_LOOP,8,400,0,0,0,0,0,0,0,0.0,0.0,80.0,0.0,80.0
1471,22,400.0,15,8,3,0.15,400,GOVERNED,0.5,1.0,5,3,22,GOVERNED,1,222,157,4,80,53,51,9,0,0.037735849056603765,1.0196078431372548,10.0,0.0,10.0
1478,23,400.0,15,8,3,0.15,400,OPEN_LOOP,0.1,0.9,5,3,23,OPEN_LOOP,4,400,0,0,0,0,0,0,0,0.0,0.0,40.0,0.0,40.0
1479,23,400.0,15,8,3,0.15,400,OPEN_LOOP,0.1,1.0,5,3,23,OPEN_LOOP,4,400,0,0,0,0,0,0,0,0.0,0.0,40.0,0.0,40.0
1475,23,400.0,15,8,3,0.15,400,OPEN_LOOP,0.0,1.0,5,3,23,OPEN_LOOP,8,400,0,0,0,0,0,0,0,0.0,0.0,80.0,0.0,80.0
1469,22,400.0,15,8,3,0.15,400,GOVERNED,0.5,0.7,5,3,22,GOVERNED,1,93,282,18,151,77,77,5,0,0.0,1.077922077922078,10.0,0.0,10.0
1482,23,400.0,15,8,3,0.15,400,OPEN_LOOP,0.25,0.9,5,3,23,OPEN_LOOP,7,394,0,0,0,7,6,6,0,0.1428571428571429,1.0,70.0,0.0,70.0
1483,23,400.0,15,8,3,0.15,400,OPEN_LOOP,0.25,1.0,5,3,23,OPEN_LOOP,7,394,0,0,0,7,6,6,0,0.1428571428571429,1.0,70.0,0.0,70.0
1477,23,400.0,15,8,3,0.15,400,OPEN_LOOP,0.1,0.7,5,3,23,OPEN_LOOP,4,400,0,0,0,0,0,0,0,0.0,0.0,40.0,0.0,40.0
1468,22,400.0,15,8,3,0.15,400,GOVERNED,0.5,0.5,5,3,22,GOVERNED,0,53,326,16,245,83,83,4,0,0.0,1.0602409638554218,0.0,0.0,0.0
1476,23,400.0,15,8,3,0.15,400,OPEN_LOOP,0.1,0.5,5,3,23,OPEN_LOOP,4,400,0,0,0,0,0,0,0,0.0,0.0,40.0,0.0,40.0
1481,23,400.0,15,8,3,0.15,400,OPEN_LOOP,0.25,0.7,5,3,23,OPEN_LOOP,7,394,0,0,0,7,6,6,0,0.1428571428571429,1.0,70.0,0.0,70.0
1488,23,400.0,15,8,3,0.15,400,COLD_RESTART,0.0,0.5,5,3,23,COLD_RESTART,8,400,0,0,0,0,0,0,0,0.0,0.0,80.0,0.0,80.0
1489,23,400.0,15,8,3,0.15,400,COLD_RESTART,0.0,0.7,5,3,23,COLD_RESTART,8,400,0,0,0,0,0,0,0,0.0,0.0,80.0,0.0,80.0
1480,23,400.0,15,8,3,0.15,400,OPEN_LOOP,0.25,0.5,5,3,23,OPEN_LOOP,7,394,0,0,0,7,6,6,0,0.1428571428571429,1.0,70.0,0.0,70.0
1486,23,400.0,15,8,3,0.15,400,OPEN_LOOP,0.5,0.9,5,3,23,OPEN_LOOP,9,373,0,0,0,31,29,27,0,0.06451612903225812,1.6896551724137931,90.0,0.0,90.0
1492,23,400.0,15,8,3,0.15,400,COLD_RESTART,0.1,0.5,5,3,23,COLD_RESTART,4,400,0,0,0,0,0,0,0,0.0,0.0,40.0,0.0,40.0
1490,23,400.0,15,8,3,0.15,400,COLD_RESTART,0.0,0.9,5,3,23,COLD_RESTART,8,400,0,0,0,0,0,0,0,0.0,0.0,80.0,0.0,80.0
1484,23,400.0,15,8,3,0.15,400,OPEN_LOOP,0.5,0.5,5,3,23,OPEN_LOOP,9,373,0,0,0,31,29,27,0,0.06451612903225812,1.6896551724137931,90.0,0.0,90.0
1493,23,400.0,15,8,3,0.15,400,COLD_RESTART,0.1,0.7,5,3,23,COLD_RESTART,4,400,0,0,0,0,0,0,0,0.0,0.0,40.0,0.0,40.0
1495,23,400.0,15,8,3,0.15,400,COLD_RESTART,0.1,1.0,5,3,23,COLD_RESTART,4,400,0,0,0,0,0,0,0,0.0,0.0,40.0,0.0,40.0
1485,23,400.0,15,8,3,0.15,400,OPEN_LOOP,0.5,0.7,5,3,23,OPEN_LOOP,9,373,0,0,0,31,29,27,0,0.06451612903225812,1.6896551724137931,90.0,0.0,90.0
1497,23,400.0,15,8,3,0.15,400,COLD_RESTART,0.25,0.7,5,3,23,COLD_RESTART,4,358,38,4,18,9,9,0,0,0.0,1.0,40.0,0.0,40.0
1499,23,400.0,15,8,3,0.15,400,COLD_RESTART,0.25,1.0,5,3,23,COLD_RESTART,6,360,33,5,8,9,9,1,0,0.0,1.7777777777777777,60.0,0.0,60.0
1491,23,400.0,15,8,3,0.15,400,COLD_RESTART,0.0,1.0,5,3,23,COLD_RESTART,8,400,0,0,0,0,0,0,0,0.0,0.0,80.0,0.0,80.0
1496,23,400.0,15,8,3,0.15,400,COLD_RESTART,0.25,0.5,5,3,23,COLD_RESTART,6,306,83,10,34,22,20,1,0,0.09090909090909094,2.55,60.0,0.0,60.0
1498,23,400.0,15,8,3,0.15,400,COLD_RESTART,0.25,0.9,5,3,23,COLD_RESTART,5,316,75,6,27,24,23,2,0,0.04166666666666663,1.3043478260869565,50.0,0.0,50.0
1494,23,400.0,15,8,3,0.15,400,COLD_RESTART,0.1,0.9,5,3,23,COLD_RESTART,4,400,0,0,0,0,0,0,0,0.0,0.0,40.0,0.0,40.0
1487,23,400.0,15,8,3,0.15,400,OPEN_LOOP,0.5,1.0,5,3,23,OPEN_LOOP,9,373,0,0,0,31,29,27,0,0.06451612903225812,1.6896551724137931,90.0,0.0,90.0
1504,23,400.0,15,8,3,0.15,400,CLOSED_LOOP,0.0,0.5,5,3,23,CLOSED_LOOP,8,400,0,0,0,0,0,0,0,0.0,0.0,80.0,0.0,80.0
1508,23,400.0,15,8,3,0.15,400,CLOSED_LOOP,0.1,0.5,5,3,23,CLOSED_LOOP,4,400,0,0,0,0,0,0,0,0.0,0.0,40.0,0.0,40.0
1505,23,400.0,15,8,3,0.15,400,CLOSED_LOOP,0.0,0.7,5,3,23,CLOSED_LOOP,8,400,0,0,0,0,0,0,0,0.0,0.0,80.0,0.0,80.0
1510,23,400.0,15,8,3,0.15,400,CLOSED_LOOP,0.1,0.9,5,3,23,CLOSED_LOOP,4,400,0,0,0,0,0,0,0,0.0,0.0,40.0,0.0,40.0
1507,23,400.0,15,8,3,0.15,400,CLOSED_LOOP,0.0,1.0,5,3,23,CLOSED_LOOP,8,400,0,0,0,0,0,0,0,0.0,0.0,80.0,0.0,80.0
1509,23,400.0,15,8,3,0.15,400,CLOSED_LOOP,0.1,0.7,5,3,23,CLOSED_LOOP,4,400,0,0,0,0,0,0,0,0.0,0.0,40.0,0.0,40.0
1502,23,400.0,15,8,3,0.15,400,COLD_RESTART,0.5,0.9,5,3,23,COLD_RESTART,1,216,169,11,90,44,44,3,3,0.0,1.2272727272727273,10.0,0.0,10.0
1501,23,400.0,15,8,3,0.15,400,COLD_RESTART,0.5,0.7,5,3,23,COLD_RESTART,0,168,218,9,193,55,55,2,0,0.0,1.0,0.0,0.0,0.0
1511,23,400.0,15,8,3,0.15,400,CLOSED_LOOP,0.1,1.0,5,3,23,CLOSED_LOOP,4,400,0,0,0,0,0,0,0,0.0,0.0,40.0,0.0,40.0
1513,23,400.0,15,8,3,0.15,400,CLOSED_LOOP,0.25,0.7,5,3,23,CLOSED_LOOP,4,358,38,4,18,9,9,0,0,0.0,1.0,40.0,0.0,40.0
1512,23,400.0,15,8,3,0.15,400,CLOSED_LOOP,0.25,0.5,5,3,23,CLOSED_LOOP,6,306,83,10,34,22,20,1,0,0.09090909090909094,2.55,60.0,0.0,60.0
1500,23,400.0,15,8,3,0.15,400,COLD_RESTART,0.5,0.5,5,3,23,COLD_RESTART,0,175,209,12,129,57,57,2,0,0.0,1.0701754385964912,0.0,0.0,0.0
1515,23,400.0,15,8,3,0.15,400,CLOSED_LOOP,0.25,1.0,5,3,23,CLOSED_LOOP,6,360,33,5,8,9,9,1,0,0.0,1.7777777777777777,60.0,0.0,60.0
1503,23,400.0,15,8,3,0.15,400,COLD_RESTART,0.5,1.0,5,3,23,COLD_RESTART,1,273,117,5,59,31,31,4,0,0.0,1.3548387096774193,10.0,0.0,10.0
1520,23,400.0,15,8,3,0.15,400,GOVERNED,0.0,0.5,5,3,23,GOVERNED,8,400,0,0,0,0,0,0,0,0.0,0.0,80.0,0.0,80.0
1506,23,400.0,15,8,3,0.15,400,CLOSED_LOOP,0.0,0.9,5,3,23,CLOSED_LOOP,8,400,0,0,0,0,0,0,0,0.0,0.0,80.0,0.0,80.0
1522,23,400.0,15,8,3,0.15,400,GOVERNED,0.0,0.9,5,3,23,GOVERNED,8,400,0,0,0,0,0,0,0,0.0,0.0,80.0,0.0,80.0
1524,23,400.0,15,8,3,0.15,400,GOVERNED,0.1,0.5,5,3,23,GOVERNED,4,400,0,0,0,0,0,0,0,0.0,0.0,40.0,0.0,40.0
1521,23,400.0,15,8,3,0.15,400,GOVERNED,0.0,0.7,5,3,23,GOVERNED,8,400,0,0,0,0,0,0,0,0.0,0.0,80.0,0.0,80.0
1525,23,400.0,15,8,3,0.15,400,GOVERNED,0.1,0.7,5,3,23,GOVERNED,4,400,0,0,0,0,0,0,0,0.0,0.0,40.0,0.0,40.0
1518,23,400.0,15,8,3,0.15,400,CLOSED_LOOP,0.5,0.9,5,3,23,CLOSED_LOOP,2,281,109,7,50,30,30,2,0,0.0,1.3666666666666667,20.0,0.0,20.0
1514,23,400.0,15,8,3,0.15,400,CLOSED_LOOP,0.25,0.9,5,3,23,CLOSED_LOOP,5,316,75,6,27,24,23,2,0,0.04166666666666663,1.3043478260869565,50.0,0.0,50.0
1526,23,400.0,15,8,3,0.15,400,GOVERNED,0.1,0.9,5,3,23,GOVERNED,4,400,0,0,0,0,0,0,0,0.0,0.0,40.0,0.0,40.0
1527,23,400.0,15,8,3,0.15,400,GOVERNED,0.1,1.0,5,3,23,GOVERNED,4,400,0,0,0,0,0,0,0,0.0,0.0,40.0,0.0,40.0
1517,23,400.0,15,8,3,0.15,400,CLOSED_LOOP,0.5,0.7,5,3,23,CLOSED_LOOP,0,168,218,9,193,55,55,2,0,0.0,1.0,0.0,0.0,0.0
1523,23,400.0,15,8,3,0.15,400,GOVERNED,0.0,1.0,5,3,23,GOVERNED,8,400,0,0,0,0,0,0,0,0.0,0.0,80.0,0.0,80.0
1531,23,400.0,15,8,3,0.15,400,GOVERNED,0.25,1.0,5,3,23,GOVERNED,6,360,33,5,8,9,9,1,0,0.0,1.7777777777777777,60.0,0.0,60.0
1530,23,400.0,15,8,3,0.15,400,GOVERNED,0.25,0.9,5,3,23,GOVERNED,5,316,75,6,27,24,23,2,0,0.04166666666666663,1.3043478260869565,50.0,0.0,50.0
1536,24,400.0,15,8,3,0.15,400,OPEN_LOOP,0.0,0.5,5,3,24,OPEN_LOOP,8,400,0,0,0,0,0,0,0,0.0,0.0,80.0,0.0,80.0
1519,23,400.0,15,8,3,0.15,400,CLOSED_LOOP,0.5,1.0,5,3,23,CLOSED_LOOP,1,273,117,5,59,31,31,4,0,0.0,1.3548387096774193,10.0,0.0,10.0
1516,23,400.0,15,8,3,0.15,400,CLOSED_LOOP,0.5,0.5,5,3,23,CLOSED_LOOP,0,175,209,12,129,57,57,2,0,0.0,1.0701754385964912,0.0,0.0,0.0
1538,24,400.0,15,8,3,0.15,400,OPEN_LOOP,0.0,0.9,5,3,24,OPEN_LOOP,8,400,0,0,0,0,0,0,0,0.0,0.0,80.0,0.0,80.0
1535,23,400.0,15,8,3,0.15,400,GOVERNED,0.5,1.0,5,3,23,GOVERNED,1,273,117,5,59,31,31,4,0,0.0,1.3548387096774193,10.0,0.0,10.0
1534,23,400.0,15,8,3,0.15,400,GOVERNED,0.5,0.9,5,3,23,GOVERNED,2,281,109,7,50,30,30,2,0,0.0,1.3666666666666667,20.0,0.0,20.0
1529,23,400.0,15,8,3,0.15,400,GOVERNED,0.25,0.7,5,3,23,GOVERNED,4,358,38,4,18,9,9,0,0,0.0,1.0,40.0,0.0,40.0
1537,24,400.0,15,8,3,0.15,400,OPEN_LOOP,0.0,0.7,5,3,24,OPEN_LOOP,8,400,0,0,0,0,0,0,0,0.0,0.0,80.0,0.0,80.0
1533,23,400.0,15,8,3,0.15,400,GOVERNED,0.5,0.7,5,3,23,GOVERNED,0,168,218,9,193,55,55,2,0,0.0,1.0,0.0,0.0,0.0
1539,24,400.0,15,8,3,0.15,400,OPEN_LOOP,0.0,1.0,5,3,24,OPEN_LOOP,8,400,0,0,0,0,0,0,0,0.0,0.0,80.0,0.0,80.0
1541,24,400.0,15,8,3,0.15,400,OPEN_LOOP,0.1,0.7,5,3,24,OPEN_LOOP,11,392,0,0,0,8,8,8,0,0.0,3.25,110.0,0.0,110.0
1528,23,400.0,15,8,3,0.15,400,GOVERNED,0.25,0.5,5,3,23,GOVERNED,6,306,83,10,34,22,20,1,0,0.09090909090909094,2.55,60.0,0.0,60.0
1543,24,400.0,15,8,3,0.15,400,OPEN_LOOP,0.1,1.0,5,3,24,OPEN_LOOP,11,392,0,0,0,8,8,8,0,0.0,3.25,110.0,0.0,110.0
1545,24,400.0,15,8,3,0.15,400,OPEN_LOOP,0.25,0.7,5,3,24,OPEN_LOOP,8,393,0,0,0,7,7,7,0,0.0,2.857142857142857,80.0,0.0,80.0
1544,24,400.0,15,8,3,0.15,400,OPEN_LOOP,0.25,0.5,5,3,24,OPEN_LOOP,8,393,0,0,0,7,7,7,0,0.0,2.857142857142857,80.0,0.0,80.0
1542,24,400.0,15,8,3,0.15,400,OPEN_LOOP,0.1,0.9,5,3,24,OPEN_LOOP,11,392,0,0,0,8,8,8,0,0.0,3.25,110.0,0.0,110.0
1540,24,400.0,15,8,3,0.15,400,OPEN_LOOP,0.1,0.5,5,3,24,OPEN_LOOP,11,392,0,0,0,8,8,8,0,0.0,3.25,110.0,0.0,110.0
1546,24,400.0,15,8,3,0.15,400,OPEN_LOOP,0.25,0.9,5,3,24,OPEN_LOOP,8,393,0,0,0,7,7,7,0,0.0,2.857142857142857,80.0,0.0,80.0
1548,24,400.0,15,8,3,0.15,400,OPEN_LOOP,0.5,0.5,5,3,24,OPEN_LOOP,13,377,0,0,0,29,29,23,0,0.0,1.6896551724137931,130.0,0.0,130.0
1547,24,400.0,15,8,3,0.15,400,OPEN_LOOP,0.25,1.0,5,3,24,OPEN_LOOP,8,393,0,0,0,7,7,7,0,0.0,2.857142857142857,80.0,0.0,80.0
1553,24,400.0,15,8,3,0.15,400,COLD_RESTART,0.0,0.7,5,3,24,COLD_RESTART,8,400,0,0,0,0,0,0,0,0.0,0.0,80.0,0.0,80.0
1549,24,400.0,15,8,3,0.15,400,OPEN_LOOP,0.5,0.7,5,3,24,OPEN_LOOP,13,377,0,0,0,29,29,23,0,0.0,1.6896551724137931,130.0,0.0,130.0
1554,24,400.0,15,8,3,0.15,400,COLD_RESTART,0.0,0.9,5,3,24,COLD_RESTART,8,400,0,0,0,0,0,0,0,0.0,0.0,80.0,0.0,80.0
1555,24,400.0,15,8,3,0.15,400,COLD_RESTART,0.0,1.0,5,3,24,COLD_RESTART,8,400,0,0,0,0,0,0,0,0.0,0.0,80.0,0.0,80.0
1551,24,400.0,15,8,3,0.15,400,OPEN_LOOP,0.5,1.0,5,3,24,OPEN_LOOP,13,377,0,0,0,29,29,23,0,0.0,1.6896551724137931,130.0,0.0,130.0
1552,24,400.0,15,8,3,0.15,400,COLD_RESTART,0.0,0.5,5,3,24,COLD_RESTART,8,400,0,0,0,0,0,0,0,0.0,0.0,80.0,0.0,80.0
1557,24,400.0,15,8,3,0.15,400,COLD_RESTART,0.1,0.7,5,3,24,COLD_RESTART,9,323,62,11,7,18,15,4,1,0.16666666666666663,4.2,90.0,0.0,90.0
1532,23,400.0,15,8,3,0.15,400,GOVERNED,0.5,0.5,5,3,23,GOVERNED,0,175,209,12,129,57,57,2,0,0.0,1.0701754385964912,0.0,0.0,0.0
1556,24,400.0,15,8,3,0.15,400,COLD_RESTART,0.1,0.5,5,3,24,COLD_RESTART,8,307,74,14,4,23,19,4,3,0.17391304347826086,4.473684210526316,80.0,0.0,80.0
1558,24,400.0,15,8,3,0.15,400,COLD_RESTART,0.1,0.9,5,3,24,COLD_RESTART,10,298,86,14,7,22,21,2,7,0.045454545454545414,3.2857142857142856,100.0,0.0,100.0
1550,24,400.0,15,8,3,0.15,400,OPEN_LOOP,0.5,0.9,5,3,24,OPEN_LOOP,13,377,0,0,0,29,29,23,0,0.0,1.6896551724137931,130.0,0.0,130.0
1559,24,400.0,15,8,3,0.15,400,COLD_RESTART,0.1,1.0,5,3,24,COLD_RESTART,10,298,86,14,7,22,21,2,7,0.045454545454545414,3.2857142857142856,100.0,0.0,100.0
1561,24,400.0,15,8,3,0.15,400,COLD_RESTART,0.25,0.7,5,3,24,COLD_RESTART,8,308,82,6,42,23,23,4,0,0.0,1.2173913043478262,80.0,0.0,80.0
1568,24,400.0,15,8,3,0.15,400,CLOSED_LOOP,0.0,0.5,5,3,24,CLOSED_LOOP,8,400,0,0,0,0,0,0,0,0.0,0.0,80.0,0.0,80.0
1563,24,400.0,15,8,3,0.15,400,COLD_RESTART,0.25,1.0,5,3,24,COLD_RESTART,4,301,83,10,27,26,26,5,0,0.0,1.6923076923076923,40.0,0.0,40.0
1562,24,400.0,15,8,3,0.15,400,COLD_RESTART,0.25,0.9,5,3,24,COLD_RESTART,4,291,94,10,33,26,26,5,1,0.0,1.4230769230769231,40.0,0.0,40.0
1560,24,400.0,15,8,3,0.15,400,COLD_RESTART,0.25,0.5,5,3,24,COLD_RESTART,7,305,84,6,31,25,24,4,0,0.040000000000000036,1.2083333333333333,70.0,0.0,70.0
1571,24,400.0,15,8,3,0.15,400,CLOSED_LOOP,0.0,1.0,5,3,24,CLOSED_LOOP,8,400,0,0,0,0,0,0,0,0.0,0.0,80.0,0.0,80.0
1570,24,400.0,15,8,3,0.15,400,CLOSED_LOOP,0.0,0.9,5,3,24,CLOSED_LOOP,8,400,0,0,0,0,0,0,0,0.0,0.0,80.0,0.0,80.0
1569,24,400.0,15,8,3,0.15,400,CLOSED_LOOP,0.0,0.7,5,3,24,CLOSED_LOOP,8,400,0,0,0,0,0,0,0,0.0,0.0,80.0,0.0,80.0
1566,24,400.0,15,8,3,0.15,400,COLD_RESTART,0.5,0.9,5,3,24,COLD_RESTART,1,143,226,13,143,64,64,9,0,0.0,1.078125,10.0,0.0,10.0
1567,24,400.0,15,8,3,0.15,400,COLD_RESTART,0.5,1.0,5,3,24,COLD_RESTART,0,17,359,21,251,88,87,2,0,0.011363636363636354,1.0114942528735633,0.0,0.0,0.0
1573,24,400.0,15,8,3,0.15,400,CLOSED_LOOP,0.1,0.7,5,3,24,CLOSED_LOOP,8,349,42,6,8,13,12,3,0,0.07692307692307687,1.3333333333333333,80.0,0.0,80.0
1575,24,400.0,15,8,3,0.15,400,CLOSED_LOOP,0.1,1.0,5,3,24,CLOSED_LOOP,9,357,36,5,8,12,11,2,0,0.08333333333333337,1.9090909090909092,90.0,0.0,90.0
1577,24,400.0,15,8,3,0.15,400,CLOSED_LOOP,0.25,0.7,5,3,24,CLOSED_LOOP,8,308,82,6,42,23,23,4,0,0.0,1.2173913043478262,80.0,0.0,80.0
1572,24,400.0,15,8,3,0.15,400,CLOSED_LOOP,0.1,0.5,5,3,24,CLOSED_LOOP,8,349,42,6,8,13,12,3,0,0.07692307692307687,1.3333333333333333,80.0,0.0,80.0
1574,24,400.0,15,8,3,0.15,400,CLOSED_LOOP,0.1,0.9,5,3,24,CLOSED_LOOP,9,366,28,4,2,9,8,2,0,0.11111111111111116,2.25,90.0,0.0,90.0
1564,24,400.0,15,8,3,0.15,400,COLD_RESTART,0.5,0.5,5,3,24,COLD_RESTART,0,31,343,23,186,81,81,3,3,0.0,1.0864197530864197,0.0,0.0,0.0
1579,24,400.0,15,8,3,0.15,400,CLOSED_LOOP,0.25,1.0,5,3,24,CLOSED_LOOP,4,301,83,10,27,26,26,5,0,0.0,1.6923076923076923,40.0,0.0,40.0
1578,24,400.0,15,8,3,0.15,400,CLOSED_LOOP,0.25,0.9,5,3,24,CLOSED_LOOP,5,315,73,7,22,23,23,5,0,0.0,1.4782608695652173,50.0,0.0,50.0
1584,24,400.0,15,8,3,0.15,400,GOVERNED,0.0,0.5,5,3,24,GOVERNED,8,400,0,0,0,0,0,0,0,0.0,0.0,80.0,0.0,80.0
1576,24,400.0,15,8,3,0.15,400,CLOSED_LOOP,0.25,0.5,5,3,24,CLOSED_LOOP,7,305,84,6,31,25,24,4,0,0.040000000000000036,1.2083333333333333,70.0,0.0,70.0
1565,24,400.0,15,8,3,0.15,400,COLD_RESTART,0.5,0.7,5,3,24,COLD_RESTART,1,105,274,10,137,76,76,6,1,0.0,1.2763157894736843,10.0,0.0,10.0
1582,24,400.0,15,8,3,0.15,400,CLOSED_LOOP,0.5,0.9,5,3,24,CLOSED_LOOP,1,143,226,13,143,64,64,9,0,0.0,1.078125,10.0,0.0,10.0
1587,24,400.0,15,8,3,0.15,400,GOVERNED,0.0,1.0,5,3,24,GOVERNED,8,400,0,0,0,0,0,0,0,0.0,0.0,80.0,0.0,80.0
1585,24,400.0,15,8,3,0.15,400,GOVERNED,0.0,0.7,5,3,24,GOVERNED,8,400,0,0,0,0,0,0,0,0.0,0.0,80.0,0.0,80.0
1581,24,400.0,15,8,3,0.15,400,CLOSED_LOOP,0.5,0.7,5,3,24,CLOSED_LOOP,1,87,292,19,159,76,75,1,0,0.013157894736842146,1.1333333333333333,10.0,0.0,10.0
1588,24,400.0,15,8,3,0.15,400,GOVERNED,0.1,0.5,5,3,24,GOVERNED,8,349,42,6,8,13,12,3,0,0.07692307692307687,1.3333333333333333,80.0,0.0,80.0
1583,24,400.0,15,8,3,0.15,400,CLOSED_LOOP,0.5,1.0,5,3,24,CLOSED_LOOP,0,17,359,21,251,88,87,2,0,0.011363636363636354,1.0114942528735633,0.0,0.0,0.0
1591,24,400.0,15,8,3,0.15,400,GOVERNED,0.1,1.0,5,3,24,GOVERNED,9,357,36,5,8,12,11,2,0,0.08333333333333337,1.9090909090909092,90.0,0.0,90.0
1589,24,400.0,15,8,3,0.15,400,GOVERNED,0.1,0.7,5,3,24,GOVERNED,8,349,42,6,8,13,12,3,0,0.07692307692307687,1.3333333333333333,80.0,0.0,80.0
1580,24,400.0,15,8,3,0.15,400,CLOSED_LOOP,0.5,0.5,5,3,24,CLOSED_LOOP,3,94,278,23,127,71,70,3,0,0.014084507042253502,1.1142857142857143,30.0,0.0,30.0
1586,24,400.0,15,8,3,0.15,400,GOVERNED,0.0,0.9,5,3,24,GOVERNED,8,400,0,0,0,0,0,0,0,0.0,0.0,80.0,0.0,80.0
1592,24,400.0,15,8,3,0.15,400,GOVERNED,0.25,0.5,5,3,24,GOVERNED,7,305,84,6,31,25,24,4,0,0.040000000000000036,1.2083333333333333,70.0,0.0,70.0
1590,24,400.0,15,8,3,0.15,400,GOVERNED,0.1,0.9,5,3,24,GOVERNED,9,366,28,4,2,9,8,2,0,0.11111111111111116,2.25,90.0,0.0,90.0
1600,25,400.0,15,8,3,0.15,400,OPEN_LOOP,0.0,0.5,5,3,25,OPEN_LOOP,7,400,0,0,0,0,0,0,0,0.0,0.0,70.0,0.0,70.0
1603,25,400.0,15,8,3,0.15,400,OPEN_LOOP,0.0,1.0,5,3,25,OPEN_LOOP,7,400,0,0,0,0,0,0,0,0.0,0.0,70.0,0.0,70.0
1594,24,400.0,15,8,3,0.15,400,GOVERNED,0.25,0.9,5,3,24,GOVERNED,5,315,73,7,22,23,23,5,0,0.0,1.4782608695652173,50.0,0.0,50.0
1593,24,400.0,15,8,3,0.15,400,GOVERNED,0.25,0.7,5,3,24,GOVERNED,8,308,82,6,42,23,23,4,0,0.0,1.2173913043478262,80.0,0.0,80.0
1596,24,400.0,15,8,3,0.15,400,GOVERNED,0.5,0.5,5,3,24,GOVERNED,3,94,278,23,127,71,70,3,0,0.014084507042253502,1.1142857142857143,30.0,0.0,30.0
1602,25,400.0,15,8,3,0.15,400,OPEN_LOOP,0.0,0.9,5,3,25,OPEN_LOOP,7,400,0,0,0,0,0,0,0,0.0,0.0,70.0,0.0,70.0
1595,24,400.0,15,8,3,0.15,400,GOVERNED,0.25,1.0,5,3,24,GOVERNED,4,301,83,10,27,26,26,5,0,0.0,1.6923076923076923,40.0,0.0,40.0
1599,24,400.0,15,8,3,0.15,400,GOVERNED,0.5,1.0,5,3,24,GOVERNED,0,17,359,21,251,88,87,2,0,0.011363636363636354,1.0114942528735633,0.0,0.0,0.0
1601,25,400.0,15,8,3,0.15,400,OPEN_LOOP,0.0,0.7,5,3,25,OPEN_LOOP,7,400,0,0,0,0,0,0,0,0.0,0.0,70.0,0.0,70.0
1604,25,400.0,15,8,3,0.15,400,OPEN_LOOP,0.1,0.5,5,3,25,OPEN_LOOP,17,388,0,0,0,17,17,12,0,0.0,3.4705882352941178,170.0,0.0,170.0
1606,25,400.0,15,8,3,0.15,400,OPEN_LOOP,0.1,0.9,5,3,25,OPEN_LOOP,17,388,0,0,0,17,17,12,0,0.0,3.4705882352941178,170.0,0.0,170.0
1598,24,400.0,15,8,3,0.15,400,GOVERNED,0.5,0.9,5,3,24,GOVERNED,1,143,226,13,143,64,64,9,0,0.0,1.078125,10.0,0.0,10.0
1608,25,400.0,15,8,3,0.15,400,OPEN_LOOP,0.25,0.5,5,3,25,OPEN_LOOP,22,373,0,0,0,36,34,27,0,0.05555555555555558,2.823529411764706,220.0,0.0,220.0
1607,25,400.0,15,8,3,0.15,400,OPEN_LOOP,0.1,1.0,5,3,25,OPEN_LOOP,17,388,0,0,0,17,17,12,0,0.0,3.4705882352941178,170.0,0.0,170.0
1605,25,400.0,15,8,3,0.15,400,OPEN_LOOP,0.1,0.7,5,3,25,OPEN_LOOP,17,388,0,0,0,17,17,12,0,0.0,3.4705882352941178,170.0,0.0,170.0
1597,24,400.0,15,8,3,0.15,400,GOVERNED,0.5,0.7,5,3,24,GOVERNED,1,87,292,19,159,76,75,1,0,0.013157894736842146,1.1333333333333333,10.0,0.0,10.0
1611,25,400.0,15,8,3,0.15,400,OPEN_LOOP,0.25,1.0,5,3,25,OPEN_LOOP,22,373,0,0,0,36,34,27,0,0.05555555555555558,2.823529411764706,220.0,0.0,220.0
1614,25,400.0,15,8,3,0.15,400,OPEN_LOOP,0.5,0.9,5,3,25,OPEN_LOOP,17,377,0,0,0,28,28,23,0,0.0,1.6071428571428572,170.0,0.0,170.0
1612,25,400.0,15,8,3,0.15,400,OPEN_LOOP,0.5,0.5,5,3,25,OPEN_LOOP,17,377,0,0,0,28,28,23,0,0.0,1.6071428571428572,170.0,0.0,170.0
1616,25,400.0,15,8,3,0.15,400,COLD_RESTART,0.0,0.5,5,3,25,COLD_RESTART,7,400,0,0,0,0,0,0,0,0.0,0.0,70.0,0.0,70.0
1615,25,400.0,15,8,3,0.15,400,OPEN_LOOP,0.5,1.0,5,3,25,OPEN_LOOP,17,377,0,0,0,28,28,23,0,0.0,1.6071428571428572,170.0,0.0,170.0
1618,25,400.0,15,8,3,0.15,400,COLD_RESTART,0.0,0.9,5,3,25,COLD_RESTART,7,400,0,0,0,0,0,0,0,0.0,0.0,70.0,0.0,70.0
1613,25,400.0,15,8,3,0.15,400,OPEN_LOOP,0.5,0.7,5,3,25,OPEN_LOOP,17,377,0,0,0,28,28,23,0,0.0,1.6071428571428572,170.0,0.0,170.0
1619,25,400.0,15,8,3,0.15,400,COLD_RESTART,0.0,1.0,5,3,25,COLD_RESTART,7,400,0,0,0,0,0,0,0,0.0,0.0,70.0,0.0,70.0
1617,25,400.0,15,8,3,0.15,400,COLD_RESTART,0.0,0.7,5,3,25,COLD_RESTART,7,400,0,0,0,0,0,0,0,0.0,0.0,70.0,0.0,70.0
1621,25,400.0,15,8,3,0.15,400,COLD_RESTART,0.1,0.7,5,3,25,COLD_RESTART,5,375,21,2,4,8,7,1,1,0.125,1.4285714285714286,50.0,0.0,50.0
1609,25,400.0,15,8,3,0.15,400,OPEN_LOOP,0.25,0.7,5,3,25,OPEN_LOOP,22,373,0,0,0,36,34,27,0,0.05555555555555558,2.823529411764706,220.0,0.0,220.0
1622,25,400.0,15,8,3,0.15,400,COLD_RESTART,0.1,0.9,5,3,25,COLD_RESTART,8,272,109,16,17,23,23,3,9,0.0,2.260869565217391,80.0,0.0,80.0
1610,25,400.0,15,8,3,0.15,400,OPEN_LOOP,0.25,0.9,5,3,25,OPEN_LOOP,22,373,0,0,0,36,34,27,0,0.05555555555555558,2.823529411764706,220.0,0.0,220.0
1623,25,400.0,15,8,3,0.15,400,COLD_RESTART,0.1,1.0,5,3,25,COLD_RESTART,9,285,95,17,7,20,20,3,10,0.0,2.75,90.0,0.0,90.0
1620,25,400.0,15,8,3,0.15,400,COLD_RESTART,0.1,0.5,5,3,25,COLD_RESTART,5,375,21,2,4,8,7,1,1,0.125,1.4285714285714286,50.0,0.0,50.0
1625,25,400.0,15,8,3,0.15,400,COLD_RESTART,0.25,0.7,5,3,25,COLD_RESTART,4,112,258,24,76,66,65,4,7,0.015151515151515138,1.2153846153846153,40.0,0.0,40.0
1632,25,400.0,15,8,3,0.15,400,CLOSED_LOOP,0.0,0.5,5,3,25,CLOSED_LOOP,7,400,0,0,0,0,0,0,0,0.0,0.0,70.0,0.0,70.0
1626,25,400.0,15,8,3,0.15,400,COLD_RESTART,0.25,0.9,5,3,25,COLD_RESTART,6,281,102,8,25,28,28,5,1,0.0,1.3214285714285714,60.0,0.0,60.0
1624,25,400.0,15,8,3,0.15,400,COLD_RESTART,0.25,0.5,5,3,25,COLD_RESTART,5,266,119,9,36,35,35,3,0,0.0,1.3428571428571427,50.0,0.0,50.0
1634,25,400.0,15,8,3,0.15,400,CLOSED_LOOP,0.0,0.9,5,3,25,CLOSED_LOOP,7,400,0,0,0,0,0,0,0,0.0,0.0,70.0,0.0,70.0
1633,25,400.0,15,8,3,0.15,400,CLOSED_LOOP,0.0,0.7,5,3,25,CLOSED_LOOP,7,400,0,0,0,0,0,0,0,0.0,0.0,70.0,0.0,70.0
1635,25,400.0,15,8,3,0.15,400,CLOSED_LOOP,0.0,1.0,5,3,25,CLOSED_LOOP,7,400,0,0,0,0,0,0,0,0.0,0.0,70.0,0.0,70.0
1627,25,400.0,15,8,3,0.15,400,COLD_RESTART,0.25,1.0,5,3,25,COLD_RESTART,2,84,277,30,72,67,67,7,10,0.0,1.2686567164179106,20.0,0.0,20.0
1636,25,400.0,15,8,3,0.15,400,CLOSED_LOOP,0.1,0.5,5,3,25,CLOSED_LOOP,7,356,39,5,8,10,10,0,0,0.0,1.0,70.0,0.0,70.0
1637,25,400.0,15,8,3,0.15,400,CLOSED_LOOP,0.1,0.7,5,3,25,CLOSED_LOOP,7,365,30,4,4,8,8,1,0,0.0,1.875,70.0,0.0,70.0
1639,25,400.0,15,8,3,0.15,400,CLOSED_LOOP,0.1,1.0,5,3,25,CLOSED_LOOP,11,338,49,9,7,15,14,4,0,0.06666666666666665,2.642857142857143,110.0,0.0,110.0
1628,25,400.0,15,8,3,0.15,400,COLD_RESTART,0.5,0.5,5,3,25,COLD_RESTART,1,56,321,17,183,84,84,3,1,0.0,1.2142857142857142,10.0,0.0,10.0
1638,25,400.0,15,8,3,0.15,400,CLOSED_LOOP,0.1,0.9,5,3,25,CLOSED_LOOP,11,338,49,9,7,15,14,4,0,0.06666666666666665,2.642857142857143,110.0,0.0,110.0
1630,25,400.0,15,8,3,0.15,400,COLD_RESTART,0.5,0.9,5,3,25,COLD_RESTART,3,99,280,10,184,74,73,5,0,0.013513513513513487,1.0273972602739727,30.0,0.0,30.0
1640,25,400.0,15,8,3,0.15,400,CLOSED_LOOP,0.25,0.5,5,3,25,CLOSED_LOOP,5,266,119,9,36,35,35,3,0,0.0,1.3428571428571427,50.0,0.0,50.0
1646,25,400.0,15,8,3,0.15,400,CLOSED_LOOP,0.5,0.9,5,3,25,CLOSED_LOOP,3,99,280,10,184,74,73,5,0,0.013513513513513487,1.0273972602739727,30.0,0.0,30.0
1642,25,400.0,15,8,3,0.15,400,CLOSED_LOOP,0.25,0.9,5,3,25,CLOSED_LOOP,4,237,142,17,39,37,34,2,0,0.08108108108108103,1.4411764705882353,40.0,0.0,40.0
1629,25,400.0,15,8,3,0.15,400,COLD_RESTART,0.5,0.7,5,3,25,COLD_RESTART,1,28,355,14,250,96,96,1,1,0.0,1.0,10.0,0.0,10.0
1645,25,400.0,15,8,3,0.15,400,CLOSED_LOOP,0.5,0.7,5,3,25,CLOSED_LOOP,2,85,303,5,187,85,85,3,0,0.0,1.0,20.0,0.0,20.0
1641,25,400.0,15,8,3,0.15,400,CLOSED_LOOP,0.25,0.7,5,3,25,CLOSED_LOOP,5,278,107,8,25,35,34,5,0,0.02857142857142858,1.3823529411764706,50.0,0.0,50.0
1647,25,400.0,15,8,3,0.15,400,CLOSED_LOOP,0.5,1.0,5,3,25,CLOSED_LOOP,2,49,330,16,245,90,90,1,0,0.0,1.0444444444444445,20.0,0.0,20.0
1648,25,400.0,15,8,3,0.15,400,GOVERNED,0.0,0.5,5,3,25,GOVERNED,7,400,0,0,0,0,0,0,0,0.0,0.0,70.0,0.0,70.0
1650,25,400.0,15,8,3,0.15,400,GOVERNED,0.0,0.9,5,3,25,GOVERNED,7,400,0,0,0,0,0,0,0,0.0,0.0,70.0,0.0,70.0
1643,25,400.0,15,8,3,0.15,400,CLOSED_LOOP,0.25,1.0,5,3,25,CLOSED_LOOP,6,127,251,18,91,64,64,2,0,0.0,1.046875,60.0,0.0,60.0
1651,25,400.0,15,8,3,0.15,400,GOVERNED,0.0,1.0,5,3,25,GOVERNED,7,400,0,0,0,0,0,0,0,0.0,0.0,70.0,0.0,70.0
1644,25,400.0,15,8,3,0.15,400,CLOSED_LOOP,0.5,0.5,5,3,25,CLOSED_LOOP,3,80,299,16,159,79,79,3,0,0.0,1.2151898734177216,30.0,0.0,30.0
1649,25,400.0,15,8,3,0.15,400,GOVERNED,0.0,0.7,5,3,25,GOVERNED,7,400,0,0,0,0,0,0,0,0.0,0.0,70.0,0.0,70.0
1652,25,400.0,15,8,3,0.15,400,GOVERNED,0.1,0.5,5,3,25,GOVERNED,7,356,39,5,8,10,10,0,0,0.0,1.0,70.0,0.0,70.0
1631,25,400.0,15,8,3,0.15,400,COLD_RESTART,0.5,1.0,5,3,25,COLD_RESTART,1,28,352,18,280,88,87,0,2,0.011363636363636354,1.0114942528735633,10.0,0.0,10.0
1654,25,400.0,15,8,3,0.15,400,GOVERNED,0.1,0.9,5,3,25,GOVERNED,11,338,49,9,7,15,14,4,0,0.06666666666666665,2.642857142857143,110.0,0.0,110.0
1653,25,400.0,15,8,3,0.15,400,GOVERNED,0.1,0.7,5,3,25,GOVERNED,7,365,30,4,4,8,8,1,0,0.0,1.875,70.0,0.0,70.0
1656,25,400.0,15,8,3,0.15,400,GOVERNED,0.25,0.5,5,3,25,GOVERNED,5,266,119,9,36,35,35,3,0,0.0,1.3428571428571427,50.0,0.0,50.0
1655,25,400.0,15,8,3,0.15,400,GOVERNED,0.1,1.0,5,3,25,GOVERNED,11,338,49,9,7,15,14,4,0,0.06666666666666665,2.642857142857143,110.0,0.0,110.0
1665,26,400.0,15,8,3,0.15,400,OPEN_LOOP,0.0,0.7,5,3,26,OPEN_LOOP,4,400,0,0,0,0,0,0,0,0.0,0.0,40.0,0.0,40.0
1659,25,400.0,15,8,3,0.15,400,GOVERNED,0.25,1.0,5,3,25,GOVERNED,6,127,251,18,91,64,64,2,0,0.0,1.046875,60.0,0.0,60.0
1667,26,400.0,15,8,3,0.15,400,OPEN_LOOP,0.0,1.0,5,3,26,OPEN_LOOP,4,400,0,0,0,0,0,0,0,0.0,0.0,40.0,0.0,40.0
1658,25,400.0,15,8,3,0.15,400,GOVERNED,0.25,0.9,5,3,25,GOVERNED,4,237,142,17,39,37,34,2,0,0.08108108108108103,1.4411764705882353,40.0,0.0,40.0
1664,26,400.0,15,8,3,0.15,400,OPEN_LOOP,0.0,0.5,5,3,26,OPEN_LOOP,4,400,0,0,0,0,0,0,0,0.0,0.0,40.0,0.0,40.0
1669,26,400.0,15,8,3,0.15,400,OPEN_LOOP,0.1,0.7,5,3,26,OPEN_LOOP,12,389,0,0,0,15,12,11,0,0.19999999999999996,2.4166666666666665,120.0,0.0,120.0
1670,26,400.0,15,8,3,0.15,400,OPEN_LOOP,0.1,0.9,5,3,26,OPEN_LOOP,12,389,0,0,0,15,12,11,0,0.19999999999999996,2.4166666666666665,120.0,0.0,120.0
1671,26,400.0,15,8,3,0.15,400,OPEN_LOOP,0.1,1.0,5,3,26,OPEN_LOOP,12,389,0,0,0,15,12,11,0,0.19999999999999996,2.4166666666666665,120.0,0.0,120.0
1657,25,400.0,15,8,3,0.15,400,GOVERNED,0.25,0.7,5,3,25,GOVERNED,5,278,107,8,25,35,34,5,0,0.02857142857142858,1.3823529411764706,50.0,0.0,50.0
1662,25,400.0,15,8,3,0.15,400,GOVERNED,0.5,0.9,5,3,25,GOVERNED,3,99,280,10,184,74,73,5,0,0.013513513513513487,1.0273972602739727,30.0,0.0,30.0
1674,26,400.0,15,8,3,0.15,400,OPEN_LOOP,0.25,0.9,5,3,26,OPEN_LOOP,3,399,0,0,0,1,1,1,0,0.0,1.0,30.0,0.0,30.0
1666,26,400.0,15,8,3,0.15,400,OPEN_LOOP,0.0,0.9,5,3,26,OPEN_LOOP,4,400,0,0,0,0,0,0,0,0.0,0.0,40.0,0.0,40.0
1668,26,400.0,15,8,3,0.15,400,OPEN_LOOP,0.1,0.5,5,3,26,OPEN_LOOP,12,389,0,0,0,15,12,11,0,0.19999999999999996,2.4166666666666665,120.0,0.0,120.0
1675,26,400.0,15,8,3,0.15,400,OPEN_LOOP,0.25,1.0,5,3,26,OPEN_LOOP,3,399,0,0,0,1,1,1,0,0.0,1.0,30.0,0.0,30.0
1673,26,400.0,15,8,3,0.15,400,OPEN_LOOP,0.25,0.7,5,3,26,OPEN_LOOP,3,399,0,0,0,1,1,1,0,0.0,1.0,30.0,0.0,30.0
1676,26,400.0,15,8,3,0.15,400,OPEN_LOOP,0.5,0.5,5,3,26,OPEN_LOOP,12,375,0,0,0,34,34,25,0,0.0,2.264705882352941,120.0,0.0,120.0
1677,26,400.0,15,8,3,0.15,400,OPEN_LOOP,0.5,0.7,5,3,26,OPEN_LOOP,12,375,0,0,0,34,34,25,0,0.0,2.264705882352941,120.0,0.0,120.0
1681,26,400.0,15,8,3,0.15,400,COLD_RESTART,0.0,0.7,5,3,26,COLD_RESTART,4,400,0,0,0,0,0,0,0,0.0,0.0,40.0,0.0,40.0
1682,26,400.0,15,8,3,0.15,400,COLD_RESTART,0.0,0.9,5,3,26,COLD_RESTART,4,400,0,0,0,0,0,0,0,0.0,0.0,40.0,0.0,40.0
1661,25,400.0,15,8,3,0.15,400,GOVERNED,0.5,0.7,5,3,25,GOVERNED,2,85,303,5,187,85,85,3,0,0.0,1.0,20.0,0.0,20.0
1663,25,400.0,15,8,3,0.15,400,GOVERNED,0.5,1.0,5,3,25,GOVERNED,2,49,330,16,245,90,90,1,0,0.0,1.0444444444444445,20.0,0.0,20.0
1679,26,400.0,15,8,3,0.15,400,OPEN_LOOP,0.5,1.0,5,3,26,OPEN_LOOP,12,375,0,0,0,34,34,25,0,0.0,2.264705882352941,120.0,0.0,120.0
1680,26,400.0,15,8,3,0.15,400,COLD_RESTART,0.0,0.5,5,3,26,COLD_RESTART,4,400,0,0,0,0,0,0,0,0.0,0.0,40.0,0.0,40.0
1684,26,400.0,15,8,3,0.15,400,COLD_RESTART,0.1,0.5,5,3,26,COLD_RESTART,3,343,48,8,4,13,11,1,2,0.15384615384615385,2.8181818181818183,30.0,0.0,30.0
1687,26,400.0,15,8,3,0.15,400,COLD_RESTART,0.1,1.0,5,3,26,COLD_RESTART,12,335,54,10,2,12,11,1,3,0.08333333333333337,3.8181818181818183,120.0,0.0,120.0
1660,25,400.0,15,8,3,0.15,400,GOVERNED,0.5,0.5,5,3,25,GOVERNED,3,80,299,16,159,79,79,3,0,0.0,1.2151898734177216,30.0,0.0,30.0
1672,26,400.0,15,8,3,0.15,400,OPEN_LOOP,0.25,0.5,5,3,26,OPEN_LOOP,3,399,0,0,0,1,1,1,0,0.0,1.0,30.0,0.0,30.0
1683,26,400.0,15,8,3,0.15,400,COLD_RESTART,0.0,1.0,5,3,26,COLD_RESTART,4,400,0,0,0,0,0,0,0,0.0,0.0,40.0,0.0,40.0
1690,26,400.0,15,8,3,0.15,400,COLD_RESTART,0.25,0.9,5,3,26,COLD_RESTART,1,388,9,1,2,5,4,2,0,0.19999999999999996,2.5,10.0,0.0,10.0
1688,26,400.0,15,8,3,0.15,400,COLD_RESTART,0.25,0.5,5,3,26,COLD_RESTART,1,388,9,0,3,6,5,2,0,0.16666666666666663,2.2,10.0,0.0,10.0
1678,26,400.0,15,8,3,0.15,400,OPEN_LOOP,0.5,0.9,5,3,26,OPEN_LOOP,12,375,0,0,0,34,34,25,0,0.0,2.264705882352941,120.0,0.0,120.0
1689,26,400.0,15,8,3,0.15,400,COLD_RESTART,0.25,0.7,5,3,26,COLD_RESTART,1,388,9,0,5,6,6,2,0,0.0,2.0,10.0,0.0,10.0
1696,26,400.0,15,8,3,0.15,400,CLOSED_LOOP,0.0,0.5,5,3,26,CLOSED_LOOP,4,400,0,0,0,0,0,0,0,0.0,0.0,40.0,0.0,40.0
1697,26,400.0,15,8,3,0.15,400,CLOSED_LOOP,0.0,0.7,5,3,26,CLOSED_LOOP,4,400,0,0,0,0,0,0,0,0.0,0.0,40.0,0.0,40.0
1699,26,400.0,15,8,3,0.15,400,CLOSED_LOOP,0.0,1.0,5,3,26,CLOSED_LOOP,4,400,0,0,0,0,0,0,0,0.0,0.0,40.0,0.0,40.0
1685,26,400.0,15,8,3,0.15,400,COLD_RESTART,0.1,0.7,5,3,26,COLD_RESTART,7,321,68,11,4,16,14,0,2,0.125,3.0714285714285716,70.0,0.0,70.0
1691,26,400.0,15,8,3,0.15,400,COLD_RESTART,0.25,1.0,5,3,26,COLD_RESTART,1,388,9,1,2,5,4,2,0,0.19999999999999996,2.5,10.0,0.0,10.0
1698,26,400.0,15,8,3,0.15,400,CLOSED_LOOP,0.0,0.9,5,3,26,CLOSED_LOOP,4,400,0,0,0,0,0,0,0,0.0,0.0,40.0,0.0,40.0
1686,26,400.0,15,8,3,0.15,400,COLD_RESTART,0.1,0.9,5,3,26,COLD_RESTART,12,335,54,10,2,12,11,1,3,0.08333333333333337,3.8181818181818183,120.0,0.0,120.0
1701,26,400.0,15,8,3,0.15,400,CLOSED_LOOP,0.1,0.7,5,3,26,CLOSED_LOOP,6,329,60,10,4,17,15,0,0,0.11764705882352944,4.466666666666667,60.0,0.0,60.0
1702,26,400.0,15,8,3,0.15,400,CLOSED_LOOP,0.1,0.9,5,3,26,CLOSED_LOOP,9,349,41,7,2,11,10,2,0,0.09090909090909094,4.2,90.0,0.0,90.0
1692,26,400.0,15,8,3,0.15,400,COLD_RESTART,0.5,0.5,5,3,26,COLD_RESTART,1,196,190,9,120,52,51,2,0,0.019230769230769273,1.0392156862745099,10.0,0.0,10.0
1695,26,400.0,15,8,3,0.15,400,COLD_RESTART,0.5,1.0,5,3,26,COLD_RESTART,1,226,158,4,71,51,51,6,0,0.0,1.2156862745098038,10.0,0.0,10.0
1693,26,400.0,15,8,3,0.15,400,COLD_RESTART,0.5,0.7,5,3,26,COLD_RESTART,0,36,352,11,264,98,98,0,0,0.0,1.0204081632653061,0.0,0.0,0.0
1704,26,400.0,15,8,3,0.15,400,CLOSED_LOOP,0.25,0.5,5,3,26,CLOSED_LOOP,1,388,9,0,3,6,5,2,0,0.16666666666666663,2.2,10.0,0.0,10.0
1705,26,400.0,15,8,3,0.15,400,CLOSED_LOOP,0.25,0.7,5,3,26,CLOSED_LOOP,1,388,9,0,5,6,6,2,0,0.0,2.0,10.0,0.0,10.0
1707,26,400.0,15,8,3,0.15,400,CLOSED_LOOP,0.25,1.0,5,3,26,CLOSED_LOOP,1,388,9,1,2,5,4,2,0,0.19999999999999996,2.5,10.0,0.0,10.0
1703,26,400.0,15,8,3,0.15,400,CLOSED_LOOP,0.1,1.0,5,3,26,CLOSED_LOOP,10,340,49,7,4,15,14,3,0,0.06666666666666665,3.2857142857142856,100.0,0.0,100.0
1694,26,400.0,15,8,3,0.15,400,COLD_RESTART,0.5,0.9,5,3,26,COLD_RESTART,2,321,69,1,35,24,23,5,0,0.04166666666666663,1.173913043478261,20.0,0.0,20.0
1712,26,400.0,15,8,3,0.15,400,GOVERNED,0.0,0.5,5,3,26,GOVERNED,4,400,0,0,0,0,0,0,0,0.0,0.0,40.0,0.0,40.0
1700,26,400.0,15,8,3,0.15,400,CLOSED_LOOP,0.1,0.5,5,3,26,CLOSED_LOOP,7,350,43,7,4,12,10,0,0,0.16666666666666663,3.8,70.0,0.0,70.0
1706,26,400.0,15,8,3,0.15,400,CLOSED_LOOP,0.25,0.9,5,3,26,CLOSED_LOOP,1,388,9,1,2,5,4,2,0,0.19999999999999996,2.5,10.0,0.0,10.0
1713,26,400.0,15,8,3,0.15,400,GOVERNED,0.0,0.7,5,3,26,GOVERNED,4,400,0,0,0,0,0,0,0,0.0,0.0,40.0,0.0,40.0
1714,26,400.0,15,8,3,0.15,400,GOVERNED,0.0,0.9,5,3,26,GOVERNED,4,400,0,0,0,0,0,0,0,0.0,0.0,40.0,0.0,40.0
1711,26,400.0,15,8,3,0.15,400,CLOSED_LOOP,0.5,1.0,5,3,26,CLOSED_LOOP,1,226,158,4,71,51,51,6,0,0.0,1.2156862745098038,10.0,0.0,10.0
1718,26,400.0,15,8,3,0.15,400,GOVERNED,0.1,0.9,5,3,26,GOVERNED,9,349,41,7,2,11,10,2,0,0.09090909090909094,4.2,90.0,0.0,90.0
1708,26,400.0,15,8,3,0.15,400,CLOSED_LOOP,0.5,0.5,5,3,26,CLOSED_LOOP,1,196,190,9,120,52,51,2,0,0.019230769230769273,1.0392156862745099,10.0,0.0,10.0
1716,26,400.0,15,8,3,0.15,400,GOVERNED,0.1,0.5,5,3,26,GOVERNED,7,350,43,7,4,12,10,0,0,0.16666666666666663,3.8,70.0,0.0,70.0
1721,26,400.0,15,8,3,0.15,400,GOVERNED,0.25,0.7,5,3,26,GOVERNED,1,388,9,0,5,6,6,2,0,0.0,2.0,10.0,0.0,10.0
1710,26,400.0,15,8,3,0.15,400,CLOSED_LOOP,0.5,0.9,5,3,26,CLOSED_LOOP,2,321,69,1,35,24,23,5,0,0.04166666666666663,1.173913043478261,20.0,0.0,20.0
1723,26,400.0,15,8,3,0.15,400,GOVERNED,0.25,1.0,5,3,26,GOVERNED,1,388,9,1,2,5,4,2,0,0.19999999999999996,2.5,10.0,0.0,10.0
1709,26,400.0,15,8,3,0.15,400,CLOSED_LOOP,0.5,0.7,5,3,26,CLOSED_LOOP,0,36,352,11,264,98,98,0,0,0.0,1.0204081632653061,0.0,0.0,0.0
1715,26,400.0,15,8,3,0.15,400,GOVERNED,0.0,1.0,5,3,26,GOVERNED,4,400,0,0,0,0,0,0,0,0.0,0.0,40.0,0.0,40.0
1719,26,400.0,15,8,3,0.15,400,GOVERNED,0.1,1.0,5,3,26,GOVERNED,10,340,49,7,4,15,14,3,0,0.06666666666666665,3.2857142857142856,100.0,0.0,100.0
1720,26,400.0,15,8,3,0.15,400,GOVERNED,0.25,0.5,5,3,26,GOVERNED,1,388,9,0,3,6,5,2,0,0.16666666666666663,2.2,10.0,0.0,10.0
1722,26,400.0,15,8,3,0.15,400,GOVERNED,0.25,0.9,5,3,26,GOVERNED,1,388,9,1,2,5,4,2,0,0.19999999999999996,2.5,10.0,0.0,10.0
1728,27,400.0,15,8,3,0.15,400,OPEN_LOOP,0.0,0.5,5,3,27,OPEN_LOOP,16,400,0,0,0,0,0,0,0,0.0,0.0,160.0,0.0,160.0
1729,27,400.0,15,8,3,0.15,400,OPEN_LOOP,0.0,0.7,5,3,27,OPEN_LOOP,16,400,0,0,0,0,0,0,0,0.0,0.0,160.0,0.0,160.0
1717,26,400.0,15,8,3,0.15,400,GOVERNED,0.1,0.7,5,3,26,GOVERNED,6,329,60,10,4,17,15,0,0,0.11764705882352944,4.466666666666667,60.0,0.0,60.0
1724,26,400.0,15,8,3,0.15,400,GOVERNED,0.5,0.5,5,3,26,GOVERNED,1,196,190,9,120,52,51,2,0,0.019230769230769273,1.0392156862745099,10.0,0.0,10.0
1731,27,400.0,15,8,3,0.15,400,OPEN_LOOP,0.0,1.0,5,3,27,OPEN_LOOP,16,400,0,0,0,0,0,0,0,0.0,0.0,160.0,0.0,160.0
1732,27,400.0,15,8,3,0.15,400,OPEN_LOOP,0.1,0.5,5,3,27,OPEN_LOOP,10,395,0,0,0,7,6,5,0,0.1428571428571429,2.6666666666666665,100.0,0.0,100.0
1735,27,400.0,15,8,3,0.15,400,OPEN_LOOP,0.1,1.0,5,3,27,OPEN_LOOP,10,395,0,0,0,7,6,5,0,0.1428571428571429,2.6666666666666665,100.0,0.0,100.0
1733,27,400.0,15,8,3,0.15,400,OPEN_LOOP,0.1,0.7,5,3,27,OPEN_LOOP,10,395,0,0,0,7,6,5,0,0.1428571428571429,2.6666666666666665,100.0,0.0,100.0
1726,26,400.0,15,8,3,0.15,400,GOVERNED,0.5,0.9,5,3,26,GOVERNED,2,321,69,1,35,24,23,5,0,0.04166666666666663,1.173913043478261,20.0,0.0,20.0
1727,26,400.0,15,8,3,0.15,400,GOVERNED,0.5,1.0,5,3,26,GOVERNED,1,226,158,4,71,51,51,6,0,0.0,1.2156862745098038,10.0,0.0,10.0
1737,27,400.0,15,8,3,0.15,400,OPEN_LOOP,0.25,0.7,5,3,27,OPEN_LOOP,14,389,0,0,0,17,16,11,0,0.05882352941176472,1.3125,140.0,0.0,140.0
1734,27,400.0,15,8,3,0.15,400,OPEN_LOOP,0.1,0.9,5,3,27,OPEN_LOOP,10,395,0,0,0,7,6,5,0,0.1428571428571429,2.6666666666666665,100.0,0.0,100.0
1725,26,400.0,15,8,3,0.15,400,GOVERNED,0.5,0.7,5,3,26,GOVERNED,0,36,352,11,264,98,98,0,0,0.0,1.0204081632653061,0.0,0.0,0.0
1740,27,400.0,15,8,3,0.15,400,OPEN_LOOP,0.5,0.5,5,3,27,OPEN_LOOP,11,390,0,0,0,14,13,10,0,0.0714285714285714,1.1538461538461537,110.0,0.0,110.0
1730,27,400.0,15,8,3,0.15,400,OPEN_LOOP,0.0,0.9,5,3,27,OPEN_LOOP,16,400,0,0,0,0,0,0,0,0.0,0.0,160.0,0.0,160.0
1741,27,400.0,15,8,3,0.15,400,OPEN_LOOP,0.5,0.7,5,3,27,OPEN_LOOP,11,390,0,0,0,14,13,10,0,0.0714285714285714,1.1538461538461537,110.0,0.0,110.0
1736,27,400.0,15,8,3,0.15,400,OPEN_LOOP,0.25,0.5,5,3,27,OPEN_LOOP,14,389,0,0,0,17,16,11,0,0.05882352941176472,1.3125,140.0,0.0,140.0
1744,27,400.0,15,8,3,0.15,400,COLD_RESTART,0.0,0.5,5,3,27,COLD_RESTART,16,400,0,0,0,0,0,0,0,0.0,0.0,160.0,0.0,160.0
1738,27,400.0,15,8,3,0.15,400,OPEN_LOOP,0.25,0.9,5,3,27,OPEN_LOOP,14,389,0,0,0,17,16,11,0,0.05882352941176472,1.3125,140.0,0.0,140.0
1745,27,400.0,15,8,3,0.15,400,COLD_RESTART,0.0,0.7,5,3,27,COLD_RESTART,16,400,0,0,0,0,0,0,0,0.0,0.0,160.0,0.0,160.0
1742,27,400.0,15,8,3,0.15,400,OPEN_LOOP,0.5,0.9,5,3,27,OPEN_LOOP,11,390,0,0,0,14,13,10,0,0.0714285714285714,1.1538461538461537,110.0,0.0,110.0
1743,27,400.0,15,8,3,0.15,400,OPEN_LOOP,0.5,1.0,5,3,27,OPEN_LOOP,11,390,0,0,0,14,13,10,0,0.0714285714285714,1.1538461538461537,110.0,0.0,110.0
1739,27,400.0,15,8,3,0.15,400,OPEN_LOOP,0.25,1.0,5,3,27,OPEN_LOOP,14,389,0,0,0,17,16,11,0,0.05882352941176472,1.3125,140.0,0.0,140.0
1748,27,400.0,15,8,3,0.15,400,COLD_RESTART,0.1,0.5,5,3,27,COLD_RESTART,7,371,25,4,1,5,5,0,0,0.0,2.8,70.0,0.0,70.0
1746,27,400.0,15,8,3,0.15,400,COLD_RESTART,0.0,0.9,5,3,27,COLD_RESTART,16,400,0,0,0,0,0,0,0,0.0,0.0,160.0,0.0,160.0
1750,27,400.0,15,8,3,0.15,400,COLD_RESTART,0.1,0.9,5,3,27,COLD_RESTART,8,342,48,9,5,13,11,1,2,0.15384615384615385,2.6363636363636362,80.0,0.0,80.0
1752,27,400.0,15,8,3,0.15,400,COLD_RESTART,0.25,0.5,5,3,27,COLD_RESTART,4,338,52,4,21,17,17,3,0,0.0,1.411764705882353,40.0,0.0,40.0
1751,27,400.0,15,8,3,0.15,400,COLD_RESTART,0.1,1.0,5,3,27,COLD_RESTART,8,342,48,9,5,13,11,1,2,0.15384615384615385,2.6363636363636362,80.0,0.0,80.0
1754,27,400.0,15,8,3,0.15,400,COLD_RESTART,0.25,0.9,5,3,27,COLD_RESTART,2,115,255,24,90,66,64,4,4,0.030303030303030276,1.109375,20.0,0.0,20.0
1753,27,400.0,15,8,3,0.15,400,COLD_RESTART,0.25,0.7,5,3,27,COLD_RESTART,5,279,106,12,32,28,27,2,1,0.0357142857142857,1.1851851851851851,50.0,0.0,50.0
1760,27,400.0,15,8,3,0.15,400,CLOSED_LOOP,0.0,0.5,5,3,27,CLOSED_LOOP,16,400,0,0,0,0,0,0,0,0.0,0.0,160.0,0.0,160.0
1749,27,400.0,15,8,3,0.15,400,COLD_RESTART,0.1,0.7,5,3,27,COLD_RESTART,8,354,38,7,4,8,8,0,1,0.0,3.625,80.0,0.0,80.0
1756,27,400.0,15,8,3,0.15,400,COLD_RESTART,0.5,0.5,5,3,27,COLD_RESTART,0,182,195,4,93,68,67,13,0,0.014705882352941124,1.0895522388059702,0.0,0.0,0.0
1763,27,400.0,15,8,3,0.15,400,CLOSED_LOOP,0.0,1.0,5,3,27,CLOSED_LOOP,16,400,0,0,0,0,0,0,0,0.0,0.0,160.0,0.0,160.0
1765,27,400.0,15,8,3,0.15,400,CLOSED_LOOP,0.1,0.7,5,3,27,CLOSED_LOOP,10,346,44,8,5,10,10,2,0,0.0,2.4,100.0,0.0,100.0
1759,27,400.0,15,8,3,0.15,400,COLD_RESTART,0.5,1.0,5,3,27,COLD_RESTART,1,40,336,19,224,88,87,4,3,0.011363636363636354,1.0114942528735633,10.0,0.0,10.0
1767,27,400.0,15,8,3,0.15,400,CLOSED_LOOP,0.1,1.0,5,3,27,CLOSED_LOOP,9,351,40,8,3,8,8,1,0,0.0,2.25,90.0,0.0,90.0
1766,27,400.0,15,8,3,0.15,400,CLOSED_LOOP,0.1,0.9,5,3,27,CLOSED_LOOP,9,351,40,8,3,8,8,1,0,0.0,2.25,90.0,0.0,90.0
1757,27,400.0,15,8,3,0.15,400,COLD_RESTART,0.5,0.7,5,3,27,COLD_RESTART,1,204,182,6,122,54,54,6,0,0.0,1.0,10.0,0.0,10.0
1747,27,400.0,15,8,3,0.15,400,COLD_RESTART,0.0,1.0,5,3,27,COLD_RESTART,16,400,0,0,0,0,0,0,0,0.0,0.0,160.0,0.0,160.0
1755,27,400.0,15,8,3,0.15,400,COLD_RESTART,0.25,1.0,5,3,27,COLD_RESTART,2,173,199,19,62,52,51,6,4,0.019230769230769273,1.0588235294117647,20.0,0.0,20.0
1768,27,400.0,15,8,3,0.15,400,CLOSED_LOOP,0.25,0.5,5,3,27,CLOSED_LOOP,4,338,52,4,21,17,17,3,0,0.0,1.411764705882353,40.0,0.0,40.0
1761,27,400.0,15,8,3,0.15,400,CLOSED_LOOP,0.0,0.7,5,3,27,CLOSED_LOOP,16,400,0,0,0,0,0,0,0,0.0,0.0,160.0,0.0,160.0
1762,27,400.0,15,8,3,0.15,400,CLOSED_LOOP,0.0,0.9,5,3,27,CLOSED_LOOP,16,400,0,0,0,0,0,0,0,0.0,0.0,160.0,0.0,160.0
1769,27,400.0,15,8,3,0.15,400,CLOSED_LOOP,0.25,0.7,5,3,27,CLOSED_LOOP,4,243,135,16,43,37,35,4,0,0.05405405405405406,2.742857142857143,40.0,0.0,40.0
1771,27,400.0,15,8,3,0.15,400,CLOSED_LOOP,0.25,1.0,5,3,27,CLOSED_LOOP,7,272,107,12,32,31,29,6,0,0.06451612903225812,2.1379310344827585,70.0,0.0,70.0
1758,27,400.0,15,8,3,0.15,400,COLD_RESTART,0.5,0.9,5,3,27,COLD_RESTART,1,41,332,24,205,85,84,2,0,0.0117647058823529,1.0,10.0,0.0,10.0
1776,27,400.0,15,8,3,0.15,400,GOVERNED,0.0,0.5,5,3,27,GOVERNED,16,400,0,0,0,0,0,0,0,0.0,0.0,160.0,0.0,160.0
1764,27,400.0,15,8,3,0.15,400,CLOSED_LOOP,0.1,0.5,5,3,27,CLOSED_LOOP,7,371,25,4,1,5,5,0,0,0.0,2.8,70.0,0.0,70.0
1775,27,400.0,15,8,3,0.15,400,CLOSED_LOOP,0.5,1.0,5,3,27,CLOSED_LOOP,2,111,261,14,156,76,76,9,0,0.0,1.0263157894736843,20.0,0.0,20.0
1777,27,400.0,15,8,3,0.15,400,GOVERNED,0.0,0.7,5,3,27,GOVERNED,16,400,0,0,0,0,0,0,0,0.0,0.0,160.0,0.0,160.0
1778,27,400.0,15,8,3,0.15,400,GOVERNED,0.0,0.9,5,3,27,GOVERNED,16,400,0,0,0,0,0,0,0,0.0,0.0,160.0,0.0,160.0
1770,27,400.0,15,8,3,0.15,400,CLOSED_LOOP,0.25,0.9,5,3,27,CLOSED_LOOP,6,215,169,13,67,44,44,2,0,0.0,1.3409090909090908,60.0,0.0,60.0
1779,27,400.0,15,8,3,0.15,400,GOVERNED,0.0,1.0,5,3,27,GOVERNED,16,400,0,0,0,0,0,0,0,0.0,0.0,160.0,0.0,160.0
1773,27,400.0,15,8,3,0.15,400,CLOSED_LOOP,0.5,0.7,5,3,27,CLOSED_LOOP,1,204,182,6,122,54,54,6,0,0.0,1.0,10.0,0.0,10.0
1780,27,400.0,15,8,3,0.15,400,GOVERNED,0.1,0.5,5,3,27,GOVERNED,7,371,25,4,1,5,5,0,0,0.0,2.8,70.0,0.0,70.0
1774,27,400.0,15,8,3,0.15,400,CLOSED_LOOP,0.5,0.9,5,3,27,CLOSED_LOOP,1,41,332,24,205,85,84,2,0,0.0117647058823529,1.0,10.0,0.0,10.0
1772,27,400.0,15,8,3,0.15,400,CLOSED_LOOP,0.5,0.5,5,3,27,CLOSED_LOOP,0,182,195,4,93,68,67,13,0,0.014705882352941124,1.0895522388059702,0.0,0.0,0.0
1784,27,400.0,15,8,3,0.15,400,GOVERNED,0.25,0.5,5,3,27,GOVERNED,4,338,52,4,21,17,17,3,0,0.0,1.411764705882353,40.0,0.0,40.0
1785,27,400.0,15,8,3,0.15,400,GOVERNED,0.25,0.7,5,3,27,GOVERNED,4,243,135,16,43,37,35,4,0,0.05405405405405406,2.742857142857143,40.0,0.0,40.0
1792,28,400.0,15,8,3,0.15,400,OPEN_LOOP,0.0,0.5,5,3,28,OPEN_LOOP,0,400,0,0,0,0,0,0,0,0.0,0.0,0.0,0.0,0.0
1793,28,400.0,15,8,3,0.15,400,OPEN_LOOP,0.0,0.7,5,3,28,OPEN_LOOP,0,400,0,0,0,0,0,0,0,0.0,0.0,0.0,0.0,0.0
1783,27,400.0,15,8,3,0.15,400,GOVERNED,0.1,1.0,5,3,27,GOVERNED,9,351,40,8,3,8,8,1,0,0.0,2.25,90.0,0.0,90.0
1782,27,400.0,15,8,3,0.15,400,GOVERNED,0.1,0.9,5,3,27,GOVERNED,9,351,40,8,3,8,8,1,0,0.0,2.25,90.0,0.0,90.0
1787,27,400.0,15,8,3,0.15,400,GOVERNED,0.25,1.0,5,3,27,GOVERNED,7,272,107,12,32,31,29,6,0,0.06451612903225812,2.1379310344827585,70.0,0.0,70.0
1786,27,400.0,15,8,3,0.15,400,GOVERNED,0.25,0.9,5,3,27,GOVERNED,6,215,169,13,67,44,44,2,0,0.0,1.3409090909090908,60.0,0.0,60.0
1795,28,400.0,15,8,3,0.15,400,OPEN_LOOP,0.0,1.0,5,3,28,OPEN_LOOP,0,400,0,0,0,0,0,0,0,0.0,0.0,0.0,0.0,0.0
1781,27,400.0,15,8,3,0.15,400,GOVERNED,0.1,0.7,5,3,27,GOVERNED,10,346,44,8,5,10,10,2,0,0.0,2.4,100.0,0.0,100.0
1797,28,400.0,15,8,3,0.15,400,OPEN_LOOP,0.1,0.7,5,3,28,OPEN_LOOP,0,400,0,0,0,0,0,0,0,0.0,0.0,0.0,0.0,0.0
1798,28,400.0,15,8,3,0.15,400,OPEN_LOOP,0.1,0.9,5,3,28,OPEN_LOOP,0,400,0,0,0,0,0,0,0,0.0,0.0,0.0,0.0,0.0
1791,27,400.0,15,8,3,0.15,400,GOVERNED,0.5,1.0,5,3,27,GOVERNED,2,111,261,14,156,76,76,9,0,0.0,1.0263157894736843,20.0,0.0,20.0
1794,28,400.0,15,8,3,0.15,400,OPEN_LOOP,0.0,0.9,5,3,28,OPEN_LOOP,0,400,0,0,0,0,0,0,0,0.0,0.0,0.0,0.0,0.0
1796,28,400.0,15,8,3,0.15,400,OPEN_LOOP,0.1,0.5,5,3,28,OPEN_LOOP,0,400,0,0,0,0,0,0,0,0.0,0.0,0.0,0.0,0.0
1789,27,400.0,15,8,3,0.15,400,GOVERNED,0.5,0.7,5,3,27,GOVERNED,1,204,182,6,122,54,54,6,0,0.0,1.0,10.0,0.0,10.0
1801,28,400.0,15,8,3,0.15,400,OPEN_LOOP,0.25,0.7,5,3,28,OPEN_LOOP,0,400,0,0,0,0,0,0,0,0.0,0.0,0.0,0.0,0.0
1803,28,400.0,15,8,3,0.15,400,OPEN_LOOP,0.25,1.0,5,3,28,OPEN_LOOP,0,400,0,0,0,0,0,0,0,0.0,0.0,0.0,0.0,0.0
1805,28,400.0,15,8,3,0.15,400,OPEN_LOOP,0.5,0.7,5,3,28,OPEN_LOOP,0,400,0,0,0,0,0,0,0,0.0,0.0,0.0,0.0,0.0
1799,28,400.0,15,8,3,0.15,400,OPEN_LOOP,0.1,1.0,5,3,28,OPEN_LOOP,0,400,0,0,0,0,0,0,0,0.0,0.0,0.0,0.0,0.0
1804,28,400.0,15,8,3,0.15,400,OPEN_LOOP,0.5,0.5,5,3,28,OPEN_LOOP,0,400,0,0,0,0,0,0,0,0.0,0.0,0.0,0.0,0.0
1800,28,400.0,15,8,3,0.15,400,OPEN_LOOP,0.25,0.5,5,3,28,OPEN_LOOP,0,400,0,0,0,0,0,0,0,0.0,0.0,0.0,0.0,0.0
1802,28,400.0,15,8,3,0.15,400,OPEN_LOOP,0.25,0.9,5,3,28,OPEN_LOOP,0,400,0,0,0,0,0,0,0,0.0,0.0,0.0,0.0,0.0
1808,28,400.0,15,8,3,0.15,400,COLD_RESTART,0.0,0.5,5,3,28,COLD_RESTART,0,400,0,0,0,0,0,0,0,0.0,0.0,0.0,0.0,0.0
1788,27,400.0,15,8,3,0.15,400,GOVERNED,0.5,0.5,5,3,27,GOVERNED,0,182,195,4,93,68,67,13,0,0.014705882352941124,1.0895522388059702,0.0,0.0,0.0
1810,28,400.0,15,8,3,0.15,400,COLD_RESTART,0.0,0.9,5,3,28,COLD_RESTART,0,400,0,0,0,0,0,0,0,0.0,0.0,0.0,0.0,0.0
1806,28,400.0,15,8,3,0.15,400,OPEN_LOOP,0.5,0.9,5,3,28,OPEN_LOOP,0,400,0,0,0,0,0,0,0,0.0,0.0,0.0,0.0,0.0
1811,28,400.0,15,8,3,0.15,400,COLD_RESTART,0.0,1.0,5,3,28,COLD_RESTART,0,400,0,0,0,0,0,0,0,0.0,0.0,0.0,0.0,0.0
1816,28,400.0,15,8,3,0.15,400,COLD_RESTART,0.25,0.5,5,3,28,COLD_RESTART,0,400,0,0,0,0,0,0,0,0.0,0.0,0.0,0.0,0.0
1818,28,400.0,15,8,3,0.15,400,COLD_RESTART,0.25,0.9,5,3,28,COLD_RESTART,0,400,0,0,0,0,0,0,0,0.0,0.0,0.0,0.0,0.0
1819,28,400.0,15,8,3,0.15,400,COLD_RESTART,0.25,1.0,5,3,28,COLD_RESTART,0,400,0,0,0,0,0,0,0,0.0,0.0,0.0,0.0,0.0
1814,28,400.0,15,8,3,0.15,400,COLD_RESTART,0.1,0.9,5,3,28,COLD_RESTART,0,400,0,0,0,0,0,0,0,0.0,0.0,0.0,0.0,0.0
1807,28,400.0,15,8,3,0.15,400,OPEN_LOOP,0.5,1.0,5,3,28,OPEN_LOOP,0,400,0,0,0,0,0,0,0,0.0,0.0,0.0,0.0,0.0
1817,28,400.0,15,8,3,0.15,400,COLD_RESTART,0.25,0.7,5,3,28,COLD_RESTART,0,400,0,0,0,0,0,0,0,0.0,0.0,0.0,0.0,0.0
1812,28,400.0,15,8,3,0.15,400,COLD_RESTART,0.1,0.5,5,3,28,COLD_RESTART,0,400,0,0,0,0,0,0,0,0.0,0.0,0.0,0.0,0.0
1813,28,400.0,15,8,3,0.15,400,COLD_RESTART,0.1,0.7,5,3,28,COLD_RESTART,0,400,0,0,0,0,0,0,0,0.0,0.0,0.0,0.0,0.0
1809,28,400.0,15,8,3,0.15,400,COLD_RESTART,0.0,0.7,5,3,28,COLD_RESTART,0,400,0,0,0,0,0,0,0,0.0,0.0,0.0,0.0,0.0
1822,28,400.0,15,8,3,0.15,400,COLD_RESTART,0.5,0.9,5,3,28,COLD_RESTART,0,400,0,0,0,0,0,0,0,0.0,0.0,0.0,0.0,0.0
1823,28,400.0,15,8,3,0.15,400,COLD_RESTART,0.5,1.0,5,3,28,COLD_RESTART,0,400,0,0,0,0,0,0,0,0.0,0.0,0.0,0.0,0.0
1821,28,400.0,15,8,3,0.15,400,COLD_RESTART,0.5,0.7,5,3,28,COLD_RESTART,0,400,0,0,0,0,0,0,0,0.0,0.0,0.0,0.0,0.0
1824,28,400.0,15,8,3,0.15,400,CLOSED_LOOP,0.0,0.5,5,3,28,CLOSED_LOOP,0,400,0,0,0,0,0,0,0,0.0,0.0,0.0,0.0,0.0
1825,28,400.0,15,8,3,0.15,400,CLOSED_LOOP,0.0,0.7,5,3,28,CLOSED_LOOP,0,400,0,0,0,0,0,0,0,0.0,0.0,0.0,0.0,0.0
1790,27,400.0,15,8,3,0.15,400,GOVERNED,0.5,0.9,5,3,27,GOVERNED,1,41,332,24,205,85,84,2,0,0.0117647058823529,1.0,10.0,0.0,10.0
1826,28,400.0,15,8,3,0.15,400,CLOSED_LOOP,0.0,0.9,5,3,28,CLOSED_LOOP,0,400,0,0,0,0,0,0,0,0.0,0.0,0.0,0.0,0.0
1827,28,400.0,15,8,3,0.15,400,CLOSED_LOOP,0.0,1.0,5,3,28,CLOSED_LOOP,0,400,0,0,0,0,0,0,0,0.0,0.0,0.0,0.0,0.0
1815,28,400.0,15,8,3,0.15,400,COLD_RESTART,0.1,1.0,5,3,28,COLD_RESTART,0,400,0,0,0,0,0,0,0,0.0,0.0,0.0,0.0,0.0
1820,28,400.0,15,8,3,0.15,400,COLD_RESTART,0.5,0.5,5,3,28,COLD_RESTART,0,400,0,0,0,0,0,0,0,0.0,0.0,0.0,0.0,0.0
1829,28,400.0,15,8,3,0.15,400,CLOSED_LOOP,0.1,0.7,5,3,28,CLOSED_LOOP,0,400,0,0,0,0,0,0,0,0.0,0.0,0.0,0.0,0.0
1830,28,400.0,15,8,3,0.15,400,CLOSED_LOOP,0.1,0.9,5,3,28,CLOSED_LOOP,0,400,0,0,0,0,0,0,0,0.0,0.0,0.0,0.0,0.0
1828,28,400.0,15,8,3,0.15,400,CLOSED_LOOP,0.1,0.5,5,3,28,CLOSED_LOOP,0,400,0,0,0,0,0,0,0,0.0,0.0,0.0,0.0,0.0
1832,28,400.0,15,8,3,0.15,400,CLOSED_LOOP,0.25,0.5,5,3,28,CLOSED_LOOP,0,400,0,0,0,0,0,0,0,0.0,0.0,0.0,0.0,0.0
1834,28,400.0,15,8,3,0.15,400,CLOSED_LOOP,0.25,0.9,5,3,28,CLOSED_LOOP,0,400,0,0,0,0,0,0,0,0.0,0.0,0.0,0.0,0.0
1831,28,400.0,15,8,3,0.15,400,CLOSED_LOOP,0.1,1.0,5,3,28,CLOSED_LOOP,0,400,0,0,0,0,0,0,0,0.0,0.0,0.0,0.0,0.0
1837,28,400.0,15,8,3,0.15,400,CLOSED_LOOP,0.5,0.7,5,3,28,CLOSED_LOOP,0,400,0,0,0,0,0,0,0,0.0,0.0,0.0,0.0,0.0
1838,28,400.0,15,8,3,0.15,400,CLOSED_LOOP,0.5,0.9,5,3,28,CLOSED_LOOP,0,400,0,0,0,0,0,0,0,0.0,0.0,0.0,0.0,0.0
1840,28,400.0,15,8,3,0.15,400,GOVERNED,0.0,0.5,5,3,28,GOVERNED,0,400,0,0,0,0,0,0,0,0.0,0.0,0.0,0.0,0.0
1835,28,400.0,15,8,3,0.15,400,CLOSED_LOOP,0.25,1.0,5,3,28,CLOSED_LOOP,0,400,0,0,0,0,0,0,0,0.0,0.0,0.0,0.0,0.0
1833,28,400.0,15,8,3,0.15,400,CLOSED_LOOP,0.25,0.7,5,3,28,CLOSED_LOOP,0,400,0,0,0,0,0,0,0,0.0,0.0,0.0,0.0,0.0
1841,28,400.0,15,8,3,0.15,400,GOVERNED,0.0,0.7,5,3,28,GOVERNED,0,400,0,0,0,0,0,0,0,0.0,0.0,0.0,0.0,0.0
1844,28,400.0,15,8,3,0.15,400,GOVERNED,0.1,0.5,5,3,28,GOVERNED,0,400,0,0,0,0,0,0,0,0.0,0.0,0.0,0.0,0.0
1846,28,400.0,15,8,3,0.15,400,GOVERNED,0.1,0.9,5,3,28,GOVERNED,0,400,0,0,0,0,0,0,0,0.0,0.0,0.0,0.0,0.0
1847,28,400.0,15,8,3,0.15,400,GOVERNED,0.1,1.0,5,3,28,GOVERNED,0,400,0,0,0,0,0,0,0,0.0,0.0,0.0,0.0,0.0
1848,28,400.0,15,8,3,0.15,400,GOVERNED,0.25,0.5,5,3,28,GOVERNED,0,400,0,0,0,0,0,0,0,0.0,0.0,0.0,0.0,0.0
1836,28,400.0,15,8,3,0.15,400,CLOSED_LOOP,0.5,0.5,5,3,28,CLOSED_LOOP,0,400,0,0,0,0,0,0,0,0.0,0.0,0.0,0.0,0.0
1843,28,400.0,15,8,3,0.15,400,GOVERNED,0.0,1.0,5,3,28,GOVERNED,0,400,0,0,0,0,0,0,0,0.0,0.0,0.0,0.0,0.0
1842,28,400.0,15,8,3,0.15,400,GOVERNED,0.0,0.9,5,3,28,GOVERNED,0,400,0,0,0,0,0,0,0,0.0,0.0,0.0,0.0,0.0
1839,28,400.0,15,8,3,0.15,400,CLOSED_LOOP,0.5,1.0,5,3,28,CLOSED_LOOP,0,400,0,0,0,0,0,0,0,0.0,0.0,0.0,0.0,0.0
1850,28,400.0,15,8,3,0.15,400,GOVERNED,0.25,0.9,5,3,28,GOVERNED,0,400,0,0,0,0,0,0,0,0.0,0.0,0.0,0.0,0.0
1852,28,400.0,15,8,3,0.15,400,GOVERNED,0.5,0.5,5,3,28,GOVERNED,0,400,0,0,0,0,0,0,0,0.0,0.0,0.0,0.0,0.0
1851,28,400.0,15,8,3,0.15,400,GOVERNED,0.25,1.0,5,3,28,GOVERNED,0,400,0,0,0,0,0,0,0,0.0,0.0,0.0,0.0,0.0
1849,28,400.0,15,8,3,0.15,400,GOVERNED,0.25,0.7,5,3,28,GOVERNED,0,400,0,0,0,0,0,0,0,0.0,0.0,0.0,0.0,0.0
1853,28,400.0,15,8,3,0.15,400,GOVERNED,0.5,0.7,5,3,28,GOVERNED,0,400,0,0,0,0,0,0,0,0.0,0.0,0.0,0.0,0.0
1854,28,400.0,15,8,3,0.15,400,GOVERNED,0.5,0.9,5,3,28,GOVERNED,0,400,0,0,0,0,0,0,0,0.0,0.0,0.0,0.0,0.0
1845,28,400.0,15,8,3,0.15,400,GOVERNED,0.1,0.7,5,3,28,GOVERNED,0,400,0,0,0,0,0,0,0,0.0,0.0,0.0,0.0,0.0
1855,28,400.0,15,8,3,0.15,400,GOVERNED,0.5,1.0,5,3,28,GOVERNED,0,400,0,0,0,0,0,0,0,0.0,0.0,0.0,0.0,0.0
1857,29,400.0,15,8,3,0.15,400,OPEN_LOOP,0.0,0.7,5,3,29,OPEN_LOOP,9,400,0,0,0,0,0,0,0,0.0,0.0,90.0,0.0,90.0
1858,29,400.0,15,8,3,0.15,400,OPEN_LOOP,0.0,0.9,5,3,29,OPEN_LOOP,9,400,0,0,0,0,0,0,0,0.0,0.0,90.0,0.0,90.0
1861,29,400.0,15,8,3,0.15,400,OPEN_LOOP,0.1,0.7,5,3,29,OPEN_LOOP,16,387,0,0,0,18,18,13,0,0.0,3.6666666666666665,160.0,0.0,160.0
1865,29,400.0,15,8,3,0.15,400,OPEN_LOOP,0.25,0.7,5,3,29,OPEN_LOOP,11,388,0,0,0,15,12,12,0,0.19999999999999996,2.9166666666666665,110.0,0.0,110.0
1864,29,400.0,15,8,3,0.15,400,OPEN_LOOP,0.25,0.5,5,3,29,OPEN_LOOP,11,388,0,0,0,15,12,12,0,0.19999999999999996,2.9166666666666665,110.0,0.0,110.0
1860,29,400.0,15,8,3,0.15,400,OPEN_LOOP,0.1,0.5,5,3,29,OPEN_LOOP,16,387,0,0,0,18,18,13,0,0.0,3.6666666666666665,160.0,0.0,160.0
1863,29,400.0,15,8,3,0.15,400,OPEN_LOOP,0.1,1.0,5,3,29,OPEN_LOOP,16,387,0,0,0,18,18,13,0,0.0,3.6666666666666665,160.0,0.0,160.0
1867,29,400.0,15,8,3,0.15,400,OPEN_LOOP,0.25,1.0,5,3,29,OPEN_LOOP,11,388,0,0,0,15,12,12,0,0.19999999999999996,2.9166666666666665,110.0,0.0,110.0
1856,29,400.0,15,8,3,0.15,400,OPEN_LOOP,0.0,0.5,5,3,29,OPEN_LOOP,9,400,0,0,0,0,0,0,0,0.0,0.0,90.0,0.0,90.0
1868,29,400.0,15,8,3,0.15,400,OPEN_LOOP,0.5,0.5,5,3,29,OPEN_LOOP,11,378,0,0,0,29,29,22,0,0.0,2.0,110.0,0.0,110.0
1866,29,400.0,15,8,3,0.15,400,OPEN_LOOP,0.25,0.9,5,3,29,OPEN_LOOP,11,388,0,0,0,15,12,12,0,0.19999999999999996,2.9166666666666665,110.0,0.0,110.0
1872,29,400.0,15,8,3,0.15,400,COLD_RESTART,0.0,0.5,5,3,29,COLD_RESTART,9,400,0,0,0,0,0,0,0,0.0,0.0,90.0,0.0,90.0
1862,29,400.0,15,8,3,0.15,400,OPEN_LOOP,0.1,0.9,5,3,29,OPEN_LOOP,16,387,0,0,0,18,18,13,0,0.0,3.6666666666666665,160.0,0.0,160.0
1869,29,400.0,15,8,3,0.15,400,OPEN_LOOP,0.5,0.7,5,3,29,OPEN_LOOP,11,378,0,0,0,29,29,22,0,0.0,2.0,110.0,0.0,110.0
1871,29,400.0,15,8,3,0.15,400,OPEN_LOOP,0.5,1.0,5,3,29,OPEN_LOOP,11,378,0,0,0,29,29,22,0,0.0,2.0,110.0,0.0,110.0
1876,29,400.0,15,8,3,0.15,400,COLD_RESTART,0.1,0.5,5,3,29,COLD_RESTART,3,364,29,4,8,9,9,2,0,0.0,2.111111111111111,30.0,0.0,30.0
1875,29,400.0,15,8,3,0.15,400,COLD_RESTART,0.0,1.0,5,3,29,COLD_RESTART,9,400,0,0,0,0,0,0,0,0.0,0.0,90.0,0.0,90.0
1877,29,400.0,15,8,3,0.15,400,COLD_RESTART,0.1,0.7,5,3,29,COLD_RESTART,4,364,29,4,8,9,9,2,0,0.0,2.111111111111111,40.0,0.0,40.0
1879,29,400.0,15,8,3,0.15,400,COLD_RESTART,0.1,1.0,5,3,29,COLD_RESTART,5,361,35,4,12,8,8,0,0,0.0,1.0,50.0,0.0,50.0
1859,29,400.0,15,8,3,0.15,400,OPEN_LOOP,0.0,1.0,5,3,29,OPEN_LOOP,9,400,0,0,0,0,0,0,0,0.0,0.0,90.0,0.0,90.0
1878,29,400.0,15,8,3,0.15,400,COLD_RESTART,0.1,0.9,5,3,29,COLD_RESTART,5,361,35,4,12,8,8,0,0,0.0,1.0,50.0,0.0,50.0
1873,29,400.0,15,8,3,0.15,400,COLD_RESTART,0.0,0.7,5,3,29,COLD_RESTART,9,400,0,0,0,0,0,0,0,0.0,0.0,90.0,0.0,90.0
1870,29,400.0,15,8,3,0.15,400,OPEN_LOOP,0.5,0.9,5,3,29,OPEN_LOOP,11,378,0,0,0,29,29,22,0,0.0,2.0,110.0,0.0,110.0
1874,29,400.0,15,8,3,0.15,400,COLD_RESTART,0.0,0.9,5,3,29,COLD_RESTART,9,400,0,0,0,0,0,0,0,0.0,0.0,90.0,0.0,90.0
1882,29,400.0,15,8,3,0.15,400,COLD_RESTART,0.25,0.9,5,3,29,COLD_RESTART,6,221,164,13,78,40,40,2,1,0.0,1.15,60.0,0.0,60.0
1881,29,400.0,15,8,3,0.15,400,COLD_RESTART,0.25,0.7,5,3,29,COLD_RESTART,3,182,191,23,37,48,46,3,7,0.04166666666666663,1.8695652173913044,30.0,0.0,30.0
1884,29,400.0,15,8,3,0.15,400,COLD_RESTART,0.5,0.5,5,3,29,COLD_RESTART,1,189,186,6,108,61,61,10,0,0.0,1.0819672131147542,10.0,0.0,10.0
1889,29,400.0,15,8,3,0.15,400,CLOSED_LOOP,0.0,0.7,5,3,29,CLOSED_LOOP,9,400,0,0,0,0,0,0,0,0.0,0.0,90.0,0.0,90.0
1888,29,400.0,15,8,3,0.15,400,CLOSED_LOOP,0.0,0.5,5,3,29,CLOSED_LOOP,9,400,0,0,0,0,0,0,0,0.0,0.0,90.0,0.0,90.0
1890,29,400.0,15,8,3,0.15,400,CLOSED_LOOP,0.0,0.9,5,3,29,CLOSED_LOOP,9,400,0,0,0,0,0,0,0,0.0,0.0,90.0,0.0,90.0
1885,29,400.0,15,8,3,0.15,400,COLD_RESTART,0.5,0.7,5,3,29,COLD_RESTART,2,312,73,1,33,29,29,9,0,0.0,1.5862068965517242,20.0,0.0,20.0
1887,29,400.0,15,8,3,0.15,400,COLD_RESTART,0.5,1.0,5,3,29,COLD_RESTART,1,213,155,8,81,55,54,14,0,0.018181818181818188,1.1296296296296295,10.0,0.0,10.0
1891,29,400.0,15,8,3,0.15,400,CLOSED_LOOP,0.0,1.0,5,3,29,CLOSED_LOOP,9,400,0,0,0,0,0,0,0,0.0,0.0,90.0,0.0,90.0
1883,29,400.0,15,8,3,0.15,400,COLD_RESTART,0.25,1.0,5,3,29,COLD_RESTART,6,148,228,20,62,56,56,3,8,0.0,1.1071428571428572,60.0,0.0,60.0
1886,29,400.0,15,8,3,0.15,400,COLD_RESTART,0.5,0.9,5,3,29,COLD_RESTART,1,309,73,1,33,32,32,10,0,0.0,1.28125,10.0,0.0,10.0
1880,29,400.0,15,8,3,0.15,400,COLD_RESTART,0.25,0.5,5,3,29,COLD_RESTART,3,143,226,25,66,56,56,4,5,0.0,1.2857142857142858,30.0,0.0,30.0
1893,29,400.0,15,8,3,0.15,400,CLOSED_LOOP,0.1,0.7,5,3,29,CLOSED_LOOP,4,364,29,4,8,9,9,2,0,0.0,2.111111111111111,40.0,0.0,40.0
1895,29,400.0,15,8,3,0.15,400,CLOSED_LOOP,0.1,1.0,5,3,29,CLOSED_LOOP,5,361,35,4,12,8,8,0,0,0.0,1.0,50.0,0.0,50.0
1892,29,400.0,15,8,3,0.15,400,CLOSED_LOOP,0.1,0.5,5,3,29,CLOSED_LOOP,3,364,29,4,8,9,9,2,0,0.0,2.111111111111111,30.0,0.0,30.0
1898,29,400.0,15,8,3,0.15,400,CLOSED_LOOP,0.25,0.9,5,3,29,CLOSED_LOOP,5,277,113,6,33,30,30,2,0,0.0,1.2,50.0,0.0,50.0
1896,29,400.0,15,8,3,0.15,400,CLOSED_LOOP,0.25,0.5,5,3,29,CLOSED_LOOP,6,165,208,19,70,58,58,5,0,0.0,1.4482758620689655,60.0,0.0,60.0
1897,29,400.0,15,8,3,0.15,400,CLOSED_LOOP,0.25,0.7,5,3,29,CLOSED_LOOP,4,203,176,21,52,45,43,0,0,0.0444444444444444,2.4186046511627906,40.0,0.0,40.0
1904,29,400.0,15,8,3,0.15,400,GOVERNED,0.0,0.5,5,3,29,GOVERNED,9,400,0,0,0,0,0,0,0,0.0,0.0,90.0,0.0,90.0
1901,29,400.0,15,8,3,0.15,400,CLOSED_LOOP,0.5,0.7,5,3,29,CLOSED_LOOP,2,312,73,1,33,29,29,9,0,0.0,1.5862068965517242,20.0,0.0,20.0
1905,29,400.0,15,8,3,0.15,400,GOVERNED,0.0,0.7,5,3,29,GOVERNED,9,400,0,0,0,0,0,0,0,0.0,0.0,90.0,0.0,90.0
1899,29,400.0,15,8,3,0.15,400,CLOSED_LOOP,0.25,1.0,5,3,29,CLOSED_LOOP,11,229,156,12,43,40,40,2,0,0.0,1.2,110.0,0.0,110.0
1906,29,400.0,15,8,3,0.15,400,GOVERNED,0.0,0.9,5,3,29,GOVERNED,9,400,0,0,0,0,0,0,0,0.0,0.0,90.0,0.0,90.0
1894,29,400.0,15,8,3,0.15,400,CLOSED_LOOP,0.1,0.9,5,3,29,CLOSED_LOOP,5,361,35,4,12,8,8,0,0,0.0,1.0,50.0,0.0,50.0
1902,29,400.0,15,8,3,0.15,400,CLOSED_LOOP,0.5,0.9,5,3,29,CLOSED_LOOP,1,309,73,1,33,32,32,10,0,0.0,1.28125,10.0,0.0,10.0
1908,29,400.0,15,8,3,0.15,400,GOVERNED,0.1,0.5,5,3,29,GOVERNED,3,364,29,4,8,9,9,2,0,0.0,2.111111111111111,30.0,0.0,30.0
1909,29,400.0,15,8,3,0.15,400,GOVERNED,0.1,0.7,5,3,29,GOVERNED,4,364,29,4,8,9,9,2,0,0.0,2.111111111111111,40.0,0.0,40.0
1903,29,400.0,15,8,3,0.15,400,CLOSED_LOOP,0.5,1.0,5,3,29,CLOSED_LOOP,1,213,155,8,81,55,54,14,0,0.018181818181818188,1.1296296296296295,10.0,0.0,10.0
1911,29,400.0,15,8,3,0.15,400,GOVERNED,0.1,1.0,5,3,29,GOVERNED,5,361,35,4,12,8,8,0,0,0.0,1.0,50.0,0.0,50.0
1910,29,400.0,15,8,3,0.15,400,GOVERNED,0.1,0.9,5,3,29,GOVERNED,5,361,35,4,12,8,8,0,0,0.0,1.0,50.0,0.0,50.0
1907,29,400.0,15,8,3,0.15,400,GOVERNED,0.0,1.0,5,3,29,GOVERNED,9,400,0,0,0,0,0,0,0,0.0,0.0,90.0,0.0,90.0
1900,29,400.0,15,8,3,0.15,400,CLOSED_LOOP,0.5,0.5,5,3,29,CLOSED_LOOP,1,189,186,6,108,61,61,10,0,0.0,1.0819672131147542,10.0,0.0,10.0
1912,29,400.0,15,8,3,0.15,400,GOVERNED,0.25,0.5,5,3,29,GOVERNED,6,165,208,19,70,58,58,5,0,0.0,1.4482758620689655,60.0,0.0,60.0
1914,29,400.0,15,8,3,0.15,400,GOVERNED,0.25,0.9,5,3,29,GOVERNED,5,277,113,6,33,30,30,2,0,0.0,1.2,50.0,0.0,50.0
1917,29,400.0,15,8,3,0.15,400,GOVERNED,0.5,0.7,5,3,29,GOVERNED,2,312,73,1,33,29,29,9,0,0.0,1.5862068965517242,20.0,0.0,20.0
1918,29,400.0,15,8,3,0.15,400,GOVERNED,0.5,0.9,5,3,29,GOVERNED,1,309,73,1,33,32,32,10,0,0.0,1.28125,10.0,0.0,10.0
1915,29,400.0,15,8,3,0.15,400,GOVERNED,0.25,1.0,5,3,29,GOVERNED,11,229,156,12,43,40,40,2,0,0.0,1.2,110.0,0.0,110.0
1913,29,400.0,15,8,3,0.15,400,GOVERNED,0.25,0.7,5,3,29,GOVERNED,4,203,176,21,52,45,43,0,0,0.0444444444444444,2.4186046511627906,40.0,0.0,40.0
1916,29,400.0,15,8,3,0.15,400,GOVERNED,0.5,0.5,5,3,29,GOVERNED,1,189,186,6,108,61,61,10,0,0.0,1.0819672131147542,10.0,0.0,10.0
1919,29,400.0,15,8,3,0.15,400,GOVERNED,0.5,1.0,5,3,29,GOVERNED,1,213,155,8,81,55,54,14,0,0.018181818181818188,1.1296296296296295,10.0,0.0,10.0
