RunId,iteration,Step,size,n_resources,capacidad,densidad_obstaculos,max_steps,policy,lambda_dinamismo,radio,competencia,costo_edicion,rng,politica,entregas,pasos_utiles,pasos_deliberando,n_ediciones,n_ediciones_desperdiciadas,divergencias_reales,divergencias_detectadas,tareas_fallidas,carga_perdida,ceguera,latencia_deteccion,utilidad_bruta,costo_deliberacion,utilidad_neta
0,0,400.0,15,8,3,0.15,400,OPEN_LOOP,0.0,1.0,0.9,5,0,OPEN_LOOP,2,400,0,0,0,0,0,0,0,0.0,0.0,20.0,0.0,20.0
1,0,400.0,15,8,3,0.15,400,OPEN_LOOP,0.0,3.0,0.9,5,0,OPEN_LOOP,12,400,0,0,0,0,0,0,0,0.0,0.0,120.0,0.0,120.0
3,0,400.0,15,8,3,0.15,400,OPEN_LOOP,0.1,1.0,0.9,5,0,OPEN_LOOP,5,397,0,0,0,3,3,3,0,0.0,1.0,50.0,0.0,50.0
2,0,400.0,15,8,3,0.15,400,OPEN_LOOP,0.0,,0.9,5,0,OPEN_LOOP,24,400,0,0,0,0,0,0,0,0.0,0.0,240.0,0.0,240.0
4,0,400.0,15,8,3,0.15,400,OPEN_LOOP,0.1,3.0,0.9,5,0,OPEN_LOOP,6,398,0,0,0,3,3,2,0,0.0,1.0,60.0,0.0,60.0
5,0,400.0,15,8,3,0.15,400,OPEN_LOOP,0.1,,0.9,5,0,OPEN_LOOP,21,384,0,0,0,20,20,16,0,0.0,1.0,210.0,0.0,210.0
6,0,400.0,15,8,3,0.15,400,OPEN_LOOP,0.25,1.0,0.9,5,0,OPEN_LOOP,5,399,0,0,0,3,1,1,0,0.6666666666666667,1.0,50.0,0.0,50.0
7,0,400.0,15,8,3,0.15,400,OPEN_LOOP,0.25,3.0,0.9,5,0,OPEN_LOOP,8,396,0,0,0,5,5,4,0,0.0,1.8,80.0,0.0,80.0
10,0,400.0,15,8,3,0.15,400,OPEN_LOOP,0.5,3.0,0.9,5,0,OPEN_LOOP,8,394,0,0,0,8,8,6,0,0.0,1.25,80.0,0.0,80.0
9,0,400.0,15,8,3,0.15,400,OPEN_LOOP,0.5,1.0,0.9,5,0,OPEN_LOOP,10,394,0,0,0,6,6,6,0,0.0,1.0,100.0,0.0,100.0
13,0,400.0,15,8,3,0.15,400,COLD_RESTART,0.0,3.0,0.9,5,0,COLD_RESTART,12,400,0,0,0,0,0,0,0,0.0,0.0,120.0,0.0,120.0
12,0,400.0,15,8,3,0.15,400,COLD_RESTART,0.0,1.0,0.9,5,0,COLD_RESTART,2,400,0,0,0,0,0,0,0,0.0,0.0,20.0,0.0,20.0
11,0,400.0,15,8,3,0.15,400,OPEN_LOOP,0.5,,0.9,5,0,OPEN_LOOP,21,366,0,0,0,65,65,34,0,0.0,1.0,210.0,0.0,210.0
15,0,400.0,15,8,3,0.15,400,COLD_RESTART,0.1,1.0,0.9,5,0,COLD_RESTART,4,394,5,1,0,1,1,0,0,0.0,1.0,40.0,0.0,40.0
16,0,400.0,15,8,3,0.15,400,COLD_RESTART,0.1,3.0,0.9,5,0,COLD_RESTART,10,338,50,10,2,10,10,2,0,0.0,2.7,100.0,0.0,100.0
14,0,400.0,15,8,3,0.15,400,COLD_RESTART,0.0,,0.9,5,0,COLD_RESTART,24,400,0,0,0,0,0,0,0,0.0,0.0,240.0,0.0,240.0
8,0,400.0,15,8,3,0.15,400,OPEN_LOOP,0.25,,0.9,5,0,OPEN_LOOP,21,376,0,0,0,49,49,24,0,0.0,1.0,210.0,0.0,210.0
18,0,400.0,15,8,3,0.15,400,COLD_RESTART,0.25,1.0,0.9,5,0,COLD_RESTART,6,394,5,1,0,3,1,0,0,0.6666666666666667,1.0,60.0,0.0,60.0
19,0,400.0,15,8,3,0.15,400,COLD_RESTART,0.25,3.0,0.9,5,0,COLD_RESTART,6,341,47,5,11,16,16,4,0,0.0,1.0,60.0,0.0,60.0
24,0,400.0,15,8,3,0.15,400,CLOSED_LOOP,0.0,1.0,0.9,5,0,CLOSED_LOOP,2,400,0,0,0,0,0,0,0,0.0,0.0,20.0,0.0,20.0
25,0,400.0,15,8,3,0.15,400,CLOSED_LOOP,0.0,3.0,0.9,5,0,CLOSED_LOOP,12,400,0,0,0,0,0,0,0,0.0,0.0,120.0,0.0,120.0
22,0,400.0,15,8,3,0.15,400,COLD_RESTART,0.5,3.0,0.9,5,0,COLD_RESTART,3,266,109,6,51,40,39,11,0,0.025000000000000022,1.1282051282051282,30.0,0.0,30.0
21,0,400.0,15,8,3,0.15,400,COLD_RESTART,0.5,1.0,0.9,5,0,COLD_RESTART,3,346,39,4,13,17,17,7,0,0.0,1.7647058823529411,30.0,0.0,30.0
30,0,400.0,15,8,3,0.15,400,CLOSED_LOOP,0.25,1.0,0.9,5,0,CLOSED_LOOP,6,394,5,1,0,3,1,0,0,0.6666666666666667,1.0,60.0,0.0,60.0
27,0,400.0,15,8,3,0.15,400,CLOSED_LOOP,0.1,1.0,0.9,5,0,CLOSED_LOOP,4,394,5,1,0,1,1,0,0,0.0,1.0,40.0,0.0,40.0
28,0,400.0,15,8,3,0.15,400,CLOSED_LOOP,0.1,3.0,0.9,5,0,CLOSED_LOOP,10,338,50,10,2,10,10,2,0,0.0,2.7,100.0,0.0,100.0
17,0,400.0,15,8,3,0.15,400,COLD_RESTART,0.1,,0.9,5,0,COLD_RESTART,9,238,140,19,21,32,32,3,15,0.0,1.0,90.0,0.0,90.0
29,0,400.0,15,8,3,0.15,400,CLOSED_LOOP,0.1,,0.9,5,0,CLOSED_LOOP,18,254,124,19,15,28,28,2,0,0.0,1.0,180.0,0.0,180.0
33,0,400.0,15,8,3,0.15,400,CLOSED_LOOP,0.5,1.0,0.9,5,0,CLOSED_LOOP,3,346,39,4,13,17,17,7,0,0.0,1.7647058823529411,30.0,0.0,30.0
31,0,400.0,15,8,3,0.15,400,CLOSED_LOOP,0.25,3.0,0.9,5,0,CLOSED_LOOP,6,341,47,5,11,16,16,4,0,0.0,1.0,60.0,0.0,60.0
34,0,400.0,15,8,3,0.15,400,CLOSED_LOOP,0.5,3.0,0.9,5,0,CLOSED_LOOP,3,266,109,6,51,40,39,11,0,0.025000000000000022,1.1282051282051282,30.0,0.0,30.0
36,0,400.0,15,8,3,0.15,400,GOVERNED,0.0,1.0,0.9,5,0,GOVERNED,2,400,0,0,0,0,0,0,0,0.0,0.0,20.0,0.0,20.0
39,0,400.0,15,8,3,0.15,400,GOVERNED,0.1,1.0,0.9,5,0,GOVERNED,4,394,5,1,0,1,1,0,0,0.0,1.0,40.0,0.0,40.0
26,0,400.0,15,8,3,0.15,400,CLOSED_LOOP,0.0,,0.9,5,0,CLOSED_LOOP,24,400,0,0,0,0,0,0,0,0.0,0.0,240.0,0.0,240.0
32,0,400.0,15,8,3,0.15,400,CLOSED_LOOP,0.25,,0.9,5,0,CLOSED_LOOP,9,126,248,22,94,62,62,3,0,0.0,1.0,90.0,0.0,90.0
38,0,400.0,15,8,3,0.15,400,GOVERNED,0.0,,0.9,5,0,GOVERNED,24,400,0,0,0,0,0,0,0,0.0,0.0,240.0,0.0,240.0
40,0,400.0,15,8,3,0.15,400,GOVERNED,0.1,3.0,0.9,5,0,GOVERNED,10,338,50,10,2,10,10,2,0,0.0,2.7,100.0,0.0,100.0
37,0,400.0,15,8,3,0.15,400,GOVERNED,0.0,3.0,0.9,5,0,GOVERNED,12,400,0,0,0,0,0,0,0,0.0,0.0,120.0,0.0,120.0
42,0,400.0,15,8,3,0.15,400,GOVERNED,0.25,1.0,0.9,5,0,GOVERNED,6,394,5,1,0,3,1,0,0,0.6666666666666667,1.0,60.0,0.0,60.0
20,0,400.0,15,8,3,0.15,400,COLD_RESTART,0.25,,0.9,5,0,COLD_RESTART,2,103,274,18,115,67,67,5,10,0.0,1.0,20.0,0.0,20.0
48,1,400.0,15,8,3,0.15,400,OPEN_LOOP,0.0,1.0,0.9,5,1,OPEN_LOOP,4,400,0,0,0,0,0,0,0,0.0,0.0,40.0,0.0,40.0
43,0,400.0,15,8,3,0.15,400,GOVERNED,0.25,3.0,0.9,5,0,GOVERNED,6,341,47,5,11,16,16,4,0,0.0,1.0,60.0,0.0,60.0
45,0,400.0,15,8,3,0.15,400,GOVERNED,0.5,1.0,0.9,5,0,GOVERNED,3,346,39,4,13,17,17,7,0,0.0,1.7647058823529411,30.0,0.0,30.0
49,1,400.0,15,8,3,0.15,400,OPEN_LOOP,0.0,3.0,0.9,5,1,OPEN_LOOP,7,400,0,0,0,0,0,0,0,0.0,0.0,70.0,0.0,70.0
51,1,400.0,15,8,3,0.15,400,OPEN_LOOP,0.1,1.0,0.9,5,1,OPEN_LOOP,3,398,0,0,0,2,2,2,0,0.0,1.0,30.0,0.0,30.0
50,1,400.0,15,8,3,0.15,400,OPEN_LOOP,0.0,,0.9,5,1,OPEN_LOOP,30,400,0,0,0,0,0,0,0,0.0,0.0,300.0,0.0,300.0
46,0,400.0,15,8,3,0.15,400,GOVERNED,0.5,3.0,0.9,5,0,GOVERNED,3,266,109,6,51,40,39,11,0,0.025000000000000022,1.1282051282051282,30.0,0.0,30.0
23,0,400.0,15,8,3,0.15,400,COLD_RESTART,0.5,,0.9,5,0,COLD_RESTART,0,11,378,9,311,99,99,1,2,0.0,1.0,0.0,0.0,0.0
52,1,400.0,15,8,3,0.15,400,OPEN_LOOP,0.1,3.0,0.9,5,1,OPEN_LOOP,18,387,0,0,0,15,14,13,0,0.06666666666666665,3.0,180.0,0.0,180.0
54,1,400.0,15,8,3,0.15,400,OPEN_LOOP,0.25,1.0,0.9,5,1,OPEN_LOOP,7,395,0,0,0,5,5,5,0,0.0,3.4,70.0,0.0,70.0
55,1,400.0,15,8,3,0.15,400,OPEN_LOOP,0.25,3.0,0.9,5,1,OPEN_LOOP,18,378,0,0,0,22,22,22,0,0.0,1.6818181818181819,180.0,0.0,180.0
57,1,400.0,15,8,3,0.15,400,OPEN_LOOP,0.5,1.0,0.9,5,1,OPEN_LOOP,7,389,0,0,0,13,13,11,0,0.0,1.3846153846153846,70.0,0.0,70.0
44,0,400.0,15,8,3,0.15,400,GOVERNED,0.25,,0.9,5,0,GOVERNED,9,126,248,22,94,62,62,3,0,0.0,1.0,90.0,0.0,90.0
53,1,400.0,15,8,3,0.15,400,OPEN_LOOP,0.1,,0.9,5,1,OPEN_LOOP,27,384,0,0,0,24,24,16,0,0.0,1.0,270.0,0.0,270.0
60,1,400.0,15,8,3,0.15,400,COLD_RESTART,0.0,1.0,0.9,5,1,COLD_RESTART,4,400,0,0,0,0,0,0,0,0.0,0.0,40.0,0.0,40.0
61,1,400.0,15,8,3,0.15,400,COLD_RESTART,0.0,3.0,0.9,5,1,COLD_RESTART,7,400,0,0,0,0,0,0,0,0.0,0.0,70.0,0.0,70.0
41,0,400.0,15,8,3,0.15,400,GOVERNED,0.1,,0.9,5,0,GOVERNED,18,254,124,19,15,28,28,2,0,0.0,1.0,180.0,0.0,180.0
63,1,400.0,15,8,3,0.15,400,COLD_RESTART,0.1,1.0,0.9,5,1,COLD_RESTART,7,381,16,3,1,4,4,0,0,0.0,6.5,70.0,0.0,70.0
64,1,400.0,15,8,3,0.15,400,COLD_RESTART,0.1,3.0,0.9,5,1,COLD_RESTART,8,357,34,6,4,10,10,2,2,0.0,2.9,80.0,0.0,80.0
66,1,400.0,15,8,3,0.15,400,COLD_RESTART,0.25,1.0,0.9,5,1,COLD_RESTART,3,287,91,17,16,27,22,3,0,0.18518518518518523,2.9545454545454546,30.0,0.0,30.0
56,1,400.0,15,8,3,0.15,400,OPEN_LOOP,0.25,,0.9,5,1,OPEN_LOOP,27,369,0,0,0,53,53,31,0,0.0,1.0,270.0,0.0,270.0
59,1,400.0,15,8,3,0.15,400,OPEN_LOOP,0.5,,0.9,5,1,OPEN_LOOP,21,349,0,0,0,77,76,51,0,0.012987012987012991,1.0,210.0,0.0,210.0
35,0,400.0,15,8,3,0.15,400,CLOSED_LOOP,0.5,,0.9,5,0,CLOSED_LOOP,0,11,383,5,245,101,101,0,0,0.0,1.0,0.0,0.0,0.0
47,0,400.0,15,8,3,0.15,400,GOVERNED,0.5,,0.9,5,0,GOVERNED,0,11,383,5,245,101,101,0,0,0.0,1.0,0.0,0.0,0.0
58,1,400.0,15,8,3,0.15,400,OPEN_LOOP,0.5,3.0,0.9,5,1,OPEN_LOOP,10,365,0,0,0,47,46,35,0,0.021276595744680882,1.6304347826086956,100.0,0.0,100.0
73,1,400.0,15,8,3,0.15,400,CLOSED_LOOP,0.0,3.0,0.9,5,1,CLOSED_LOOP,7,400,0,0,0,0,0,0,0,0.0,0.0,70.0,0.0,70.0
69,1,400.0,15,8,3,0.15,400,COLD_RESTART,0.5,1.0,0.9,5,1,COLD_RESTART,4,378,18,1,7,8,8,2,0,0.0,1.75,40.0,0.0,40.0
62,1,400.0,15,8,3,0.15,400,COLD_RESTART,0.0,,0.9,5,1,COLD_RESTART,30,400,0,0,0,0,0,0,0,0.0,0.0,300.0,0.0,300.0
75,1,400.0,15,8,3,0.15,400,CLOSED_LOOP,0.1,1.0,0.9,5,1,CLOSED_LOOP,7,381,16,3,1,4,4,0,0,0.0,6.5,70.0,0.0,70.0
70,1,400.0,15,8,3,0.15,400,COLD_RESTART,0.5,3.0,0.9,5,1,COLD_RESTART,2,208,163,4,91,59,59,13,0,0.0,1.0677966101694916,20.0,0.0,20.0
65,1,400.0,15,8,3,0.15,400,COLD_RESTART,0.1,,0.9,5,1,COLD_RESTART,10,242,131,20,14,30,30,6,14,0.0,1.0,100.0,0.0,100.0
67,1,400.0,15,8,3,0.15,400,COLD_RESTART,0.25,3.0,0.9,5,1,COLD_RESTART,2,112,260,23,110,64,64,4,2,0.0,1.4375,20.0,0.0,20.0
74,1,400.0,15,8,3,0.15,400,CLOSED_LOOP,0.0,,0.9,5,1,CLOSED_LOOP,30,400,0,0,0,0,0,0,0,0.0,0.0,300.0,0.0,300.0
72,1,400.0,15,8,3,0.15,400,CLOSED_LOOP,0.0,1.0,0.9,5,1,CLOSED_LOOP,4,400,0,0,0,0,0,0,0,0.0,0.0,40.0,0.0,40.0
78,1,400.0,15,8,3,0.15,400,CLOSED_LOOP,0.25,1.0,0.9,5,1,CLOSED_LOOP,3,287,91,17,16,27,22,3,0,0.18518518518518523,2.9545454545454546,30.0,0.0,30.0
77,1,400.0,15,8,3,0.15,400,CLOSED_LOOP,0.1,,0.9,5,1,CLOSED_LOOP,21,296,87,12,8,20,20,4,0,0.0,1.0,210.0,0.0,210.0
68,1,400.0,15,8,3,0.15,400,COLD_RESTART,0.25,,0.9,5,1,COLD_RESTART,0,48,332,18,130,87,87,2,6,0.0,1.0,0.0,0.0,0.0
76,1,400.0,15,8,3,0.15,400,CLOSED_LOOP,0.1,3.0,0.9,5,1,CLOSED_LOOP,8,362,31,6,1,6,6,1,0,0.0,3.0,80.0,0.0,80.0
85,1,400.0,15,8,3,0.15,400,GOVERNED,0.0,3.0,0.9,5,1,GOVERNED,7,400,0,0,0,0,0,0,0,0.0,0.0,70.0,0.0,70.0
79,1,400.0,15,8,3,0.15,400,CLOSED_LOOP,0.25,3.0,0.9,5,1,CLOSED_LOOP,8,226,152,18,49,39,39,3,0,0.0,1.4102564102564104,80.0,0.0,80.0
81,1,400.0,15,8,3,0.15,400,CLOSED_LOOP,0.5,1.0,0.9,5,1,CLOSED_LOOP,4,378,18,1,7,8,8,2,0,0.0,1.75,40.0,0.0,40.0
84,1,400.0,15,8,3,0.15,400,GOVERNED,0.0,1.0,0.9,5,1,GOVERNED,4,400,0,0,0,0,0,0,0,0.0,0.0,40.0,0.0,40.0
87,1,400.0,15,8,3,0.15,400,GOVERNED,0.1,1.0,0.9,5,1,GOVERNED,7,381,16,3,1,4,4,0,0,0.0,6.5,70.0,0.0,70.0
88,1,400.0,15,8,3,0.15,400,GOVERNED,0.1,3.0,0.9,5,1,GOVERNED,8,362,31,6,1,6,6,1,0,0.0,3.0,80.0,0.0,80.0
80,1,400.0,15,8,3,0.15,400,CLOSED_LOOP,0.25,,0.9,5,1,CLOSED_LOOP,6,119,256,22,79,65,65,2,0,0.0,1.0,60.0,0.0,60.0
86,1,400.0,15,8,3,0.15,400,GOVERNED,0.0,,0.9,5,1,GOVERNED,30,400,0,0,0,0,0,0,0,0.0,0.0,300.0,0.0,300.0
91,1,400.0,15,8,3,0.15,400,GOVERNED,0.25,3.0,0.9,5,1,GOVERNED,8,226,152,18,49,39,39,3,0,0.0,1.4102564102564104,80.0,0.0,80.0
82,1,400.0,15,8,3,0.15,400,CLOSED_LOOP,0.5,3.0,0.9,5,1,CLOSED_LOOP,2,208,163,4,91,59,59,13,0,0.0,1.0677966101694916,20.0,0.0,20.0
93,1,400.0,15,8,3,0.15,400,GOVERNED,0.5,1.0,0.9,5,1,GOVERNED,4,378,18,1,7,8,8,2,0,0.0,1.75,40.0,0.0,40.0
96,2,400.0,15,8,3,0.15,400,OPEN_LOOP,0.0,1.0,0.9,5,2,OPEN_LOOP,3,400,0,0,0,0,0,0,0,0.0,0.0,30.0,0.0,30.0
94,1,400.0,15,8,3,0.15,400,GOVERNED,0.5,3.0,0.9,5,1,GOVERNED,2,208,163,4,91,59,59,13,0,0.0,1.0677966101694916,20.0,0.0,20.0
89,1,400.0,15,8,3,0.15,400,GOVERNED,0.1,,0.9,5,1,GOVERNED,21,296,87,12,8,20,20,4,0,0.0,1.0,210.0,0.0,210.0
99,2,400.0,15,8,3,0.15,400,OPEN_LOOP,0.1,1.0,0.9,5,2,OPEN_LOOP,5,398,0,0,0,2,2,2,0,0.0,2.5,50.0,0.0,50.0
71,1,400.0,15,8,3,0.15,400,COLD_RESTART,0.5,,0.9,5,1,COLD_RESTART,0,10,380,10,363,95,95,0,0,0.0,1.0,0.0,0.0,0.0
90,1,400.0,15,8,3,0.15,400,GOVERNED,0.25,1.0,0.9,5,1,GOVERNED,3,287,91,17,16,27,22,3,0,0.18518518518518523,2.9545454545454546,30.0,0.0,30.0
98,2,400.0,15,8,3,0.15,400,OPEN_LOOP,0.0,,0.9,5,2,OPEN_LOOP,27,400,0,0,0,0,0,0,0,0.0,0.0,270.0,0.0,270.0
97,2,400.0,15,8,3,0.15,400,OPEN_LOOP,0.0,3.0,0.9,5,2,OPEN_LOOP,15,400,0,0,0,0,0,0,0,0.0,0.0,150.0,0.0,150.0
102,2,400.0,15,8,3,0.15,400,OPEN_LOOP,0.25,1.0,0.9,5,2,OPEN_LOOP,10,393,0,0,0,6,6,7,0,0.0,3.6666666666666665,100.0,0.0,100.0
105,2,400.0,15,8,3,0.15,400,OPEN_LOOP,0.5,1.0,0.9,5,2,OPEN_LOOP,5,394,0,0,0,5,5,6,0,0.0,2.4,50.0,0.0,50.0
100,2,400.0,15,8,3,0.15,400,OPEN_LOOP,0.1,3.0,0.9,5,2,OPEN_LOOP,6,399,0,0,0,1,1,1,0,0.0,1.0,60.0,0.0,60.0
101,2,400.0,15,8,3,0.15,400,OPEN_LOOP,0.1,,0.9,5,2,OPEN_LOOP,21,384,0,0,0,27,27,16,0,0.0,1.0,210.0,0.0,210.0
109,2,400.0,15,8,3,0.15,400,COLD_RESTART,0.0,3.0,0.9,5,2,COLD_RESTART,15,400,0,0,0,0,0,0,0,0.0,0.0,150.0,0.0,150.0
106,2,400.0,15,8,3,0.15,400,OPEN_LOOP,0.5,3.0,0.9,5,2,OPEN_LOOP,10,376,0,0,0,29,28,24,0,0.03448275862068961,1.1428571428571428,100.0,0.0,100.0
92,1,400.0,15,8,3,0.15,400,GOVERNED,0.25,,0.9,5,1,GOVERNED,6,119,256,22,79,65,65,2,0,0.0,1.0,60.0,0.0,60.0
111,2,400.0,15,8,3,0.15,400,COLD_RESTART,0.1,1.0,0.9,5,2,COLD_RESTART,2,341,50,9,3,12,11,0,1,0.08333333333333337,4.181818181818182,20.0,0.0,20.0
108,2,400.0,15,8,3,0.15,400,COLD_RESTART,0.0,1.0,0.9,5,2,COLD_RESTART,3,400,0,0,0,0,0,0,0,0.0,0.0,30.0,0.0,30.0
103,2,400.0,15,8,3,0.15,400,OPEN_LOOP,0.25,3.0,0.9,5,2,OPEN_LOOP,9,381,0,0,0,19,19,19,0,0.0,2.0,90.0,0.0,90.0
112,2,400.0,15,8,3,0.15,400,COLD_RESTART,0.1,3.0,0.9,5,2,COLD_RESTART,3,371,26,3,7,7,6,0,1,0.1428571428571429,1.0,30.0,0.0,30.0
110,2,400.0,15,8,3,0.15,400,COLD_RESTART,0.0,,0.9,5,2,COLD_RESTART,27,400,0,0,0,0,0,0,0,0.0,0.0,270.0,0.0,270.0
107,2,400.0,15,8,3,0.15,400,OPEN_LOOP,0.5,,0.9,5,2,OPEN_LOOP,18,349,0,0,0,82,81,51,0,0.012195121951219523,1.0,180.0,0.0,180.0
120,2,400.0,15,8,3,0.15,400,CLOSED_LOOP,0.0,1.0,0.9,5,2,CLOSED_LOOP,3,400,0,0,0,0,0,0,0,0.0,0.0,30.0,0.0,30.0
113,2,400.0,15,8,3,0.15,400,COLD_RESTART,0.1,,0.9,5,2,COLD_RESTART,7,244,130,21,18,30,30,5,16,0.0,1.0,70.0,0.0,70.0
104,2,400.0,15,8,3,0.15,400,OPEN_LOOP,0.25,,0.9,5,2,OPEN_LOOP,21,371,0,0,0,54,54,29,0,0.0,1.0,210.0,0.0,210.0
114,2,400.0,15,8,3,0.15,400,COLD_RESTART,0.25,1.0,0.9,5,2,COLD_RESTART,3,378,17,2,4,5,5,2,0,0.0,4.0,30.0,0.0,30.0
118,2,400.0,15,8,3,0.15,400,COLD_RESTART,0.5,3.0,0.9,5,2,COLD_RESTART,0,160,224,9,146,64,64,4,0,0.0,1.15625,0.0,0.0,0.0
83,1,400.0,15,8,3,0.15,400,CLOSED_LOOP,0.5,,0.9,5,1,CLOSED_LOOP,0,10,380,10,363,95,95,0,0,0.0,1.0,0.0,0.0,0.0
117,2,400.0,15,8,3,0.15,400,COLD_RESTART,0.5,1.0,0.9,5,2,COLD_RESTART,5,362,22,1,8,17,16,10,0,0.05882352941176472,2.0625,50.0,0.0,50.0
123,2,400.0,15,8,3,0.15,400,CLOSED_LOOP,0.1,1.0,0.9,5,2,CLOSED_LOOP,6,357,35,6,2,9,9,2,0,0.0,3.3333333333333335,60.0,0.0,60.0
124,2,400.0,15,8,3,0.15,400,CLOSED_LOOP,0.1,3.0,0.9,5,2,CLOSED_LOOP,3,365,31,4,7,7,7,0,0,0.0,1.0,30.0,0.0,30.0
95,1,400.0,15,8,3,0.15,400,GOVERNED,0.5,,0.9,5,1,GOVERNED,0,10,380,10,363,95,95,0,0,0.0,1.0,0.0,0.0,0.0
126,2,400.0,15,8,3,0.15,400,CLOSED_LOOP,0.25,1.0,0.9,5,2,CLOSED_LOOP,3,378,17,2,4,5,5,2,0,0.0,4.0,30.0,0.0,30.0
115,2,400.0,15,8,3,0.15,400,COLD_RESTART,0.25,3.0,0.9,5,2,COLD_RESTART,2,265,121,9,50,31,30,3,0,0.032258064516129004,1.6,20.0,0.0,20.0
121,2,400.0,15,8,3,0.15,400,CLOSED_LOOP,0.0,3.0,0.9,5,2,CLOSED_LOOP,15,400,0,0,0,0,0,0,0,0.0,0.0,150.0,0.0,150.0
129,2,400.0,15,8,3,0.15,400,CLOSED_LOOP,0.5,1.0,0.9,5,2,CLOSED_LOOP,5,362,22,1,8,17,16,10,0,0.05882352941176472,2.0625,50.0,0.0,50.0
122,2,400.0,15,8,3,0.15,400,CLOSED_LOOP,0.0,,0.9,5,2,CLOSED_LOOP,27,400,0,0,0,0,0,0,0,0.0,0.0,270.0,0.0,270.0
132,2,400.0,15,8,3,0.15,400,GOVERNED,0.0,1.0,0.9,5,2,GOVERNED,3,400,0,0,0,0,0,0,0,0.0,0.0,30.0,0.0,30.0
127,2,400.0,15,8,3,0.15,400,CLOSED_LOOP,0.25,3.0,0.9,5,2,CLOSED_LOOP,2,265,121,9,50,31,30,3,0,0.032258064516129004,1.6,20.0,0.0,20.0
116,2,400.0,15,8,3,0.15,400,COLD_RESTART,0.25,,0.9,5,2,COLD_RESTART,3,72,307,18,161,80,80,2,4,0.0,1.0,30.0,0.0,30.0
135,2,400.0,15,8,3,0.15,400,GOVERNED,0.1,1.0,0.9,5,2,GOVERNED,6,357,35,6,2,9,9,2,0,0.0,3.3333333333333335,60.0,0.0,60.0
134,2,400.0,15,8,3,0.15,400,GOVERNED,0.0,,0.9,5,2,GOVERNED,27,400,0,0,0,0,0,0,0,0.0,0.0,270.0,0.0,270.0
125,2,400.0,15,8,3,0.15,400,CLOSED_LOOP,0.1,,0.9,5,2,CLOSED_LOOP,15,221,155,23,28,34,34,1,0,0.0,1.0,150.0,0.0,150.0
138,2,400.0,15,8,3,0.15,400,GOVERNED,0.25,1.0,0.9,5,2,GOVERNED,3,378,17,2,4,5,5,2,0,0.0,4.0,30.0,0.0,30.0
133,2,400.0,15,8,3,0.15,400,GOVERNED,0.0,3.0,0.9,5,2,GOVERNED,15,400,0,0,0,0,0,0,0,0.0,0.0,150.0,0.0,150.0
136,2,400.0,15,8,3,0.15,400,GOVERNED,0.1,3.0,0.9,5,2,GOVERNED,3,365,31,4,7,7,7,0,0,0.0,1.0,30.0,0.0,30.0
141,2,400.0,15,8,3,0.15,400,GOVERNED,0.5,1.0,0.9,5,2,GOVERNED,5,362,22,1,8,17,16,10,0,0.05882352941176472,2.0625,50.0,0.0,50.0
130,2,400.0,15,8,3,0.15,400,CLOSED_LOOP,0.5,3.0,0.9,5,2,CLOSED_LOOP,0,160,224,9,146,64,64,4,0,0.0,1.15625,0.0,0.0,0.0
137,2,400.0,15,8,3,0.15,400,GOVERNED,0.1,,0.9,5,2,GOVERNED,15,221,155,23,28,34,34,1,0,0.0,1.0,150.0,0.0,150.0
139,2,400.0,15,8,3,0.15,400,GOVERNED,0.25,3.0,0.9,5,2,GOVERNED,2,265,121,9,50,31,30,3,0,0.032258064516129004,1.6,20.0,0.0,20.0
144,3,400.0,15,8,3,0.15,400,OPEN_LOOP,0.0,1.0,0.9,5,3,OPEN_LOOP,7,400,0,0,0,0,0,0,0,0.0,0.0,70.0,0.0,70.0
142,2,400.0,15,8,3,0.15,400,GOVERNED,0.5,3.0,0.9,5,2,GOVERNED,0,160,224,9,146,64,64,4,0,0.0,1.15625,0.0,0.0,0.0
145,3,400.0,15,8,3,0.15,400,OPEN_LOOP,0.0,3.0,0.9,5,3,OPEN_LOOP,11,400,0,0,0,0,0,0,0,0.0,0.0,110.0,0.0,110.0
128,2,400.0,15,8,3,0.15,400,CLOSED_LOOP,0.25,,0.9,5,2,CLOSED_LOOP,6,102,277,20,105,68,68,0,0,0.0,1.0,60.0,0.0,60.0
146,3,400.0,15,8,3,0.15,400,OPEN_LOOP,0.0,,0.9,5,3,OPEN_LOOP,27,400,0,0,0,0,0,0,0,0.0,0.0,270.0,0.0,270.0
119,2,400.0,15,8,3,0.15,400,COLD_RESTART,0.5,,0.9,5,2,COLD_RESTART,0,8,383,8,318,94,94,0,0,0.0,1.0,0.0,0.0,0.0
150,3,400.0,15,8,3,0.15,400,OPEN_LOOP,0.25,1.0,0.9,5,3,OPEN_LOOP,7,396,0,0,0,4,4,4,0,0.0,1.25,70.0,0.0,70.0
151,3,400.0,15,8,3,0.15,400,OPEN_LOOP,0.25,3.0,0.9,5,3,OPEN_LOOP,14,386,0,0,0,17,17,14,0,0.0,1.6470588235294117,140.0,0.0,140.0
148,3,400.0,15,8,3,0.15,400,OPEN_LOOP,0.1,3.0,0.9,5,3,OPEN_LOOP,19,384,0,0,0,17,17,16,0,0.0,5.647058823529412,190.0,0.0,190.0
147,3,400.0,15,8,3,0.15,400,OPEN_LOOP,0.1,1.0,0.9,5,3,OPEN_LOOP,5,396,0,0,0,4,4,4,0,0.0,2.75,50.0,0.0,50.0
156,3,400.0,15,8,3,0.15,400,COLD_RESTART,0.0,1.0,0.9,5,3,COLD_RESTART,7,400,0,0,0,0,0,0,0,0.0,0.0,70.0,0.0,70.0
140,2,400.0,15,8,3,0.15,400,GOVERNED,0.25,,0.9,5,2,GOVERNED,6,102,277,20,105,68,68,0,0,0.0,1.0,60.0,0.0,60.0
149,3,400.0,15,8,3,0.15,400,OPEN_LOOP,0.1,,0.9,5,3,OPEN_LOOP,27,384,0,0,0,21,21,16,0,0.0,1.0,270.0,0.0,270.0
157,3,400.0,15,8,3,0.15,400,COLD_RESTART,0.0,3.0,0.9,5,3,COLD_RESTART,11,400,0,0,0,0,0,0,0,0.0,0.0,110.0,0.0,110.0
153,3,400.0,15,8,3,0.15,400,OPEN_LOOP,0.5,1.0,0.9,5,3,OPEN_LOOP,11,397,0,0,0,4,3,3,0,0.25,1.0,110.0,0.0,110.0
159,3,400.0,15,8,3,0.15,400,COLD_RESTART,0.1,1.0,0.9,5,3,COLD_RESTART,7,333,56,11,2,11,11,0,5,0.0,3.272727272727273,70.0,0.0,70.0
152,3,400.0,15,8,3,0.15,400,OPEN_LOOP,0.25,,0.9,5,3,OPEN_LOOP,27,369,0,0,0,46,46,31,0,0.0,1.0,270.0,0.0,270.0
155,3,400.0,15,8,3,0.15,400,OPEN_LOOP,0.5,,0.9,5,3,OPEN_LOOP,21,351,0,0,0,72,72,49,0,0.0,1.0,210.0,0.0,210.0
131,2,400.0,15,8,3,0.15,400,CLOSED_LOOP,0.5,,0.9,5,2,CLOSED_LOOP,0,8,383,8,318,94,94,0,0,0.0,1.0,0.0,0.0,0.0
165,3,400.0,15,8,3,0.15,400,COLD_RESTART,0.5,1.0,0.9,5,3,COLD_RESTART,5,343,45,2,34,19,17,6,1,0.10526315789473684,1.2352941176470589,50.0,0.0,50.0
160,3,400.0,15,8,3,0.15,400,COLD_RESTART,0.1,3.0,0.9,5,3,COLD_RESTART,8,308,76,12,10,19,19,4,4,0.0,2.263157894736842,80.0,0.0,80.0
163,3,400.0,15,8,3,0.15,400,COLD_RESTART,0.25,3.0,0.9,5,3,COLD_RESTART,5,155,211,21,67,54,53,10,8,0.01851851851851849,1.150943396226415,50.0,0.0,50.0
161,3,400.0,15,8,3,0.15,400,COLD_RESTART,0.1,,0.9,5,3,COLD_RESTART,15,268,109,16,16,23,23,7,10,0.0,1.0,150.0,0.0,150.0
158,3,400.0,15,8,3,0.15,400,COLD_RESTART,0.0,,0.9,5,3,COLD_RESTART,27,400,0,0,0,0,0,0,0,0.0,0.0,270.0,0.0,270.0
162,3,400.0,15,8,3,0.15,400,COLD_RESTART,0.25,1.0,0.9,5,3,COLD_RESTART,6,391,3,0,2,5,5,4,0,0.0,4.8,60.0,0.0,60.0
168,3,400.0,15,8,3,0.15,400,CLOSED_LOOP,0.0,1.0,0.9,5,3,CLOSED_LOOP,7,400,0,0,0,0,0,0,0,0.0,0.0,70.0,0.0,70.0
171,3,400.0,15,8,3,0.15,400,CLOSED_LOOP,0.1,1.0,0.9,5,3,CLOSED_LOOP,5,375,20,4,0,4,4,1,0,0.0,3.5,50.0,0.0,50.0
154,3,400.0,15,8,3,0.15,400,OPEN_LOOP,0.5,3.0,0.9,5,3,OPEN_LOOP,14,373,0,0,0,37,35,27,0,0.05405405405405406,1.3714285714285714,140.0,0.0,140.0
143,2,400.0,15,8,3,0.15,400,GOVERNED,0.5,,0.9,5,2,GOVERNED,0,8,383,8,318,94,94,0,0,0.0,1.0,0.0,0.0,0.0
169,3,400.0,15,8,3,0.15,400,CLOSED_LOOP,0.0,3.0,0.9,5,3,CLOSED_LOOP,11,400,0,0,0,0,0,0,0,0.0,0.0,110.0,0.0,110.0
172,3,400.0,15,8,3,0.15,400,CLOSED_LOOP,0.1,3.0,0.9,5,3,CLOSED_LOOP,7,323,68,8,18,18,17,1,0,0.05555555555555558,2.176470588235294,70.0,0.0,70.0
174,3,400.0,15,8,3,0.15,400,CLOSED_LOOP,0.25,1.0,0.9,5,3,CLOSED_LOOP,6,391,3,0,2,5,5,4,0,0.0,4.8,60.0,0.0,60.0
164,3,400.0,15,8,3,0.15,400,COLD_RESTART,0.25,,0.9,5,3,COLD_RESTART,4,102,273,21,103,69,69,3,9,0.0,1.0,40.0,0.0,40.0
175,3,400.0,15,8,3,0.15,400,CLOSED_LOOP,0.25,3.0,0.9,5,3,CLOSED_LOOP,10,348,40,7,7,13,12,4,0,0.07692307692307687,1.9166666666666667,100.0,0.0,100.0
180,3,400.0,15,8,3,0.15,400,GOVERNED,0.0,1.0,0.9,5,3,GOVERNED,7,400,0,0,0,0,0,0,0,0.0,0.0,70.0,0.0,70.0
166,3,400.0,15,8,3,0.15,400,COLD_RESTART,0.5,3.0,0.9,5,3,COLD_RESTART,0,35,343,17,239,88,88,4,0,0.0,1.0340909090909092,0.0,0.0,0.0
181,3,400.0,15,8,3,0.15,400,GOVERNED,0.0,3.0,0.9,5,3,GOVERNED,11,400,0,0,0,0,0,0,0,0.0,0.0,110.0,0.0,110.0
177,3,400.0,15,8,3,0.15,400,CLOSED_LOOP,0.5,1.0,0.9,5,3,CLOSED_LOOP,4,350,36,1,16,17,16,7,0,0.05882352941176472,1.3125,40.0,0.0,40.0
183,3,400.0,15,8,3,0.15,400,GOVERNED,0.1,1.0,0.9,5,3,GOVERNED,5,375,20,4,0,4,4,1,0,0.0,3.5,50.0,0.0,50.0
184,3,400.0,15,8,3,0.15,400,GOVERNED,0.1,3.0,0.9,5,3,GOVERNED,7,323,68,8,18,18,17,1,0,0.05555555555555558,2.176470588235294,70.0,0.0,70.0
186,3,400.0,15,8,3,0.15,400,GOVERNED,0.25,1.0,0.9,5,3,GOVERNED,6,391,3,0,2,5,5,4,0,0.0,4.8,60.0,0.0,60.0
176,3,400.0,15,8,3,0.15,400,CLOSED_LOOP,0.25,,0.9,5,3,CLOSED_LOOP,6,98,277,24,125,66,66,0,0,0.0,1.0,60.0,0.0,60.0
170,3,400.0,15,8,3,0.15,400,CLOSED_LOOP,0.0,,0.9,5,3,CLOSED_LOOP,27,400,0,0,0,0,0,0,0,0.0,0.0,270.0,0.0,270.0
173,3,400.0,15,8,3,0.15,400,CLOSED_LOOP,0.1,,0.9,5,3,CLOSED_LOOP,18,251,127,18,23,29,28,3,0,0.03448275862068961,1.0,180.0,0.0,180.0
167,3,400.0,15,8,3,0.15,400,COLD_RESTART,0.5,,0.9,5,3,COLD_RESTART,0,7,383,8,344,101,100,1,0,0.00990099009900991,1.0,0.0,0.0,0.0
187,3,400.0,15,8,3,0.15,400,GOVERNED,0.25,3.0,0.9,5,3,GOVERNED,10,348,40,7,7,13,12,4,0,0.07692307692307687,1.9166666666666667,100.0,0.0,100.0
193,4,400.0,15,8,3,0.15,400,OPEN_LOOP,0.0,3.0,0.9,5,4,OPEN_LOOP,5,400,0,0,0,0,0,0,0,0.0,0.0,50.0,0.0,50.0
192,4,400.0,15,8,3,0.15,400,OPEN_LOOP,0.0,1.0,0.9,5,4,OPEN_LOOP,3,400,0,0,0,0,0,0,0,0.0,0.0,30.0,0.0,30.0
189,3,400.0,15,8,3,0.15,400,GOVERNED,0.5,1.0,0.9,5,3,GOVERNED,4,350,36,1,16,17,16,7,0,0.05882352941176472,1.3125,40.0,0.0,40.0
185,3,400.0,15,8,3,0.15,400,GOVERNED,0.1,,0.9,5,3,GOVERNED,18,251,127,18,23,29,28,3,0,0.03448275862068961,1.0,180.0,0.0,180.0
194,4,400.0,15,8,3,0.15,400,OPEN_LOOP,0.0,,0.9,5,4,OPEN_LOOP,24,400,0,0,0,0,0,0,0,0.0,0.0,240.0,0.0,240.0
195,4,400.0,15,8,3,0.15,400,OPEN_LOOP,0.1,1.0,0.9,5,4,OPEN_LOOP,3,400,0,0,0,0,0,0,0,0.0,0.0,30.0,0.0,30.0
190,3,400.0,15,8,3,0.15,400,GOVERNED,0.5,3.0,0.9,5,3,GOVERNED,0,35,343,17,239,88,88,4,0,0.0,1.0340909090909092,0.0,0.0,0.0
182,3,400.0,15,8,3,0.15,400,GOVERNED,0.0,,0.9,5,3,GOVERNED,27,400,0,0,0,0,0,0,0,0.0,0.0,270.0,0.0,270.0
178,3,400.0,15,8,3,0.15,400,CLOSED_LOOP,0.5,3.0,0.9,5,3,CLOSED_LOOP,0,35,343,17,239,88,88,4,0,0.0,1.0340909090909092,0.0,0.0,0.0
201,4,400.0,15,8,3,0.15,400,OPEN_LOOP,0.5,1.0,0.9,5,4,OPEN_LOOP,8,391,0,0,0,9,9,9,0,0.0,2.3333333333333335,80.0,0.0,80.0
196,4,400.0,15,8,3,0.15,400,OPEN_LOOP,0.1,3.0,0.9,5,4,OPEN_LOOP,16,384,0,0,0,18,18,16,0,0.0,3.8333333333333335,160.0,0.0,160.0
202,4,400.0,15,8,3,0.15,400,OPEN_LOOP,0.5,3.0,0.9,5,4,OPEN_LOOP,11,379,0,0,0,25,24,21,0,0.040000000000000036,1.5,110.0,0.0,110.0
197,4,400.0,15,8,3,0.15,400,OPEN_LOOP,0.1,,0.9,5,4,OPEN_LOOP,24,382,0,0,0,17,17,18,0,0.0,1.0,240.0,0.0,240.0
205,4,400.0,15,8,3,0.15,400,COLD_RESTART,0.0,3.0,0.9,5,4,COLD_RESTART,5,400,0,0,0,0,0,0,0,0.0,0.0,50.0,0.0,50.0
198,4,400.0,15,8,3,0.15,400,OPEN_LOOP,0.25,1.0,0.9,5,4,OPEN_LOOP,4,396,0,0,0,4,4,4,0,0.0,4.5,40.0,0.0,40.0
204,4,400.0,15,8,3,0.15,400,COLD_RESTART,0.0,1.0,0.9,5,4,COLD_RESTART,3,400,0,0,0,0,0,0,0,0.0,0.0,30.0,0.0,30.0
199,4,400.0,15,8,3,0.15,400,OPEN_LOOP,0.25,3.0,0.9,5,4,OPEN_LOOP,5,395,0,0,0,7,7,5,0,0.0,2.2857142857142856,50.0,0.0,50.0
188,3,400.0,15,8,3,0.15,400,GOVERNED,0.25,,0.9,5,3,GOVERNED,6,98,277,24,125,66,66,0,0,0.0,1.0,60.0,0.0,60.0
207,4,400.0,15,8,3,0.15,400,COLD_RESTART,0.1,1.0,0.9,5,4,COLD_RESTART,3,400,0,0,0,0,0,0,0,0.0,0.0,30.0,0.0,30.0
200,4,400.0,15,8,3,0.15,400,OPEN_LOOP,0.25,,0.9,5,4,OPEN_LOOP,21,376,0,0,0,52,52,24,0,0.0,1.0,210.0,0.0,210.0
179,3,400.0,15,8,3,0.15,400,CLOSED_LOOP,0.5,,0.9,5,3,CLOSED_LOOP,0,7,383,8,344,101,100,1,0,0.00990099009900991,1.0,0.0,0.0,0.0
210,4,400.0,15,8,3,0.15,400,COLD_RESTART,0.25,1.0,0.9,5,4,COLD_RESTART,3,387,10,2,0,3,3,1,0,0.0,2.3333333333333335,30.0,0.0,30.0
191,3,400.0,15,8,3,0.15,400,GOVERNED,0.5,,0.9,5,3,GOVERNED,0,7,383,8,344,101,100,1,0,0.00990099009900991,1.0,0.0,0.0,0.0
208,4,400.0,15,8,3,0.15,400,COLD_RESTART,0.1,3.0,0.9,5,4,COLD_RESTART,7,368,27,3,3,9,9,1,0,0.0,3.6666666666666665,70.0,0.0,70.0
206,4,400.0,15,8,3,0.15,400,COLD_RESTART,0.0,,0.9,5,4,COLD_RESTART,24,400,0,0,0,0,0,0,0,0.0,0.0,240.0,0.0,240.0
216,4,400.0,15,8,3,0.15,400,CLOSED_LOOP,0.0,1.0,0.9,5,4,CLOSED_LOOP,3,400,0,0,0,0,0,0,0,0.0,0.0,30.0,0.0,30.0
213,4,400.0,15,8,3,0.15,400,COLD_RESTART,0.5,1.0,0.9,5,4,COLD_RESTART,2,394,5,1,0,1,1,0,0,0.0,1.0,20.0,0.0,20.0
217,4,400.0,15,8,3,0.15,400,CLOSED_LOOP,0.0,3.0,0.9,5,4,CLOSED_LOOP,5,400,0,0,0,0,0,0,0,0.0,0.0,50.0,0.0,50.0
219,4,400.0,15,8,3,0.15,400,CLOSED_LOOP,0.1,1.0,0.9,5,4,CLOSED_LOOP,3,400,0,0,0,0,0,0,0,0.0,0.0,30.0,0.0,30.0
209,4,400.0,15,8,3,0.15,400,COLD_RESTART,0.1,,0.9,5,4,COLD_RESTART,15,243,132,20,26,28,28,4,10,0.0,1.0,150.0,0.0,150.0
214,4,400.0,15,8,3,0.15,400,COLD_RESTART,0.5,3.0,0.9,5,4,COLD_RESTART,0,204,178,6,99,50,50,9,0,0.0,1.14,0.0,0.0,0.0
218,4,400.0,15,8,3,0.15,400,CLOSED_LOOP,0.0,,0.9,5,4,CLOSED_LOOP,24,400,0,0,0,0,0,0,0,0.0,0.0,240.0,0.0,240.0
220,4,400.0,15,8,3,0.15,400,CLOSED_LOOP,0.1,3.0,0.9,5,4,CLOSED_LOOP,7,368,27,3,3,9,9,1,0,0.0,3.6666666666666665,70.0,0.0,70.0
225,4,400.0,15,8,3,0.15,400,CLOSED_LOOP,0.5,1.0,0.9,5,4,CLOSED_LOOP,2,394,5,1,0,1,1,0,0,0.0,1.0,20.0,0.0,20.0
223,4,400.0,15,8,3,0.15,400,CLOSED_LOOP,0.25,3.0,0.9,5,4,CLOSED_LOOP,2,290,97,11,32,27,27,2,0,0.0,1.2962962962962963,20.0,0.0,20.0
212,4,400.0,15,8,3,0.15,400,COLD_RESTART,0.25,,0.9,5,4,COLD_RESTART,0,71,297,24,128,74,74,7,11,0.0,1.0,0.0,0.0,0.0
226,4,400.0,15,8,3,0.15,400,CLOSED_LOOP,0.5,3.0,0.9,5,4,CLOSED_LOOP,0,204,178,6,99,50,50,9,0,0.0,1.14,0.0,0.0,0.0
211,4,400.0,15,8,3,0.15,400,COLD_RESTART,0.25,3.0,0.9,5,4,COLD_RESTART,0,131,239,23,78,59,59,6,8,0.0,1.0169491525423728,0.0,0.0,0.0
228,4,400.0,15,8,3,0.15,400,GOVERNED,0.0,1.0,0.9,5,4,GOVERNED,3,400,0,0,0,0,0,0,0,0.0,0.0,30.0,0.0,30.0
222,4,400.0,15,8,3,0.15,400,CLOSED_LOOP,0.25,1.0,0.9,5,4,CLOSED_LOOP,3,387,10,2,0,3,3,1,0,0.0,2.3333333333333335,30.0,0.0,30.0
231,4,400.0,15,8,3,0.15,400,GOVERNED,0.1,1.0,0.9,5,4,GOVERNED,3,400,0,0,0,0,0,0,0,0.0,0.0,30.0,0.0,30.0
221,4,400.0,15,8,3,0.15,400,CLOSED_LOOP,0.1,,0.9,5,4,CLOSED_LOOP,18,270,111,14,25,25,25,5,0,0.0,1.0,180.0,0.0,180.0
234,4,400.0,15,8,3,0.15,400,GOVERNED,0.25,1.0,0.9,5,4,GOVERNED,3,387,10,2,0,3,3,1,0,0.0,2.3333333333333335,30.0,0.0,30.0
229,4,400.0,15,8,3,0.15,400,GOVERNED,0.0,3.0,0.9,5,4,GOVERNED,5,400,0,0,0,0,0,0,0,0.0,0.0,50.0,0.0,50.0
235,4,400.0,15,8,3,0.15,400,GOVERNED,0.25,3.0,0.9,5,4,GOVERNED,2,290,97,11,32,27,27,2,0,0.0,1.2962962962962963,20.0,0.0,20.0
232,4,400.0,15,8,3,0.15,400,GOVERNED,0.1,3.0,0.9,5,4,GOVERNED,7,368,27,3,3,9,9,1,0,0.0,3.6666666666666665,70.0,0.0,70.0
237,4,400.0,15,8,3,0.15,400,GOVERNED,0.5,1.0,0.9,5,4,GOVERNED,2,394,5,1,0,1,1,0,0,0.0,1.0,20.0,0.0,20.0
224,4,400.0,15,8,3,0.15,400,CLOSED_LOOP,0.25,,0.9,5,4,CLOSED_LOOP,6,102,276,21,135,65,65,0,0,0.0,1.0,60.0,0.0,60.0
203,4,400.0,15,8,3,0.15,400,OPEN_LOOP,0.5,,0.9,5,4,OPEN_LOOP,18,363,0,0,0,68,68,37,0,0.0,1.0,180.0,0.0,180.0
230,4,400.0,15,8,3,0.15,400,GOVERNED,0.0,,0.9,5,4,GOVERNED,24,400,0,0,0,0,0,0,0,0.0,0.0,240.0,0.0,240.0
233,4,400.0,15,8,3,0.15,400,GOVERNED,0.1,,0.9,5,4,GOVERNED,18,270,111,14,25,25,25,5,0,0.0,1.0,180.0,0.0,180.0
240,5,400.0,15,8,3,0.15,400,OPEN_LOOP,0.0,1.0,0.9,5,5,OPEN_LOOP,5,400,0,0,0,0,0,0,0,0.0,0.0,50.0,0.0,50.0
215,4,400.0,15,8,3,0.15,400,COLD_RESTART,0.5,,0.9,5,4,COLD_RESTART,0,4,393,2,397,108,108,0,0,0.0,1.0,0.0,0.0,0.0
242,5,400.0,15,8,3,0.15,400,OPEN_LOOP,0.0,,0.9,5,5,OPEN_LOOP,30,400,0,0,0,0,0,0,0,0.0,0.0,300.0,0.0,300.0
246,5,400.0,15,8,3,0.15,400,OPEN_LOOP,0.25,1.0,0.9,5,5,OPEN_LOOP,2,397,0,0,0,3,3,3,0,0.0,1.0,20.0,0.0,20.0
243,5,400.0,15,8,3,0.15,400,OPEN_LOOP,0.1,1.0,0.9,5,5,OPEN_LOOP,7,400,0,0,0,0,0,0,0,0.0,0.0,70.0,0.0,70.0
238,4,400.0,15,8,3,0.15,400,GOVERNED,0.5,3.0,0.9,5,4,GOVERNED,0,204,178,6,99,50,50,9,0,0.0,1.14,0.0,0.0,0.0
241,5,400.0,15,8,3,0.15,400,OPEN_LOOP,0.0,3.0,0.9,5,5,OPEN_LOOP,5,400,0,0,0,0,0,0,0,0.0,0.0,50.0,0.0,50.0
247,5,400.0,15,8,3,0.15,400,OPEN_LOOP,0.25,3.0,0.9,5,5,OPEN_LOOP,6,398,0,0,0,3,3,2,0,0.0,5.0,60.0,0.0,60.0
227,4,400.0,15,8,3,0.15,400,CLOSED_LOOP,0.5,,0.9,5,4,CLOSED_LOOP,0,4,393,2,397,108,108,0,0,0.0,1.0,0.0,0.0,0.0
249,5,400.0,15,8,3,0.15,400,OPEN_LOOP,0.5,1.0,0.9,5,5,OPEN_LOOP,5,395,0,0,0,5,5,5,0,0.0,1.2,50.0,0.0,50.0
253,5,400.0,15,8,3,0.15,400,COLD_RESTART,0.0,3.0,0.9,5,5,COLD_RESTART,5,400,0,0,0,0,0,0,0,0.0,0.0,50.0,0.0,50.0
250,5,400.0,15,8,3,0.15,400,OPEN_LOOP,0.5,3.0,0.9,5,5,OPEN_LOOP,12,385,0,0,0,22,21,15,0,0.045454545454545414,2.380952380952381,120.0,0.0,120.0
244,5,400.0,15,8,3,0.15,400,OPEN_LOOP,0.1,3.0,0.9,5,5,OPEN_LOOP,16,391,0,0,0,13,11,9,0,0.15384615384615385,2.5454545454545454,160.0,0.0,160.0
255,5,400.0,15,8,3,0.15,400,COLD_RESTART,0.1,1.0,0.9,5,5,COLD_RESTART,7,400,0,0,0,0,0,0,0,0.0,0.0,70.0,0.0,70.0
248,5,400.0,15,8,3,0.15,400,OPEN_LOOP,0.25,,0.9,5,5,OPEN_LOOP,27,368,0,0,0,49,49,32,0,0.0,1.0,270.0,0.0,270.0
245,5,400.0,15,8,3,0.15,400,OPEN_LOOP,0.1,,0.9,5,5,OPEN_LOOP,24,385,0,0,0,21,21,15,0,0.0,1.0,240.0,0.0,240.0
256,5,400.0,15,8,3,0.15,400,COLD_RESTART,0.1,3.0,0.9,5,5,COLD_RESTART,7,391,5,1,0,4,4,3,0,0.0,4.5,70.0,0.0,70.0
252,5,400.0,15,8,3,0.15,400,COLD_RESTART,0.0,1.0,0.9,5,5,COLD_RESTART,5,400,0,0,0,0,0,0,0,0.0,0.0,50.0,0.0,50.0
261,5,400.0,15,8,3,0.15,400,COLD_RESTART,0.5,1.0,0.9,5,5,COLD_RESTART,3,397,1,0,1,1,1,1,0,0.0,1.0,30.0,0.0,30.0
258,5,400.0,15,8,3,0.15,400,COLD_RESTART,0.25,1.0,0.9,5,5,COLD_RESTART,5,388,7,0,4,6,6,3,0,0.0,1.3333333333333333,50.0,0.0,50.0
254,5,400.0,15,8,3,0.15,400,COLD_RESTART,0.0,,0.9,5,5,COLD_RESTART,30,400,0,0,0,0,0,0,0,0.0,0.0,300.0,0.0,300.0
239,4,400.0,15,8,3,0.15,400,GOVERNED,0.5,,0.9,5,4,GOVERNED,0,4,393,2,397,108,108,0,0,0.0,1.0,0.0,0.0,0.0
264,5,400.0,15,8,3,0.15,400,CLOSED_LOOP,0.0,1.0,0.9,5,5,CLOSED_LOOP,5,400,0,0,0,0,0,0,0,0.0,0.0,50.0,0.0,50.0
257,5,400.0,15,8,3,0.15,400,COLD_RESTART,0.1,,0.9,5,5,COLD_RESTART,17,266,113,16,15,25,25,5,8,0.0,1.0,170.0,0.0,170.0
251,5,400.0,15,8,3,0.15,400,OPEN_LOOP,0.5,,0.9,5,5,OPEN_LOOP,21,350,0,0,0,78,78,50,0,0.0,1.0,210.0,0.0,210.0
265,5,400.0,15,8,3,0.15,400,CLOSED_LOOP,0.0,3.0,0.9,5,5,CLOSED_LOOP,5,400,0,0,0,0,0,0,0,0.0,0.0,50.0,0.0,50.0
236,4,400.0,15,8,3,0.15,400,GOVERNED,0.25,,0.9,5,4,GOVERNED,6,102,276,21,135,65,65,0,0,0.0,1.0,60.0,0.0,60.0
268,5,400.0,15,8,3,0.15,400,CLOSED_LOOP,0.1,3.0,0.9,5,5,CLOSED_LOOP,7,391,5,1,0,4,4,3,0,0.0,4.5,70.0,0.0,70.0
267,5,400.0,15,8,3,0.15,400,CLOSED_LOOP,0.1,1.0,0.9,5,5,CLOSED_LOOP,7,400,0,0,0,0,0,0,0,0.0,0.0,70.0,0.0,70.0
262,5,400.0,15,8,3,0.15,400,COLD_RESTART,0.5,3.0,0.9,5,5,COLD_RESTART,0,128,253,11,140,71,71,5,0,0.0,1.028169014084507,0.0,0.0,0.0
273,5,400.0,15,8,3,0.15,400,CLOSED_LOOP,0.5,1.0,0.9,5,5,CLOSED_LOOP,3,397,1,0,1,1,1,1,0,0.0,1.0,30.0,0.0,30.0
271,5,400.0,15,8,3,0.15,400,CLOSED_LOOP,0.25,3.0,0.9,5,5,CLOSED_LOOP,4,355,41,3,9,9,9,0,0,0.0,1.0,40.0,0.0,40.0
270,5,400.0,15,8,3,0.15,400,CLOSED_LOOP,0.25,1.0,0.9,5,5,CLOSED_LOOP,5,388,7,0,4,6,6,3,0,0.0,1.3333333333333333,50.0,0.0,50.0
266,5,400.0,15,8,3,0.15,400,CLOSED_LOOP,0.0,,0.9,5,5,CLOSED_LOOP,30,400,0,0,0,0,0,0,0,0.0,0.0,300.0,0.0,300.0
269,5,400.0,15,8,3,0.15,400,CLOSED_LOOP,0.1,,0.9,5,5,CLOSED_LOOP,18,229,153,18,26,37,36,0,0,0.027027027027026973,1.0,180.0,0.0,180.0
260,5,400.0,15,8,3,0.15,400,COLD_RESTART,0.25,,0.9,5,5,COLD_RESTART,3,99,273,22,121,69,69,6,12,0.0,1.0,30.0,0.0,30.0
276,5,400.0,15,8,3,0.15,400,GOVERNED,0.0,1.0,0.9,5,5,GOVERNED,5,400,0,0,0,0,0,0,0,0.0,0.0,50.0,0.0,50.0
277,5,400.0,15,8,3,0.15,400,GOVERNED,0.0,3.0,0.9,5,5,GOVERNED,5,400,0,0,0,0,0,0,0,0.0,0.0,50.0,0.0,50.0
280,5,400.0,15,8,3,0.15,400,GOVERNED,0.1,3.0,0.9,5,5,GOVERNED,7,391,5,1,0,4,4,3,0,0.0,4.5,70.0,0.0,70.0
279,5,400.0,15,8,3,0.15,400,GOVERNED,0.1,1.0,0.9,5,5,GOVERNED,7,400,0,0,0,0,0,0,0,0.0,0.0,70.0,0.0,70.0
282,5,400.0,15,8,3,0.15,400,GOVERNED,0.25,1.0,0.9,5,5,GOVERNED,5,388,7,0,4,6,6,3,0,0.0,1.3333333333333333,50.0,0.0,50.0
259,5,400.0,15,8,3,0.15,400,COLD_RESTART,0.25,3.0,0.9,5,5,COLD_RESTART,4,355,41,3,9,9,9,0,0,0.0,1.0,40.0,0.0,40.0
274,5,400.0,15,8,3,0.15,400,CLOSED_LOOP,0.5,3.0,0.9,5,5,CLOSED_LOOP,0,128,253,11,140,71,71,5,0,0.0,1.028169014084507,0.0,0.0,0.0
285,5,400.0,15,8,3,0.15,400,GOVERNED,0.5,1.0,0.9,5,5,GOVERNED,3,397,1,0,1,1,1,1,0,0.0,1.0,30.0,0.0,30.0
272,5,400.0,15,8,3,0.15,400,CLOSED_LOOP,0.25,,0.9,5,5,CLOSED_LOOP,6,84,296,18,141,78,78,1,0,0.0,1.0,60.0,0.0,60.0
281,5,400.0,15,8,3,0.15,400,GOVERNED,0.1,,0.9,5,5,GOVERNED,18,229,153,18,26,37,36,0,0,0.027027027027026973,1.0,180.0,0.0,180.0
283,5,400.0,15,8,3,0.15,400,GOVERNED,0.25,3.0,0.9,5,5,GOVERNED,4,355,41,3,9,9,9,0,0,0.0,1.0,40.0,0.0,40.0
263,5,400.0,15,8,3,0.15,400,COLD_RESTART,0.5,,0.9,5,5,COLD_RESTART,0,13,378,8,274,102,102,0,1,0.0,1.0,0.0,0.0,0.0
278,5,400.0,15,8,3,0.15,400,GOVERNED,0.0,,0.9,5,5,GOVERNED,30,400,0,0,0,0,0,0,0,0.0,0.0,300.0,0.0,300.0
289,6,400.0,15,8,3,0.15,400,OPEN_LOOP,0.0,3.0,0.9,5,6,OPEN_LOOP,6,400,0,0,0,0,0,0,0,0.0,0.0,60.0,0.0,60.0
275,5,400.0,15,8,3,0.15,400,CLOSED_LOOP,0.5,,0.9,5,5,CLOSED_LOOP,0,11,381,7,237,101,100,0,0,0.00990099009900991,1.0,0.0,0.0,0.0
290,6,400.0,15,8,3,0.15,400,OPEN_LOOP,0.0,,0.9,5,6,OPEN_LOOP,30,400,0,0,0,0,0,0,0,0.0,0.0,300.0,0.0,300.0
292,6,400.0,15,8,3,0.15,400,OPEN_LOOP,0.1,3.0,0.9,5,6,OPEN_LOOP,17,392,0,0,0,8,8,8,0,0.0,6.25,170.0,0.0,170.0
294,6,400.0,15,8,3,0.15,400,OPEN_LOOP,0.25,1.0,0.9,5,6,OPEN_LOOP,5,400,0,0,0,0,0,0,0,0.0,0.0,50.0,0.0,50.0
291,6,400.0,15,8,3,0.15,400,OPEN_LOOP,0.1,1.0,0.9,5,6,OPEN_LOOP,6,398,0,0,0,2,2,2,0,0.0,1.0,60.0,0.0,60.0
288,6,400.0,15,8,3,0.15,400,OPEN_LOOP,0.0,1.0,0.9,5,6,OPEN_LOOP,2,400,0,0,0,0,0,0,0,0.0,0.0,20.0,0.0,20.0
297,6,400.0,15,8,3,0.15,400,OPEN_LOOP,0.5,1.0,0.9,5,6,OPEN_LOOP,5,396,0,0,0,4,4,4,0,0.0,2.5,50.0,0.0,50.0
295,6,400.0,15,8,3,0.15,400,OPEN_LOOP,0.25,3.0,0.9,5,6,OPEN_LOOP,8,393,0,0,0,9,9,7,0,0.0,2.888888888888889,80.0,0.0,80.0
293,6,400.0,15,8,3,0.15,400,OPEN_LOOP,0.1,,0.9,5,6,OPEN_LOOP,21,380,0,0,0,24,24,20,0,0.0,1.0,210.0,0.0,210.0
300,6,400.0,15,8,3,0.15,400,COLD_RESTART,0.0,1.0,0.9,5,6,COLD_RESTART,2,400,0,0,0,0,0,0,0,0.0,0.0,20.0,0.0,20.0
286,5,400.0,15,8,3,0.15,400,GOVERNED,0.5,3.0,0.9,5,5,GOVERNED,0,128,253,11,140,71,71,5,0,0.0,1.028169014084507,0.0,0.0,0.0
301,6,400.0,15,8,3,0.15,400,COLD_RESTART,0.0,3.0,0.9,5,6,COLD_RESTART,6,400,0,0,0,0,0,0,0,0.0,0.0,60.0,0.0,60.0
296,6,400.0,15,8,3,0.15,400,OPEN_LOOP,0.25,,0.9,5,6,OPEN_LOOP,21,373,0,0,0,47,47,27,0,0.0,1.0,210.0,0.0,210.0
303,6,400.0,15,8,3,0.15,400,COLD_RESTART,0.1,1.0,0.9,5,6,COLD_RESTART,6,374,20,4,1,6,6,2,0,0.0,6.0,60.0,0.0,60.0
298,6,400.0,15,8,3,0.15,400,OPEN_LOOP,0.5,3.0,0.9,5,6,OPEN_LOOP,13,372,0,0,0,33,33,28,0,0.0,1.9696969696969697,130.0,0.0,130.0
284,5,400.0,15,8,3,0.15,400,GOVERNED,0.25,,0.9,5,5,GOVERNED,6,84,296,18,141,78,78,1,0,0.0,1.0,60.0,0.0,60.0
307,6,400.0,15,8,3,0.15,400,COLD_RESTART,0.25,3.0,0.9,5,6,COLD_RESTART,5,285,106,9,34,26,26,0,0,0.0,1.5384615384615385,50.0,0.0,50.0
309,6,400.0,15,8,3,0.15,400,COLD_RESTART,0.5,1.0,0.9,5,6,COLD_RESTART,3,362,22,0,11,15,15,9,0,0.0,2.066666666666667,30.0,0.0,30.0
306,6,400.0,15,8,3,0.15,400,COLD_RESTART,0.25,1.0,0.9,5,6,COLD_RESTART,5,400,0,0,0,0,0,0,0,0.0,0.0,50.0,0.0,50.0
305,6,400.0,15,8,3,0.15,400,COLD_RESTART,0.1,,0.9,5,6,COLD_RESTART,10,268,110,18,11,25,25,3,11,0.0,1.0,100.0,0.0,100.0
312,6,400.0,15,8,3,0.15,400,CLOSED_LOOP,0.0,1.0,0.9,5,6,CLOSED_LOOP,2,400,0,0,0,0,0,0,0,0.0,0.0,20.0,0.0,20.0
299,6,400.0,15,8,3,0.15,400,OPEN_LOOP,0.5,,0.9,5,6,OPEN_LOOP,21,357,0,0,0,76,76,43,0,0.0,1.0,210.0,0.0,210.0
304,6,400.0,15,8,3,0.15,400,COLD_RESTART,0.1,3.0,0.9,5,6,COLD_RESTART,10,259,119,21,14,26,25,1,8,0.038461538461538436,1.88,100.0,0.0,100.0
310,6,400.0,15,8,3,0.15,400,COLD_RESTART,0.5,3.0,0.9,5,6,COLD_RESTART,0,165,212,4,104,66,65,10,0,0.015151515151515138,1.0,0.0,0.0,0.0
302,6,400.0,15,8,3,0.15,400,COLD_RESTART,0.0,,0.9,5,6,COLD_RESTART,30,400,0,0,0,0,0,0,0,0.0,0.0,300.0,0.0,300.0
287,5,400.0,15,8,3,0.15,400,GOVERNED,0.5,,0.9,5,5,GOVERNED,0,11,381,7,237,101,100,0,0,0.00990099009900991,1.0,0.0,0.0,0.0
315,6,400.0,15,8,3,0.15,400,CLOSED_LOOP,0.1,1.0,0.9,5,6,CLOSED_LOOP,6,374,20,4,1,6,6,2,0,0.0,6.0,60.0,0.0,60.0
316,6,400.0,15,8,3,0.15,400,CLOSED_LOOP,0.1,3.0,0.9,5,6,CLOSED_LOOP,10,368,27,4,3,7,6,1,0,0.1428571428571429,1.6666666666666667,100.0,0.0,100.0
314,6,400.0,15,8,3,0.15,400,CLOSED_LOOP,0.0,,0.9,5,6,CLOSED_LOOP,30,400,0,0,0,0,0,0,0,0.0,0.0,300.0,0.0,300.0
324,6,400.0,15,8,3,0.15,400,GOVERNED,0.0,1.0,0.9,5,6,GOVERNED,2,400,0,0,0,0,0,0,0,0.0,0.0,20.0,0.0,20.0
317,6,400.0,15,8,3,0.15,400,CLOSED_LOOP,0.1,,0.9,5,6,CLOSED_LOOP,18,262,117,17,12,25,25,3,0,0.0,1.0,180.0,0.0,180.0
313,6,400.0,15,8,3,0.15,400,CLOSED_LOOP,0.0,3.0,0.9,5,6,CLOSED_LOOP,6,400,0,0,0,0,0,0,0,0.0,0.0,60.0,0.0,60.0
325,6,400.0,15,8,3,0.15,400,GOVERNED,0.0,3.0,0.9,5,6,GOVERNED,6,400,0,0,0,0,0,0,0,0.0,0.0,60.0,0.0,60.0
308,6,400.0,15,8,3,0.15,400,COLD_RESTART,0.25,,0.9,5,6,COLD_RESTART,1,81,291,26,110,69,69,2,7,0.0,1.0,10.0,0.0,10.0
321,6,400.0,15,8,3,0.15,400,CLOSED_LOOP,0.5,1.0,0.9,5,6,CLOSED_LOOP,3,362,22,0,11,15,15,9,0,0.0,2.066666666666667,30.0,0.0,30.0
322,6,400.0,15,8,3,0.15,400,CLOSED_LOOP,0.5,3.0,0.9,5,6,CLOSED_LOOP,0,165,212,4,104,66,65,10,0,0.015151515151515138,1.0,0.0,0.0,0.0
319,6,400.0,15,8,3,0.15,400,CLOSED_LOOP,0.25,3.0,0.9,5,6,CLOSED_LOOP,5,285,106,9,34,26,26,0,0,0.0,1.5384615384615385,50.0,0.0,50.0
318,6,400.0,15,8,3,0.15,400,CLOSED_LOOP,0.25,1.0,0.9,5,6,CLOSED_LOOP,5,400,0,0,0,0,0,0,0,0.0,0.0,50.0,0.0,50.0
327,6,400.0,15,8,3,0.15,400,GOVERNED,0.1,1.0,0.9,5,6,GOVERNED,6,374,20,4,1,6,6,2,0,0.0,6.0,60.0,0.0,60.0
330,6,400.0,15,8,3,0.15,400,GOVERNED,0.25,1.0,0.9,5,6,GOVERNED,5,400,0,0,0,0,0,0,0,0.0,0.0,50.0,0.0,50.0
328,6,400.0,15,8,3,0.15,400,GOVERNED,0.1,3.0,0.9,5,6,GOVERNED,10,368,27,4,3,7,6,1,0,0.1428571428571429,1.6666666666666667,100.0,0.0,100.0
320,6,400.0,15,8,3,0.15,400,CLOSED_LOOP,0.25,,0.9,5,6,CLOSED_LOOP,6,108,269,22,98,63,63,0,0,0.0,1.0,60.0,0.0,60.0
329,6,400.0,15,8,3,0.15,400,GOVERNED,0.1,,0.9,5,6,GOVERNED,18,262,117,17,12,25,25,3,0,0.0,1.0,180.0,0.0,180.0
333,6,400.0,15,8,3,0.15,400,GOVERNED,0.5,1.0,0.9,5,6,GOVERNED,3,362,22,0,11,15,15,9,0,0.0,2.066666666666667,30.0,0.0,30.0
334,6,400.0,15,8,3,0.15,400,GOVERNED,0.5,3.0,0.9,5,6,GOVERNED,0,165,212,4,104,66,65,10,0,0.015151515151515138,1.0,0.0,0.0,0.0
336,7,400.0,15,8,3,0.15,400,OPEN_LOOP,0.0,1.0,0.9,5,7,OPEN_LOOP,4,400,0,0,0,0,0,0,0,0.0,0.0,40.0,0.0,40.0
331,6,400.0,15,8,3,0.15,400,GOVERNED,0.25,3.0,0.9,5,6,GOVERNED,5,285,106,9,34,26,26,0,0,0.0,1.5384615384615385,50.0,0.0,50.0
326,6,400.0,15,8,3,0.15,400,GOVERNED,0.0,,0.9,5,6,GOVERNED,30,400,0,0,0,0,0,0,0,0.0,0.0,300.0,0.0,300.0
338,7,400.0,15,8,3,0.15,400,OPEN_LOOP,0.0,,0.9,5,7,OPEN_LOOP,27,400,0,0,0,0,0,0,0,0.0,0.0,270.0,0.0,270.0
337,7,400.0,15,8,3,0.15,400,OPEN_LOOP,0.0,3.0,0.9,5,7,OPEN_LOOP,6,400,0,0,0,0,0,0,0,0.0,0.0,60.0,0.0,60.0
340,7,400.0,15,8,3,0.15,400,OPEN_LOOP,0.1,3.0,0.9,5,7,OPEN_LOOP,8,396,0,0,0,4,4,4,0,0.0,2.5,80.0,0.0,80.0
339,7,400.0,15,8,3,0.15,400,OPEN_LOOP,0.1,1.0,0.9,5,7,OPEN_LOOP,7,399,0,0,0,1,1,1,0,0.0,2.0,70.0,0.0,70.0
342,7,400.0,15,8,3,0.15,400,OPEN_LOOP,0.25,1.0,0.9,5,7,OPEN_LOOP,7,399,0,0,0,1,1,1,0,0.0,1.0,70.0,0.0,70.0
332,6,400.0,15,8,3,0.15,400,GOVERNED,0.25,,0.9,5,6,GOVERNED,6,108,269,22,98,63,63,0,0,0.0,1.0,60.0,0.0,60.0
311,6,400.0,15,8,3,0.15,400,COLD_RESTART,0.5,,0.9,5,6,COLD_RESTART,0,6,386,7,304,97,96,0,0,0.010309278350515427,1.0,0.0,0.0,0.0
349,7,400.0,15,8,3,0.15,400,COLD_RESTART,0.0,3.0,0.9,5,7,COLD_RESTART,6,400,0,0,0,0,0,0,0,0.0,0.0,60.0,0.0,60.0
344,7,400.0,15,8,3,0.15,400,OPEN_LOOP,0.25,,0.9,5,7,OPEN_LOOP,27,371,0,0,0,45,45,29,0,0.0,1.0,270.0,0.0,270.0
348,7,400.0,15,8,3,0.15,400,COLD_RESTART,0.0,1.0,0.9,5,7,COLD_RESTART,4,400,0,0,0,0,0,0,0,0.0,0.0,40.0,0.0,40.0
341,7,400.0,15,8,3,0.15,400,OPEN_LOOP,0.1,,0.9,5,7,OPEN_LOOP,24,380,0,0,0,25,25,20,0,0.0,1.0,240.0,0.0,240.0
346,7,400.0,15,8,3,0.15,400,OPEN_LOOP,0.5,3.0,0.9,5,7,OPEN_LOOP,6,389,0,0,0,14,13,11,0,0.0714285714285714,1.0,60.0,0.0,60.0
351,7,400.0,15,8,3,0.15,400,COLD_RESTART,0.1,1.0,0.9,5,7,COLD_RESTART,4,399,0,0,0,1,1,1,0,0.0,2.0,40.0,0.0,40.0
345,7,400.0,15,8,3,0.15,400,OPEN_LOOP,0.5,1.0,0.9,5,7,OPEN_LOOP,4,400,0,0,0,0,0,0,0,0.0,0.0,40.0,0.0,40.0
350,7,400.0,15,8,3,0.15,400,COLD_RESTART,0.0,,0.9,5,7,COLD_RESTART,27,400,0,0,0,0,0,0,0,0.0,0.0,270.0,0.0,270.0
343,7,400.0,15,8,3,0.15,400,OPEN_LOOP,0.25,3.0,0.9,5,7,OPEN_LOOP,16,377,0,0,0,27,27,23,0,0.0,1.962962962962963,160.0,0.0,160.0
323,6,400.0,15,8,3,0.15,400,CLOSED_LOOP,0.5,,0.9,5,6,CLOSED_LOOP,0,6,386,7,304,97,96,0,0,0.010309278350515427,1.0,0.0,0.0,0.0
354,7,400.0,15,8,3,0.15,400,COLD_RESTART,0.25,1.0,0.9,5,7,COLD_RESTART,8,396,2,0,1,2,2,1,0,0.0,1.0,80.0,0.0,80.0
335,6,400.0,15,8,3,0.15,400,GOVERNED,0.5,,0.9,5,6,GOVERNED,0,6,386,7,304,97,96,0,0,0.010309278350515427,1.0,0.0,0.0,0.0
347,7,400.0,15,8,3,0.15,400,OPEN_LOOP,0.5,,0.9,5,7,OPEN_LOOP,21,362,0,0,0,65,65,38,0,0.0,1.0,210.0,0.0,210.0
357,7,400.0,15,8,3,0.15,400,COLD_RESTART,0.5,1.0,0.9,5,7,COLD_RESTART,4,400,0,0,0,0,0,0,0,0.0,0.0,40.0,0.0,40.0
352,7,400.0,15,8,3,0.15,400,COLD_RESTART,0.1,3.0,0.9,5,7,COLD_RESTART,8,358,33,5,4,11,11,2,0,0.0,3.1818181818181817,80.0,0.0,80.0
361,7,400.0,15,8,3,0.15,400,CLOSED_LOOP,0.0,3.0,0.9,5,7,CLOSED_LOOP,6,400,0,0,0,0,0,0,0,0.0,0.0,60.0,0.0,60.0
355,7,400.0,15,8,3,0.15,400,COLD_RESTART,0.25,3.0,0.9,5,7,COLD_RESTART,9,204,175,14,61,45,45,6,3,0.0,1.0888888888888888,90.0,0.0,90.0
360,7,400.0,15,8,3,0.15,400,CLOSED_LOOP,0.0,1.0,0.9,5,7,CLOSED_LOOP,4,400,0,0,0,0,0,0,0,0.0,0.0,40.0,0.0,40.0
363,7,400.0,15,8,3,0.15,400,CLOSED_LOOP,0.1,1.0,0.9,5,7,CLOSED_LOOP,4,399,0,0,0,1,1,1,0,0.0,2.0,40.0,0.0,40.0
366,7,400.0,15,8,3,0.15,400,CLOSED_LOOP,0.25,1.0,0.9,5,7,CLOSED_LOOP,8,396,2,0,1,2,2,1,0,0.0,1.0,80.0,0.0,80.0
364,7,400.0,15,8,3,0.15,400,CLOSED_LOOP,0.1,3.0,0.9,5,7,CLOSED_LOOP,8,358,33,5,4,11,11,2,0,0.0,3.1818181818181817,80.0,0.0,80.0
353,7,400.0,15,8,3,0.15,400,COLD_RESTART,0.1,,0.9,5,7,COLD_RESTART,14,275,103,14,15,25,25,7,8,0.0,1.0,140.0,0.0,140.0
367,7,400.0,15,8,3,0.15,400,CLOSED_LOOP,0.25,3.0,0.9,5,7,CLOSED_LOOP,9,241,143,11,40,37,37,5,0,0.0,1.3243243243243243,90.0,0.0,90.0
365,7,400.0,15,8,3,0.15,400,CLOSED_LOOP,0.1,,0.9,5,7,CLOSED_LOOP,21,304,77,15,4,15,15,4,0,0.0,1.0,210.0,0.0,210.0
369,7,400.0,15,8,3,0.15,400,CLOSED_LOOP,0.5,1.0,0.9,5,7,CLOSED_LOOP,4,400,0,0,0,0,0,0,0,0.0,0.0,40.0,0.0,40.0
373,7,400.0,15,8,3,0.15,400,GOVERNED,0.0,3.0,0.9,5,7,GOVERNED,6,400,0,0,0,0,0,0,0,0.0,0.0,60.0,0.0,60.0
356,7,400.0,15,8,3,0.15,400,COLD_RESTART,0.25,,0.9,5,7,COLD_RESTART,0,55,320,24,105,77,77,1,7,0.0,1.0,0.0,0.0,0.0
370,7,400.0,15,8,3,0.15,400,CLOSED_LOOP,0.5,3.0,0.9,5,7,CLOSED_LOOP,1,113,268,7,180,85,84,6,0,0.0117647058823529,1.0357142857142858,10.0,0.0,10.0
358,7,400.0,15,8,3,0.15,400,COLD_RESTART,0.5,3.0,0.9,5,7,COLD_RESTART,1,113,268,7,180,85,84,6,0,0.0117647058823529,1.0357142857142858,10.0,0.0,10.0
375,7,400.0,15,8,3,0.15,400,GOVERNED,0.1,1.0,0.9,5,7,GOVERNED,4,399,0,0,0,1,1,1,0,0.0,2.0,40.0,0.0,40.0
372,7,400.0,15,8,3,0.15,400,GOVERNED,0.0,1.0,0.9,5,7,GOVERNED,4,400,0,0,0,0,0,0,0,0.0,0.0,40.0,0.0,40.0
374,7,400.0,15,8,3,0.15,400,GOVERNED,0.0,,0.9,5,7,GOVERNED,27,400,0,0,0,0,0,0,0,0.0,0.0,270.0,0.0,270.0
376,7,400.0,15,8,3,0.15,400,GOVERNED,0.1,3.0,0.9,5,7,GOVERNED,8,358,33,5,4,11,11,2,0,0.0,3.1818181818181817,80.0,0.0,80.0
379,7,400.0,15,8,3,0.15,400,GOVERNED,0.25,3.0,0.9,5,7,GOVERNED,9,241,143,11,40,37,37,5,0,0.0,1.3243243243243243,90.0,0.0,90.0
377,7,400.0,15,8,3,0.15,400,GOVERNED,0.1,,0.9,5,7,GOVERNED,21,304,77,15,4,15,15,4,0,0.0,1.0,210.0,0.0,210.0
362,7,400.0,15,8,3,0.15,400,CLOSED_LOOP,0.0,,0.9,5,7,CLOSED_LOOP,27,400,0,0,0,0,0,0,0,0.0,0.0,270.0,0.0,270.0
381,7,400.0,15,8,3,0.15,400,GOVERNED,0.5,1.0,0.9,5,7,GOVERNED,4,400,0,0,0,0,0,0,0,0.0,0.0,40.0,0.0,40.0
385,8,400.0,15,8,3,0.15,400,OPEN_LOOP,0.0,3.0,0.9,5,8,OPEN_LOOP,8,400,0,0,0,0,0,0,0,0.0,0.0,80.0,0.0,80.0
371,7,400.0,15,8,3,0.15,400,CLOSED_LOOP,0.5,,0.9,5,7,CLOSED_LOOP,0,6,386,7,329,101,101,0,0,0.0,1.0,0.0,0.0,0.0
382,7,400.0,15,8,3,0.15,400,GOVERNED,0.5,3.0,0.9,5,7,GOVERNED,1,113,268,7,180,85,84,6,0,0.0117647058823529,1.0357142857142858,10.0,0.0,10.0
387,8,400.0,15,8,3,0.15,400,OPEN_LOOP,0.1,1.0,0.9,5,8,OPEN_LOOP,5,400,0,0,0,0,0,0,0,0.0,0.0,50.0,0.0,50.0
384,8,400.0,15,8,3,0.15,400,OPEN_LOOP,0.0,1.0,0.9,5,8,OPEN_LOOP,3,400,0,0,0,0,0,0,0,0.0,0.0,30.0,0.0,30.0
386,8,400.0,15,8,3,0.15,400,OPEN_LOOP,0.0,,0.9,5,8,OPEN_LOOP,24,400,0,0,0,0,0,0,0,0.0,0.0,240.0,0.0,240.0
388,8,400.0,15,8,3,0.15,400,OPEN_LOOP,0.1,3.0,0.9,5,8,OPEN_LOOP,5,398,0,0,0,2,2,2,0,0.0,1.0,50.0,0.0,50.0
368,7,400.0,15,8,3,0.15,400,CLOSED_LOOP,0.25,,0.9,5,7,CLOSED_LOOP,3,41,333,24,160,81,81,1,0,0.0,1.0,30.0,0.0,30.0
378,7,400.0,15,8,3,0.15,400,GOVERNED,0.25,1.0,0.9,5,7,GOVERNED,8,396,2,0,1,2,2,1,0,0.0,1.0,80.0,0.0,80.0
359,7,400.0,15,8,3,0.15,400,COLD_RESTART,0.5,,0.9,5,7,COLD_RESTART,0,6,386,7,329,101,101,0,0,0.0,1.0,0.0,0.0,0.0
389,8,400.0,15,8,3,0.15,400,OPEN_LOOP,0.1,,0.9,5,8,OPEN_LOOP,21,383,0,0,0,25,25,17,0,0.0,1.0,210.0,0.0,210.0
396,8,400.0,15,8,3,0.15,400,COLD_RESTART,0.0,1.0,0.9,5,8,COLD_RESTART,3,400,0,0,0,0,0,0,0,0.0,0.0,30.0,0.0,30.0
391,8,400.0,15,8,3,0.15,400,OPEN_LOOP,0.25,3.0,0.9,5,8,OPEN_LOOP,13,384,0,0,0,19,18,16,0,0.052631578947368474,3.0555555555555554,130.0,0.0,130.0
397,8,400.0,15,8,3,0.15,400,COLD_RESTART,0.0,3.0,0.9,5,8,COLD_RESTART,8,400,0,0,0,0,0,0,0,0.0,0.0,80.0,0.0,80.0
394,8,400.0,15,8,3,0.15,400,OPEN_LOOP,0.5,3.0,0.9,5,8,OPEN_LOOP,9,375,0,0,0,30,29,25,0,0.033333333333333326,1.0,90.0,0.0,90.0
390,8,400.0,15,8,3,0.15,400,OPEN_LOOP,0.25,1.0,0.9,5,8,OPEN_LOOP,3,397,0,0,0,3,3,3,0,0.0,1.0,30.0,0.0,30.0
393,8,400.0,15,8,3,0.15,400,OPEN_LOOP,0.5,1.0,0.9,5,8,OPEN_LOOP,5,398,0,0,0,2,2,2,0,0.0,1.0,50.0,0.0,50.0
400,8,400.0,15,8,3,0.15,400,COLD_RESTART,0.1,3.0,0.9,5,8,COLD_RESTART,3,379,16,2,3,5,5,2,0,0.0,1.0,30.0,0.0,30.0
380,7,400.0,15,8,3,0.15,400,GOVERNED,0.25,,0.9,5,7,GOVERNED,3,41,333,24,160,81,81,1,0,0.0,1.0,30.0,0.0,30.0
399,8,400.0,15,8,3,0.15,400,COLD_RESTART,0.1,1.0,0.9,5,8,COLD_RESTART,5,400,0,0,0,0,0,0,0,0.0,0.0,50.0,0.0,50.0
398,8,400.0,15,8,3,0.15,400,COLD_RESTART,0.0,,0.9,5,8,COLD_RESTART,24,400,0,0,0,0,0,0,0,0.0,0.0,240.0,0.0,240.0
395,8,400.0,15,8,3,0.15,400,OPEN_LOOP,0.5,,0.9,5,8,OPEN_LOOP,21,358,0,0,0,68,68,42,0,0.0,1.0,210.0,0.0,210.0
383,7,400.0,15,8,3,0.15,400,GOVERNED,0.5,,0.9,5,7,GOVERNED,0,6,386,7,329,101,101,0,0,0.0,1.0,0.0,0.0,0.0
402,8,400.0,15,8,3,0.15,400,COLD_RESTART,0.25,1.0,0.9,5,8,COLD_RESTART,2,394,4,0,1,2,2,1,0,0.0,1.0,20.0,0.0,20.0
409,8,400.0,15,8,3,0.15,400,CLOSED_LOOP,0.0,3.0,0.9,5,8,CLOSED_LOOP,8,400,0,0,0,0,0,0,0,0.0,0.0,80.0,0.0,80.0
403,8,400.0,15,8,3,0.15,400,COLD_RESTART,0.25,3.0,0.9,5,8,COLD_RESTART,3,382,15,1,4,5,5,1,0,0.0,1.0,30.0,0.0,30.0
411,8,400.0,15,8,3,0.15,400,CLOSED_LOOP,0.1,1.0,0.9,5,8,CLOSED_LOOP,5,400,0,0,0,0,0,0,0,0.0,0.0,50.0,0.0,50.0
406,8,400.0,15,8,3,0.15,400,COLD_RESTART,0.5,3.0,0.9,5,8,COLD_RESTART,0,132,239,12,139,68,68,9,2,0.0,1.0735294117647058,0.0,0.0,0.0
392,8,400.0,15,8,3,0.15,400,OPEN_LOOP,0.25,,0.9,5,8,OPEN_LOOP,24,376,0,0,0,48,48,24,0,0.0,1.0,240.0,0.0,240.0
412,8,400.0,15,8,3,0.15,400,CLOSED_LOOP,0.1,3.0,0.9,5,8,CLOSED_LOOP,3,379,16,2,3,5,5,2,0,0.0,1.0,30.0,0.0,30.0
408,8,400.0,15,8,3,0.15,400,CLOSED_LOOP,0.0,1.0,0.9,5,8,CLOSED_LOOP,3,400,0,0,0,0,0,0,0,0.0,0.0,30.0,0.0,30.0
415,8,400.0,15,8,3,0.15,400,CLOSED_LOOP,0.25,3.0,0.9,5,8,CLOSED_LOOP,3,382,15,1,4,5,5,1,0,0.0,1.0,30.0,0.0,30.0
401,8,400.0,15,8,3,0.15,400,COLD_RESTART,0.1,,0.9,5,8,COLD_RESTART,8,233,147,17,36,33,33,2,9,0.0,1.0,80.0,0.0,80.0
410,8,400.0,15,8,3,0.15,400,CLOSED_LOOP,0.0,,0.9,5,8,CLOSED_LOOP,24,400,0,0,0,0,0,0,0,0.0,0.0,240.0,0.0,240.0
413,8,400.0,15,8,3,0.15,400,CLOSED_LOOP,0.1,,0.9,5,8,CLOSED_LOOP,15,238,145,15,30,31,31,2,0,0.0,1.0,150.0,0.0,150.0
404,8,400.0,15,8,3,0.15,400,COLD_RESTART,0.25,,0.9,5,8,COLD_RESTART,0,66,312,19,157,73,73,2,6,0.0,1.0,0.0,0.0,0.0
420,8,400.0,15,8,3,0.15,400,GOVERNED,0.0,1.0,0.9,5,8,GOVERNED,3,400,0,0,0,0,0,0,0,0.0,0.0,30.0,0.0,30.0
417,8,400.0,15,8,3,0.15,400,CLOSED_LOOP,0.5,1.0,0.9,5,8,CLOSED_LOOP,3,371,24,2,8,7,7,1,0,0.0,3.5714285714285716,30.0,0.0,30.0
421,8,400.0,15,8,3,0.15,400,GOVERNED,0.0,3.0,0.9,5,8,GOVERNED,8,400,0,0,0,0,0,0,0,0.0,0.0,80.0,0.0,80.0
423,8,400.0,15,8,3,0.15,400,GOVERNED,0.1,1.0,0.9,5,8,GOVERNED,5,400,0,0,0,0,0,0,0,0.0,0.0,50.0,0.0,50.0
424,8,400.0,15,8,3,0.15,400,GOVERNED,0.1,3.0,0.9,5,8,GOVERNED,3,379,16,2,3,5,5,2,0,0.0,1.0,30.0,0.0,30.0
426,8,400.0,15,8,3,0.15,400,GOVERNED,0.25,1.0,0.9,5,8,GOVERNED,2,394,4,0,1,2,2,1,0,0.0,1.0,20.0,0.0,20.0
429,8,400.0,15,8,3,0.15,400,GOVERNED,0.5,1.0,0.9,5,8,GOVERNED,3,371,24,2,8,7,7,1,0,0.0,3.5714285714285716,30.0,0.0,30.0
422,8,400.0,15,8,3,0.15,400,GOVERNED,0.0,,0.9,5,8,GOVERNED,24,400,0,0,0,0,0,0,0,0.0,0.0,240.0,0.0,240.0
407,8,400.0,15,8,3,0.15,400,COLD_RESTART,0.5,,0.9,5,8,COLD_RESTART,0,14,376,9,275,93,93,0,1,0.0,1.0,0.0,0.0,0.0
425,8,400.0,15,8,3,0.15,400,GOVERNED,0.1,,0.9,5,8,GOVERNED,15,238,145,15,30,31,31,2,0,0.0,1.0,150.0,0.0,150.0
416,8,400.0,15,8,3,0.15,400,CLOSED_LOOP,0.25,,0.9,5,8,CLOSED_LOOP,6,93,286,20,108,71,71,0,0,0.0,1.0,60.0,0.0,60.0
430,8,400.0,15,8,3,0.15,400,GOVERNED,0.5,3.0,0.9,5,8,GOVERNED,2,151,219,7,109,69,69,13,0,0.0,1.0869565217391304,20.0,0.0,20.0
433,9,400.0,15,8,3,0.15,400,OPEN_LOOP,0.0,3.0,0.9,5,9,OPEN_LOOP,10,400,0,0,0,0,0,0,0,0.0,0.0,100.0,0.0,100.0
427,8,400.0,15,8,3,0.15,400,GOVERNED,0.25,3.0,0.9,5,8,GOVERNED,3,382,15,1,4,5,5,1,0,0.0,1.0,30.0,0.0,30.0
435,9,400.0,15,8,3,0.15,400,OPEN_LOOP,0.1,1.0,0.9,5,9,OPEN_LOOP,4,400,0,0,0,0,0,0,0,0.0,0.0,40.0,0.0,40.0
418,8,400.0,15,8,3,0.15,400,CLOSED_LOOP,0.5,3.0,0.9,5,8,CLOSED_LOOP,2,151,219,7,109,69,69,13,0,0.0,1.0869565217391304,20.0,0.0,20.0
414,8,400.0,15,8,3,0.15,400,CLOSED_LOOP,0.25,1.0,0.9,5,8,CLOSED_LOOP,2,394,4,0,1,2,2,1,0,0.0,1.0,20.0,0.0,20.0
432,9,400.0,15,8,3,0.15,400,OPEN_LOOP,0.0,1.0,0.9,5,9,OPEN_LOOP,5,400,0,0,0,0,0,0,0,0.0,0.0,50.0,0.0,50.0
428,8,400.0,15,8,3,0.15,400,GOVERNED,0.25,,0.9,5,8,GOVERNED,6,93,286,20,108,71,71,0,0,0.0,1.0,60.0,0.0,60.0
405,8,400.0,15,8,3,0.15,400,COLD_RESTART,0.5,1.0,0.9,5,8,COLD_RESTART,3,371,24,2,8,7,7,1,0,0.0,3.5714285714285716,30.0,0.0,30.0
436,9,400.0,15,8,3,0.15,400,OPEN_LOOP,0.1,3.0,0.9,5,9,OPEN_LOOP,17,386,0,0,0,17,15,14,0,0.11764705882352944,4.266666666666667,170.0,0.0,170.0
441,9,400.0,15,8,3,0.15,400,OPEN_LOOP,0.5,1.0,0.9,5,9,OPEN_LOOP,6,398,0,0,0,2,2,2,0,0.0,1.0,60.0,0.0,60.0
434,9,400.0,15,8,3,0.15,400,OPEN_LOOP,0.0,,0.9,5,9,OPEN_LOOP,24,400,0,0,0,0,0,0,0,0.0,0.0,240.0,0.0,240.0
438,9,400.0,15,8,3,0.15,400,OPEN_LOOP,0.25,1.0,0.9,5,9,OPEN_LOOP,3,399,0,0,0,1,1,1,0,0.0,1.0,30.0,0.0,30.0
442,9,400.0,15,8,3,0.15,400,OPEN_LOOP,0.5,3.0,0.9,5,9,OPEN_LOOP,11,378,0,0,0,27,26,22,0,0.03703703703703709,1.8846153846153846,110.0,0.0,110.0
444,9,400.0,15,8,3,0.15,400,COLD_RESTART,0.0,1.0,0.9,5,9,COLD_RESTART,5,400,0,0,0,0,0,0,0,0.0,0.0,50.0,0.0,50.0
446,9,400.0,15,8,3,0.15,400,COLD_RESTART,0.0,,0.9,5,9,COLD_RESTART,24,400,0,0,0,0,0,0,0,0.0,0.0,240.0,0.0,240.0
443,9,400.0,15,8,3,0.15,400,OPEN_LOOP,0.5,,0.9,5,9,OPEN_LOOP,21,360,0,0,0,67,67,40,0,0.0,1.0,210.0,0.0,210.0
440,9,400.0,15,8,3,0.15,400,OPEN_LOOP,0.25,,0.9,5,9,OPEN_LOOP,24,384,0,0,0,36,35,16,0,0.02777777777777779,1.0,240.0,0.0,240.0
447,9,400.0,15,8,3,0.15,400,COLD_RESTART,0.1,1.0,0.9,5,9,COLD_RESTART,4,400,0,0,0,0,0,0,0,0.0,0.0,40.0,0.0,40.0
437,9,400.0,15,8,3,0.15,400,OPEN_LOOP,0.1,,0.9,5,9,OPEN_LOOP,27,381,0,0,0,22,22,19,0,0.0,1.0,270.0,0.0,270.0
450,9,400.0,15,8,3,0.15,400,COLD_RESTART,0.25,1.0,0.9,5,9,COLD_RESTART,5,372,21,3,2,9,9,3,0,0.0,6.444444444444445,50.0,0.0,50.0
445,9,400.0,15,8,3,0.15,400,COLD_RESTART,0.0,3.0,0.9,5,9,COLD_RESTART,10,400,0,0,0,0,0,0,0,0.0,0.0,100.0,0.0,100.0
453,9,400.0,15,8,3,0.15,400,COLD_RESTART,0.5,1.0,0.9,5,9,COLD_RESTART,5,373,22,1,11,9,8,2,0,0.11111111111111116,1.0,50.0,0.0,50.0
449,9,400.0,15,8,3,0.15,400,COLD_RESTART,0.1,,0.9,5,9,COLD_RESTART,7,236,138,20,22,32,32,6,17,0.0,1.0,70.0,0.0,70.0
431,8,400.0,15,8,3,0.15,400,GOVERNED,0.5,,0.9,5,8,GOVERNED,0,14,376,9,277,93,93,0,0,0.0,1.0,0.0,0.0,0.0
457,9,400.0,15,8,3,0.15,400,CLOSED_LOOP,0.0,3.0,0.9,5,9,CLOSED_LOOP,10,400,0,0,0,0,0,0,0,0.0,0.0,100.0,0.0,100.0
456,9,400.0,15,8,3,0.15,400,CLOSED_LOOP,0.0,1.0,0.9,5,9,CLOSED_LOOP,5,400,0,0,0,0,0,0,0,0.0,0.0,50.0,0.0,50.0
419,8,400.0,15,8,3,0.15,400,CLOSED_LOOP,0.5,,0.9,5,8,CLOSED_LOOP,0,14,376,9,277,93,93,0,0,0.0,1.0,0.0,0.0,0.0
451,9,400.0,15,8,3,0.15,400,COLD_RESTART,0.25,3.0,0.9,5,9,COLD_RESTART,5,169,206,23,61,50,47,2,5,0.06000000000000005,1.3617021276595744,50.0,0.0,50.0
448,9,400.0,15,8,3,0.15,400,COLD_RESTART,0.1,3.0,0.9,5,9,COLD_RESTART,4,330,56,11,4,12,12,2,7,0.0,2.3333333333333335,40.0,0.0,40.0
458,9,400.0,15,8,3,0.15,400,CLOSED_LOOP,0.0,,0.9,5,9,CLOSED_LOOP,24,400,0,0,0,0,0,0,0,0.0,0.0,240.0,0.0,240.0
460,9,400.0,15,8,3,0.15,400,CLOSED_LOOP,0.1,3.0,0.9,5,9,CLOSED_LOOP,7,372,21,4,3,6,6,2,0,0.0,4.0,70.0,0.0,70.0
439,9,400.0,15,8,3,0.15,400,OPEN_LOOP,0.25,3.0,0.9,5,9,OPEN_LOOP,11,394,0,0,0,8,8,6,0,0.0,2.875,110.0,0.0,110.0
462,9,400.0,15,8,3,0.15,400,CLOSED_LOOP,0.25,1.0,0.9,5,9,CLOSED_LOOP,5,372,21,3,2,9,9,3,0,0.0,6.444444444444445,50.0,0.0,50.0
459,9,400.0,15,8,3,0.15,400,CLOSED_LOOP,0.1,1.0,0.9,5,9,CLOSED_LOOP,4,400,0,0,0,0,0,0,0,0.0,0.0,40.0,0.0,40.0
465,9,400.0,15,8,3,0.15,400,CLOSED_LOOP,0.5,1.0,0.9,5,9,CLOSED_LOOP,5,373,22,1,11,9,8,2,0,0.11111111111111116,1.0,50.0,0.0,50.0
452,9,400.0,15,8,3,0.15,400,COLD_RESTART,0.25,,0.9,5,9,COLD_RESTART,0,70,307,20,148,79,79,2,7,0.0,1.0,0.0,0.0,0.0
468,9,400.0,15,8,3,0.15,400,GOVERNED,0.0,1.0,0.9,5,9,GOVERNED,5,400,0,0,0,0,0,0,0,0.0,0.0,50.0,0.0,50.0
463,9,400.0,15,8,3,0.15,400,CLOSED_LOOP,0.25,3.0,0.9,5,9,CLOSED_LOOP,9,222,158,19,38,38,38,1,0,0.0,1.763157894736842,90.0,0.0,90.0
471,9,400.0,15,8,3,0.15,400,GOVERNED,0.1,1.0,0.9,5,9,GOVERNED,4,400,0,0,0,0,0,0,0,0.0,0.0,40.0,0.0,40.0
469,9,400.0,15,8,3,0.15,400,GOVERNED,0.0,3.0,0.9,5,9,GOVERNED,10,400,0,0,0,0,0,0,0,0.0,0.0,100.0,0.0,100.0
454,9,400.0,15,8,3,0.15,400,COLD_RESTART,0.5,3.0,0.9,5,9,COLD_RESTART,2,213,170,14,90,42,42,3,1,0.0,1.0,20.0,0.0,20.0
474,9,400.0,15,8,3,0.15,400,GOVERNED,0.25,1.0,0.9,5,9,GOVERNED,5,372,21,3,2,9,9,3,0,0.0,6.444444444444445,50.0,0.0,50.0
470,9,400.0,15,8,3,0.15,400,GOVERNED,0.0,,0.9,5,9,GOVERNED,24,400,0,0,0,0,0,0,0,0.0,0.0,240.0,0.0,240.0
466,9,400.0,15,8,3,0.15,400,CLOSED_LOOP,0.5,3.0,0.9,5,9,CLOSED_LOOP,1,269,116,4,79,34,34,6,0,0.0,1.1470588235294117,10.0,0.0,10.0
472,9,400.0,15,8,3,0.15,400,GOVERNED,0.1,3.0,0.9,5,9,GOVERNED,7,372,21,4,3,6,6,2,0,0.0,4.0,70.0,0.0,70.0
461,9,400.0,15,8,3,0.15,400,CLOSED_LOOP,0.1,,0.9,5,9,CLOSED_LOOP,12,203,174,22,41,37,37,1,0,0.0,1.0,120.0,0.0,120.0
475,9,400.0,15,8,3,0.15,400,GOVERNED,0.25,3.0,0.9,5,9,GOVERNED,9,222,158,19,38,38,38,1,0,0.0,1.763157894736842,90.0,0.0,90.0
477,9,400.0,15,8,3,0.15,400,GOVERNED,0.5,1.0,0.9,5,9,GOVERNED,5,373,22,1,11,9,8,2,0,0.11111111111111116,1.0,50.0,0.0,50.0
481,10,400.0,15,8,3,0.15,400,OPEN_LOOP,0.0,3.0,0.9,5,10,OPEN_LOOP,9,400,0,0,0,0,0,0,0,0.0,0.0,90.0,0.0,90.0
464,9,400.0,15,8,3,0.15,400,CLOSED_LOOP,0.25,,0.9,5,9,CLOSED_LOOP,6,110,270,19,101,66,66,0,0,0.0,1.0,60.0,0.0,60.0
484,10,400.0,15,8,3,0.15,400,OPEN_LOOP,0.1,3.0,0.9,5,10,OPEN_LOOP,13,391,0,0,0,9,9,9,0,0.0,3.111111111111111,130.0,0.0,130.0
473,9,400.0,15,8,3,0.15,400,GOVERNED,0.1,,0.9,5,9,GOVERNED,12,203,174,22,41,37,37,1,0,0.0,1.0,120.0,0.0,120.0
482,10,400.0,15,8,3,0.15,400,OPEN_LOOP,0.0,,0.9,5,10,OPEN_LOOP,30,400,0,0,0,0,0,0,0,0.0,0.0,300.0,0.0,300.0
480,10,400.0,15,8,3,0.15,400,OPEN_LOOP,0.0,1.0,0.9,5,10,OPEN_LOOP,4,400,0,0,0,0,0,0,0,0.0,0.0,40.0,0.0,40.0
455,9,400.0,15,8,3,0.15,400,COLD_RESTART,0.5,,0.9,5,9,COLD_RESTART,0,13,376,8,339,96,95,2,0,0.01041666666666663,1.0,0.0,0.0,0.0
483,10,400.0,15,8,3,0.15,400,OPEN_LOOP,0.1,1.0,0.9,5,10,OPEN_LOOP,5,399,0,0,0,2,1,1,0,0.5,11.0,50.0,0.0,50.0
486,10,400.0,15,8,3,0.15,400,OPEN_LOOP,0.25,1.0,0.9,5,10,OPEN_LOOP,6,398,0,0,0,2,2,2,0,0.0,1.0,60.0,0.0,60.0
478,9,400.0,15,8,3,0.15,400,GOVERNED,0.5,3.0,0.9,5,9,GOVERNED,1,269,116,4,79,34,34,6,0,0.0,1.1470588235294117,10.0,0.0,10.0
476,9,400.0,15,8,3,0.15,400,GOVERNED,0.25,,0.9,5,9,GOVERNED,6,110,270,19,101,66,66,0,0,0.0,1.0,60.0,0.0,60.0
489,10,400.0,15,8,3,0.15,400,OPEN_LOOP,0.5,1.0,0.9,5,10,OPEN_LOOP,7,393,0,0,0,8,7,7,0,0.125,1.8571428571428572,70.0,0.0,70.0
485,10,400.0,15,8,3,0.15,400,OPEN_LOOP,0.1,,0.9,5,10,OPEN_LOOP,24,384,0,0,0,22,22,16,0,0.0,1.0,240.0,0.0,240.0
488,10,400.0,15,8,3,0.15,400,OPEN_LOOP,0.25,,0.9,5,10,OPEN_LOOP,21,369,0,0,0,53,53,31,0,0.0,1.0,210.0,0.0,210.0
495,10,400.0,15,8,3,0.15,400,COLD_RESTART,0.1,1.0,0.9,5,10,COLD_RESTART,4,393,5,1,0,3,2,1,0,0.33333333333333337,6.0,40.0,0.0,40.0
496,10,400.0,15,8,3,0.15,400,COLD_RESTART,0.1,3.0,0.9,5,10,COLD_RESTART,4,247,129,22,12,29,28,1,10,0.03448275862068961,3.0714285714285716,40.0,0.0,40.0
492,10,400.0,15,8,3,0.15,400,COLD_RESTART,0.0,1.0,0.9,5,10,COLD_RESTART,4,400,0,0,0,0,0,0,0,0.0,0.0,40.0,0.0,40.0
498,10,400.0,15,8,3,0.15,400,COLD_RESTART,0.25,1.0,0.9,5,10,COLD_RESTART,6,390,4,0,3,4,4,3,0,0.0,1.0,60.0,0.0,60.0
490,10,400.0,15,8,3,0.15,400,OPEN_LOOP,0.5,3.0,0.9,5,10,OPEN_LOOP,14,362,0,0,0,46,45,38,0,0.021739130434782594,2.4,140.0,0.0,140.0
491,10,400.0,15,8,3,0.15,400,OPEN_LOOP,0.5,,0.9,5,10,OPEN_LOOP,24,356,0,0,0,70,70,44,0,0.0,1.0,240.0,0.0,240.0
493,10,400.0,15,8,3,0.15,400,COLD_RESTART,0.0,3.0,0.9,5,10,COLD_RESTART,9,400,0,0,0,0,0,0,0,0.0,0.0,90.0,0.0,90.0
487,10,400.0,15,8,3,0.15,400,OPEN_LOOP,0.25,3.0,0.9,5,10,OPEN_LOOP,12,379,0,0,0,24,23,21,0,0.04166666666666663,2.869565217391304,120.0,0.0,120.0
497,10,400.0,15,8,3,0.15,400,COLD_RESTART,0.1,,0.9,5,10,COLD_RESTART,19,293,87,13,10,17,17,7,7,0.0,1.0,190.0,0.0,190.0
494,10,400.0,15,8,3,0.15,400,COLD_RESTART,0.0,,0.9,5,10,COLD_RESTART,30,400,0,0,0,0,0,0,0,0.0,0.0,300.0,0.0,300.0
504,10,400.0,15,8,3,0.15,400,CLOSED_LOOP,0.0,1.0,0.9,5,10,CLOSED_LOOP,4,400,0,0,0,0,0,0,0,0.0,0.0,40.0,0.0,40.0
501,10,400.0,15,8,3,0.15,400,COLD_RESTART,0.5,1.0,0.9,5,10,COLD_RESTART,4,392,5,0,3,4,4,2,0,0.0,3.25,40.0,0.0,40.0
507,10,400.0,15,8,3,0.15,400,CLOSED_LOOP,0.1,1.0,0.9,5,10,CLOSED_LOOP,4,393,5,1,0,3,2,1,0,0.33333333333333337,6.0,40.0,0.0,40.0
505,10,400.0,15,8,3,0.15,400,CLOSED_LOOP,0.0,3.0,0.9,5,10,CLOSED_LOOP,9,400,0,0,0,0,0,0,0,0.0,0.0,90.0,0.0,90.0
467,9,400.0,15,8,3,0.15,400,CLOSED_LOOP,0.5,,0.9,5,9,CLOSED_LOOP,0,13,376,8,339,96,95,2,0,0.01041666666666663,1.0,0.0,0.0,0.0
479,9,400.0,15,8,3,0.15,400,GOVERNED,0.5,,0.9,5,9,GOVERNED,0,13,376,8,339,96,95,2,0,0.01041666666666663,1.0,0.0,0.0,0.0
510,10,400.0,15,8,3,0.15,400,CLOSED_LOOP,0.25,1.0,0.9,5,10,CLOSED_LOOP,6,390,4,0,3,4,4,3,0,0.0,1.0,60.0,0.0,60.0
499,10,400.0,15,8,3,0.15,400,COLD_RESTART,0.25,3.0,0.9,5,10,COLD_RESTART,4,259,116,15,34,32,31,8,3,0.03125,1.3870967741935485,40.0,0.0,40.0
508,10,400.0,15,8,3,0.15,400,CLOSED_LOOP,0.1,3.0,0.9,5,10,CLOSED_LOOP,8,315,69,11,7,19,17,4,0,0.10526315789473684,2.2941176470588234,80.0,0.0,80.0
502,10,400.0,15,8,3,0.15,400,COLD_RESTART,0.5,3.0,0.9,5,10,COLD_RESTART,0,77,303,17,186,75,75,2,0,0.0,1.0,0.0,0.0,0.0
516,10,400.0,15,8,3,0.15,400,GOVERNED,0.0,1.0,0.9,5,10,GOVERNED,4,400,0,0,0,0,0,0,0,0.0,0.0,40.0,0.0,40.0
500,10,400.0,15,8,3,0.15,400,COLD_RESTART,0.25,,0.9,5,10,COLD_RESTART,1,95,274,25,104,66,65,6,8,0.015151515151515138,1.0,10.0,0.0,10.0
506,10,400.0,15,8,3,0.15,400,CLOSED_LOOP,0.0,,0.9,5,10,CLOSED_LOOP,30,400,0,0,0,0,0,0,0,0.0,0.0,300.0,0.0,300.0
519,10,400.0,15,8,3,0.15,400,GOVERNED,0.1,1.0,0.9,5,10,GOVERNED,4,393,5,1,0,3,2,1,0,0.33333333333333337,6.0,40.0,0.0,40.0
514,10,400.0,15,8,3,0.15,400,CLOSED_LOOP,0.5,3.0,0.9,5,10,CLOSED_LOOP,0,77,303,17,186,75,75,2,0,0.0,1.0,0.0,0.0,0.0
513,10,400.0,15,8,3,0.15,400,CLOSED_LOOP,0.5,1.0,0.9,5,10,CLOSED_LOOP,4,392,5,0,3,4,4,2,0,0.0,3.25,40.0,0.0,40.0
511,10,400.0,15,8,3,0.15,400,CLOSED_LOOP,0.25,3.0,0.9,5,10,CLOSED_LOOP,6,175,201,22,59,52,49,1,0,0.05769230769230771,1.6938775510204083,60.0,0.0,60.0
509,10,400.0,15,8,3,0.15,400,CLOSED_LOOP,0.1,,0.9,5,10,CLOSED_LOOP,21,299,86,9,10,21,20,5,0,0.04761904761904767,1.0,210.0,0.0,210.0
523,10,400.0,15,8,3,0.15,400,GOVERNED,0.25,3.0,0.9,5,10,GOVERNED,6,175,201,22,59,52,49,1,0,0.05769230769230771,1.6938775510204083,60.0,0.0,60.0
518,10,400.0,15,8,3,0.15,400,GOVERNED,0.0,,0.9,5,10,GOVERNED,30,400,0,0,0,0,0,0,0,0.0,0.0,300.0,0.0,300.0
521,10,400.0,15,8,3,0.15,400,GOVERNED,0.1,,0.9,5,10,GOVERNED,21,299,86,9,10,21,20,5,0,0.04761904761904767,1.0,210.0,0.0,210.0
520,10,400.0,15,8,3,0.15,400,GOVERNED,0.1,3.0,0.9,5,10,GOVERNED,8,315,69,11,7,19,17,4,0,0.10526315789473684,2.2941176470588234,80.0,0.0,80.0
512,10,400.0,15,8,3,0.15,400,CLOSED_LOOP,0.25,,0.9,5,10,CLOSED_LOOP,6,100,273,24,106,64,64,2,0,0.0,1.0,60.0,0.0,60.0
528,11,400.0,15,8,3,0.15,400,OPEN_LOOP,0.0,1.0,0.9,5,11,OPEN_LOOP,3,400,0,0,0,0,0,0,0,0.0,0.0,30.0,0.0,30.0
515,10,400.0,15,8,3,0.15,400,CLOSED_LOOP,0.5,,0.9,5,10,CLOSED_LOOP,0,10,379,9,328,106,106,1,0,0.0,1.0,0.0,0.0,0.0
517,10,400.0,15,8,3,0.15,400,GOVERNED,0.0,3.0,0.9,5,10,GOVERNED,9,400,0,0,0,0,0,0,0,0.0,0.0,90.0,0.0,90.0
531,11,400.0,15,8,3,0.15,400,OPEN_LOOP,0.1,1.0,0.9,5,11,OPEN_LOOP,4,398,0,0,0,2,2,2,0,0.0,1.0,40.0,0.0,40.0
532,11,400.0,15,8,3,0.15,400,OPEN_LOOP,0.1,3.0,0.9,5,11,OPEN_LOOP,8,396,0,0,0,7,5,4,0,0.2857142857142857,3.4,80.0,0.0,80.0
534,11,400.0,15,8,3,0.15,400,OPEN_LOOP,0.25,1.0,0.9,5,11,OPEN_LOOP,6,399,0,0,0,1,1,1,0,0.0,1.0,60.0,0.0,60.0
529,11,400.0,15,8,3,0.15,400,OPEN_LOOP,0.0,3.0,0.9,5,11,OPEN_LOOP,7,400,0,0,0,0,0,0,0,0.0,0.0,70.0,0.0,70.0
535,11,400.0,15,8,3,0.15,400,OPEN_LOOP,0.25,3.0,0.9,5,11,OPEN_LOOP,3,398,0,0,0,2,2,2,0,0.0,1.0,30.0,0.0,30.0
503,10,400.0,15,8,3,0.15,400,COLD_RESTART,0.5,,0.9,5,10,COLD_RESTART,0,10,379,9,328,106,106,1,0,0.0,1.0,0.0,0.0,0.0
525,10,400.0,15,8,3,0.15,400,GOVERNED,0.5,1.0,0.9,5,10,GOVERNED,4,392,5,0,3,4,4,2,0,0.0,3.25,40.0,0.0,40.0
530,11,400.0,15,8,3,0.15,400,OPEN_LOOP,0.0,,0.9,5,11,OPEN_LOOP,27,400,0,0,0,0,0,0,0,0.0,0.0,270.0,0.0,270.0
537,11,400.0,15,8,3,0.15,400,OPEN_LOOP,0.5,1.0,0.9,5,11,OPEN_LOOP,3,396,0,0,0,4,4,4,0,0.0,1.0,30.0,0.0,30.0
524,10,400.0,15,8,3,0.15,400,GOVERNED,0.25,,0.9,5,10,GOVERNED,6,100,273,24,106,64,64,2,0,0.0,1.0,60.0,0.0,60.0
540,11,400.0,15,8,3,0.15,400,COLD_RESTART,0.0,1.0,0.9,5,11,COLD_RESTART,3,400,0,0,0,0,0,0,0,0.0,0.0,30.0,0.0,30.0
533,11,400.0,15,8,3,0.15,400,OPEN_LOOP,0.1,,0.9,5,11,OPEN_LOOP,24,383,0,0,0,21,21,17,0,0.0,1.0,240.0,0.0,240.0
541,11,400.0,15,8,3,0.15,400,COLD_RESTART,0.0,3.0,0.9,5,11,COLD_RESTART,7,400,0,0,0,0,0,0,0,0.0,0.0,70.0,0.0,70.0
538,11,400.0,15,8,3,0.15,400,OPEN_LOOP,0.5,3.0,0.9,5,11,OPEN_LOOP,9,389,0,0,0,15,15,11,0,0.0,1.3333333333333333,90.0,0.0,90.0
522,10,400.0,15,8,3,0.15,400,GOVERNED,0.25,1.0,0.9,5,10,GOVERNED,6,390,4,0,3,4,4,3,0,0.0,1.0,60.0,0.0,60.0
539,11,400.0,15,8,3,0.15,400,OPEN_LOOP,0.5,,0.9,5,11,OPEN_LOOP,24,353,0,0,0,78,78,47,0,0.0,1.0,240.0,0.0,240.0
543,11,400.0,15,8,3,0.15,400,COLD_RESTART,0.1,1.0,0.9,5,11,COLD_RESTART,6,387,10,2,0,4,3,1,0,0.25,5.0,60.0,0.0,60.0
546,11,400.0,15,8,3,0.15,400,COLD_RESTART,0.25,1.0,0.9,5,11,COLD_RESTART,2,376,15,1,4,8,8,5,0,0.0,2.0,20.0,0.0,20.0
542,11,400.0,15,8,3,0.15,400,COLD_RESTART,0.0,,0.9,5,11,COLD_RESTART,27,400,0,0,0,0,0,0,0,0.0,0.0,270.0,0.0,270.0
526,10,400.0,15,8,3,0.15,400,GOVERNED,0.5,3.0,0.9,5,10,GOVERNED,0,77,303,17,186,75,75,2,0,0.0,1.0,0.0,0.0,0.0
549,11,400.0,15,8,3,0.15,400,COLD_RESTART,0.5,1.0,0.9,5,11,COLD_RESTART,4,378,12,1,7,7,7,5,0,0.0,1.5714285714285714,40.0,0.0,40.0
547,11,400.0,15,8,3,0.15,400,COLD_RESTART,0.25,3.0,0.9,5,11,COLD_RESTART,3,359,37,3,18,11,11,1,0,0.0,1.5454545454545454,30.0,0.0,30.0
527,10,400.0,15,8,3,0.15,400,GOVERNED,0.5,,0.9,5,10,GOVERNED,0,10,379,9,328,106,106,1,0,0.0,1.0,0.0,0.0,0.0
536,11,400.0,15,8,3,0.15,400,OPEN_LOOP,0.25,,0.9,5,11,OPEN_LOOP,21,372,0,0,0,47,47,28,0,0.0,1.0,210.0,0.0,210.0
553,11,400.0,15,8,3,0.15,400,CLOSED_LOOP,0.0,3.0,0.9,5,11,CLOSED_LOOP,7,400,0,0,0,0,0,0,0,0.0,0.0,70.0,0.0,70.0
554,11,400.0,15,8,3,0.15,400,CLOSED_LOOP,0.0,,0.9,5,11,CLOSED_LOOP,27,400,0,0,0,0,0,0,0,0.0,0.0,270.0,0.0,270.0
545,11,400.0,15,8,3,0.15,400,COLD_RESTART,0.1,,0.9,5,11,COLD_RESTART,16,274,103,14,14,22,22,8,6,0.0,1.0,160.0,0.0,160.0
552,11,400.0,15,8,3,0.15,400,CLOSED_LOOP,0.0,1.0,0.9,5,11,CLOSED_LOOP,3,400,0,0,0,0,0,0,0,0.0,0.0,30.0,0.0,30.0
555,11,400.0,15,8,3,0.15,400,CLOSED_LOOP,0.1,1.0,0.9,5,11,CLOSED_LOOP,6,387,10,2,0,4,3,1,0,0.25,5.0,60.0,0.0,60.0
559,11,400.0,15,8,3,0.15,400,CLOSED_LOOP,0.25,3.0,0.9,5,11,CLOSED_LOOP,3,359,37,3,18,11,11,1,0,0.0,1.5454545454545454,30.0,0.0,30.0
548,11,400.0,15,8,3,0.15,400,COLD_RESTART,0.25,,0.9,5,11,COLD_RESTART,3,103,272,21,87,71,70,3,8,0.014084507042253502,1.0,30.0,0.0,30.0
558,11,400.0,15,8,3,0.15,400,CLOSED_LOOP,0.25,1.0,0.9,5,11,CLOSED_LOOP,2,376,15,1,4,8,8,5,0,0.0,2.0,20.0,0.0,20.0
561,11,400.0,15,8,3,0.15,400,CLOSED_LOOP,0.5,1.0,0.9,5,11,CLOSED_LOOP,4,378,12,1,7,7,7,5,0,0.0,1.5714285714285714,40.0,0.0,40.0
564,11,400.0,15,8,3,0.15,400,GOVERNED,0.0,1.0,0.9,5,11,GOVERNED,3,400,0,0,0,0,0,0,0,0.0,0.0,30.0,0.0,30.0
556,11,400.0,15,8,3,0.15,400,CLOSED_LOOP,0.1,3.0,0.9,5,11,CLOSED_LOOP,7,331,59,8,11,17,17,2,0,0.0,2.4705882352941178,70.0,0.0,70.0
557,11,400.0,15,8,3,0.15,400,CLOSED_LOOP,0.1,,0.9,5,11,CLOSED_LOOP,21,286,92,14,8,20,20,7,0,0.0,1.0,210.0,0.0,210.0
544,11,400.0,15,8,3,0.15,400,COLD_RESTART,0.1,3.0,0.9,5,11,COLD_RESTART,7,331,59,8,11,17,17,2,0,0.0,2.4705882352941178,70.0,0.0,70.0
567,11,400.0,15,8,3,0.15,400,GOVERNED,0.1,1.0,0.9,5,11,GOVERNED,6,387,10,2,0,4,3,1,0,0.25,5.0,60.0,0.0,60.0
550,11,400.0,15,8,3,0.15,400,COLD_RESTART,0.5,3.0,0.9,5,11,COLD_RESTART,1,79,305,6,146,91,91,7,0,0.0,1.021978021978022,10.0,0.0,10.0
565,11,400.0,15,8,3,0.15,400,GOVERNED,0.0,3.0,0.9,5,11,GOVERNED,7,400,0,0,0,0,0,0,0,0.0,0.0,70.0,0.0,70.0
568,11,400.0,15,8,3,0.15,400,GOVERNED,0.1,3.0,0.9,5,11,GOVERNED,7,331,59,8,11,17,17,2,0,0.0,2.4705882352941178,70.0,0.0,70.0
551,11,400.0,15,8,3,0.15,400,COLD_RESTART,0.5,,0.9,5,11,COLD_RESTART,0,8,383,8,327,96,96,0,0,0.0,1.0,0.0,0.0,0.0
570,11,400.0,15,8,3,0.15,400,GOVERNED,0.25,1.0,0.9,5,11,GOVERNED,2,376,15,1,4,8,8,5,0,0.0,2.0,20.0,0.0,20.0
560,11,400.0,15,8,3,0.15,400,CLOSED_LOOP,0.25,,0.9,5,11,CLOSED_LOOP,3,61,317,20,121,80,80,1,0,0.0,1.0,30.0,0.0,30.0
576,12,400.0,15,8,3,0.15,400,OPEN_LOOP,0.0,1.0,0.9,5,12,OPEN_LOOP,3,400,0,0,0,0,0,0,0,0.0,0.0,30.0,0.0,30.0
573,11,400.0,15,8,3,0.15,400,GOVERNED,0.5,1.0,0.9,5,11,GOVERNED,4,378,12,1,7,7,7,5,0,0.0,1.5714285714285714,40.0,0.0,40.0
566,11,400.0,15,8,3,0.15,400,GOVERNED,0.0,,0.9,5,11,GOVERNED,27,400,0,0,0,0,0,0,0,0.0,0.0,270.0,0.0,270.0
579,12,400.0,15,8,3,0.15,400,OPEN_LOOP,0.1,1.0,0.9,5,12,OPEN_LOOP,3,400,0,0,0,0,0,0,0,0.0,0.0,30.0,0.0,30.0
571,11,400.0,15,8,3,0.15,400,GOVERNED,0.25,3.0,0.9,5,11,GOVERNED,3,359,37,3,18,11,11,1,0,0.0,1.5454545454545454,30.0,0.0,30.0
562,11,400.0,15,8,3,0.15,400,CLOSED_LOOP,0.5,3.0,0.9,5,11,CLOSED_LOOP,1,79,305,6,146,91,91,7,0,0.0,1.021978021978022,10.0,0.0,10.0
577,12,400.0,15,8,3,0.15,400,OPEN_LOOP,0.0,3.0,0.9,5,12,OPEN_LOOP,7,400,0,0,0,0,0,0,0,0.0,0.0,70.0,0.0,70.0
578,12,400.0,15,8,3,0.15,400,OPEN_LOOP,0.0,,0.9,5,12,OPEN_LOOP,24,400,0,0,0,0,0,0,0,0.0,0.0,240.0,0.0,240.0
574,11,400.0,15,8,3,0.15,400,GOVERNED,0.5,3.0,0.9,5,11,GOVERNED,1,79,305,6,146,91,91,7,0,0.0,1.021978021978022,10.0,0.0,10.0
569,11,400.0,15,8,3,0.15,400,GOVERNED,0.1,,0.9,5,11,GOVERNED,21,286,92,14,8,20,20,7,0,0.0,1.0,210.0,0.0,210.0
582,12,400.0,15,8,3,0.15,400,OPEN_LOOP,0.25,1.0,0.9,5,12,OPEN_LOOP,2,400,0,0,0,0,0,0,0,0.0,0.0,20.0,0.0,20.0
572,11,400.0,15,8,3,0.15,400,GOVERNED,0.25,,0.9,5,11,GOVERNED,3,61,317,20,121,80,80,1,0,0.0,1.0,30.0,0.0,30.0
580,12,400.0,15,8,3,0.15,400,OPEN_LOOP,0.1,3.0,0.9,5,12,OPEN_LOOP,7,397,0,0,0,3,3,3,0,0.0,2.0,70.0,0.0,70.0
585,12,400.0,15,8,3,0.15,400,OPEN_LOOP,0.5,1.0,0.9,5,12,OPEN_LOOP,5,392,0,0,0,8,8,8,0,0.0,2.0,50.0,0.0,50.0
586,12,400.0,15,8,3,0.15,400,OPEN_LOOP,0.5,3.0,0.9,5,12,OPEN_LOOP,11,378,0,0,0,30,27,22,0,0.09999999999999998,2.3703703703703702,110.0,0.0,110.0
589,12,400.0,15,8,3,0.15,400,COLD_RESTART,0.0,3.0,0.9,5,12,COLD_RESTART,7,400,0,0,0,0,0,0,0,0.0,0.0,70.0,0.0,70.0
588,12,400.0,15,8,3,0.15,400,COLD_RESTART,0.0,1.0,0.9,5,12,COLD_RESTART,3,400,0,0,0,0,0,0,0,0.0,0.0,30.0,0.0,30.0
592,12,400.0,15,8,3,0.15,400,COLD_RESTART,0.1,3.0,0.9,5,12,COLD_RESTART,5,387,10,2,0,2,2,1,0,0.0,2.5,50.0,0.0,50.0
563,11,400.0,15,8,3,0.15,400,CLOSED_LOOP,0.5,,0.9,5,11,CLOSED_LOOP,0,8,383,8,327,96,96,0,0,0.0,1.0,0.0,0.0,0.0
591,12,400.0,15,8,3,0.15,400,COLD_RESTART,0.1,1.0,0.9,5,12,COLD_RESTART,3,400,0,0,0,0,0,0,0,0.0,0.0,30.0,0.0,30.0
590,12,400.0,15,8,3,0.15,400,COLD_RESTART,0.0,,0.9,5,12,COLD_RESTART,24,400,0,0,0,0,0,0,0,0.0,0.0,240.0,0.0,240.0
575,11,400.0,15,8,3,0.15,400,GOVERNED,0.5,,0.9,5,11,GOVERNED,0,8,383,8,327,96,96,0,0,0.0,1.0,0.0,0.0,0.0
583,12,400.0,15,8,3,0.15,400,OPEN_LOOP,0.25,3.0,0.9,5,12,OPEN_LOOP,10,388,0,0,0,15,14,12,0,0.06666666666666665,2.0714285714285716,100.0,0.0,100.0
594,12,400.0,15,8,3,0.15,400,COLD_RESTART,0.25,1.0,0.9,5,12,COLD_RESTART,2,400,0,0,0,0,0,0,0,0.0,0.0,20.0,0.0,20.0
600,12,400.0,15,8,3,0.15,400,CLOSED_LOOP,0.0,1.0,0.9,5,12,CLOSED_LOOP,3,400,0,0,0,0,0,0,0,0.0,0.0,30.0,0.0,30.0
601,12,400.0,15,8,3,0.15,400,CLOSED_LOOP,0.0,3.0,0.9,5,12,CLOSED_LOOP,7,400,0,0,0,0,0,0,0,0.0,0.0,70.0,0.0,70.0
595,12,400.0,15,8,3,0.15,400,COLD_RESTART,0.25,3.0,0.9,5,12,COLD_RESTART,2,358,38,4,19,9,9,0,0,0.0,1.0,20.0,0.0,20.0
581,12,400.0,15,8,3,0.15,400,OPEN_LOOP,0.1,,0.9,5,12,OPEN_LOOP,24,385,0,0,0,26,26,15,0,0.0,1.0,240.0,0.0,240.0
603,12,400.0,15,8,3,0.15,400,CLOSED_LOOP,0.1,1.0,0.9,5,12,CLOSED_LOOP,3,400,0,0,0,0,0,0,0,0.0,0.0,30.0,0.0,30.0
597,12,400.0,15,8,3,0.15,400,COLD_RESTART,0.5,1.0,0.9,5,12,COLD_RESTART,3,382,14,1,6,6,6,1,0,0.0,1.0,30.0,0.0,30.0
593,12,400.0,15,8,3,0.15,400,COLD_RESTART,0.1,,0.9,5,12,COLD_RESTART,11,232,144,20,30,31,31,4,7,0.0,1.0,110.0,0.0,110.0
604,12,400.0,15,8,3,0.15,400,CLOSED_LOOP,0.1,3.0,0.9,5,12,CLOSED_LOOP,5,387,10,2,0,2,2,1,0,0.0,2.5,50.0,0.0,50.0
606,12,400.0,15,8,3,0.15,400,CLOSED_LOOP,0.25,1.0,0.9,5,12,CLOSED_LOOP,2,400,0,0,0,0,0,0,0,0.0,0.0,20.0,0.0,20.0
587,12,400.0,15,8,3,0.15,400,OPEN_LOOP,0.5,,0.9,5,12,OPEN_LOOP,21,353,0,0,0,70,69,47,0,0.014285714285714235,1.0,210.0,0.0,210.0
584,12,400.0,15,8,3,0.15,400,OPEN_LOOP,0.25,,0.9,5,12,OPEN_LOOP,21,366,0,0,0,54,53,34,0,0.01851851851851849,1.0,210.0,0.0,210.0
609,12,400.0,15,8,3,0.15,400,CLOSED_LOOP,0.5,1.0,0.9,5,12,CLOSED_LOOP,3,382,14,1,6,6,6,1,0,0.0,1.0,30.0,0.0,30.0
596,12,400.0,15,8,3,0.15,400,COLD_RESTART,0.25,,0.9,5,12,COLD_RESTART,6,112,260,22,94,68,68,6,10,0.0,1.0,60.0,0.0,60.0
612,12,400.0,15,8,3,0.15,400,GOVERNED,0.0,1.0,0.9,5,12,GOVERNED,3,400,0,0,0,0,0,0,0,0.0,0.0,30.0,0.0,30.0
602,12,400.0,15,8,3,0.15,400,CLOSED_LOOP,0.0,,0.9,5,12,CLOSED_LOOP,24,400,0,0,0,0,0,0,0,0.0,0.0,240.0,0.0,240.0
607,12,400.0,15,8,3,0.15,400,CLOSED_LOOP,0.25,3.0,0.9,5,12,CLOSED_LOOP,2,358,38,4,19,9,9,0,0,0.0,1.0,20.0,0.0,20.0
598,12,400.0,15,8,3,0.15,400,COLD_RESTART,0.5,3.0,0.9,5,12,COLD_RESTART,0,182,196,11,94,56,52,7,0,0.0714285714285714,1.1923076923076923,0.0,0.0,0.0
613,12,400.0,15,8,3,0.15,400,GOVERNED,0.0,3.0,0.9,5,12,GOVERNED,7,400,0,0,0,0,0,0,0,0.0,0.0,70.0,0.0,70.0
615,12,400.0,15,8,3,0.15,400,GOVERNED,0.1,1.0,0.9,5,12,GOVERNED,3,400,0,0,0,0,0,0,0,0.0,0.0,30.0,0.0,30.0
605,12,400.0,15,8,3,0.15,400,CLOSED_LOOP,0.1,,0.9,5,12,CLOSED_LOOP,18,290,90,15,10,19,19,5,0,0.0,1.0,180.0,0.0,180.0
616,12,400.0,15,8,3,0.15,400,GOVERNED,0.1,3.0,0.9,5,12,GOVERNED,5,387,10,2,0,2,2,1,0,0.0,2.5,50.0,0.0,50.0
599,12,400.0,15,8,3,0.15,400,COLD_RESTART,0.5,,0.9,5,12,COLD_RESTART,0,18,373,7,243,94,94,1,0,0.0,1.0,0.0,0.0,0.0
618,12,400.0,15,8,3,0.15,400,GOVERNED,0.25,1.0,0.9,5,12,GOVERNED,2,400,0,0,0,0,0,0,0,0.0,0.0,20.0,0.0,20.0
608,12,400.0,15,8,3,0.15,400,CLOSED_LOOP,0.25,,0.9,5,12,CLOSED_LOOP,12,171,204,22,48,46,46,2,0,0.0,1.0,120.0,0.0,120.0
624,13,400.0,15,8,3,0.15,400,OPEN_LOOP,0.0,1.0,0.9,5,13,OPEN_LOOP,5,400,0,0,0,0,0,0,0,0.0,0.0,50.0,0.0,50.0
621,12,400.0,15,8,3,0.15,400,GOVERNED,0.5,1.0,0.9,5,12,GOVERNED,3,382,14,1,6,6,6,1,0,0.0,1.0,30.0,0.0,30.0
610,12,400.0,15,8,3,0.15,400,CLOSED_LOOP,0.5,3.0,0.9,5,12,CLOSED_LOOP,0,182,196,11,94,56,52,7,0,0.0714285714285714,1.1923076923076923,0.0,0.0,0.0
619,12,400.0,15,8,3,0.15,400,GOVERNED,0.25,3.0,0.9,5,12,GOVERNED,2,358,38,4,19,9,9,0,0,0.0,1.0,20.0,0.0,20.0
625,13,400.0,15,8,3,0.15,400,OPEN_LOOP,0.0,3.0,0.9,5,13,OPEN_LOOP,11,400,0,0,0,0,0,0,0,0.0,0.0,110.0,0.0,110.0
620,12,400.0,15,8,3,0.15,400,GOVERNED,0.25,,0.9,5,12,GOVERNED,12,171,204,22,48,46,46,2,0,0.0,1.0,120.0,0.0,120.0
628,13,400.0,15,8,3,0.15,400,OPEN_LOOP,0.1,3.0,0.9,5,13,OPEN_LOOP,16,392,0,0,0,7,7,8,0,0.0,4.714285714285714,160.0,0.0,160.0
627,13,400.0,15,8,3,0.15,400,OPEN_LOOP,0.1,1.0,0.9,5,13,OPEN_LOOP,5,400,0,0,0,0,0,0,0,0.0,0.0,50.0,0.0,50.0
630,13,400.0,15,8,3,0.15,400,OPEN_LOOP,0.25,1.0,0.9,5,13,OPEN_LOOP,4,400,0,0,0,0,0,0,0,0.0,0.0,40.0,0.0,40.0
629,13,400.0,15,8,3,0.15,400,OPEN_LOOP,0.1,,0.9,5,13,OPEN_LOOP,24,383,0,0,0,23,23,17,0,0.0,1.0,240.0,0.0,240.0
617,12,400.0,15,8,3,0.15,400,GOVERNED,0.1,,0.9,5,12,GOVERNED,18,290,90,15,10,19,19,5,0,0.0,1.0,180.0,0.0,180.0
631,13,400.0,15,8,3,0.15,400,OPEN_LOOP,0.25,3.0,0.9,5,13,OPEN_LOOP,10,391,0,0,0,11,11,9,0,0.0,2.8181818181818183,100.0,0.0,100.0
633,13,400.0,15,8,3,0.15,400,OPEN_LOOP,0.5,1.0,0.9,5,13,OPEN_LOOP,4,392,0,0,0,8,8,8,0,0.0,1.0,40.0,0.0,40.0
622,12,400.0,15,8,3,0.15,400,GOVERNED,0.5,3.0,0.9,5,12,GOVERNED,0,182,196,11,94,56,52,7,0,0.0714285714285714,1.1923076923076923,0.0,0.0,0.0
636,13,400.0,15,8,3,0.15,400,COLD_RESTART,0.0,1.0,0.9,5,13,COLD_RESTART,5,400,0,0,0,0,0,0,0,0.0,0.0,50.0,0.0,50.0
639,13,400.0,15,8,3,0.15,400,COLD_RESTART,0.1,1.0,0.9,5,13,COLD_RESTART,5,400,0,0,0,0,0,0,0,0.0,0.0,50.0,0.0,50.0
623,12,400.0,15,8,3,0.15,400,GOVERNED,0.5,,0.9,5,12,GOVERNED,0,18,373,7,243,94,94,1,0,0.0,1.0,0.0,0.0,0.0
637,13,400.0,15,8,3,0.15,400,COLD_RESTART,0.0,3.0,0.9,5,13,COLD_RESTART,11,400,0,0,0,0,0,0,0,0.0,0.0,110.0,0.0,110.0
626,13,400.0,15,8,3,0.15,400,OPEN_LOOP,0.0,,0.9,5,13,OPEN_LOOP,30,400,0,0,0,0,0,0,0,0.0,0.0,300.0,0.0,300.0
635,13,400.0,15,8,3,0.15,400,OPEN_LOOP,0.5,,0.9,5,13,OPEN_LOOP,24,358,0,0,0,70,70,42,0,0.0,1.0,240.0,0.0,240.0
638,13,400.0,15,8,3,0.15,400,COLD_RESTART,0.0,,0.9,5,13,COLD_RESTART,30,400,0,0,0,0,0,0,0,0.0,0.0,300.0,0.0,300.0
614,12,400.0,15,8,3,0.15,400,GOVERNED,0.0,,0.9,5,12,GOVERNED,24,400,0,0,0,0,0,0,0,0.0,0.0,240.0,0.0,240.0
634,13,400.0,15,8,3,0.15,400,OPEN_LOOP,0.5,3.0,0.9,5,13,OPEN_LOOP,12,381,0,0,0,26,26,19,0,0.0,1.1538461538461537,120.0,0.0,120.0
640,13,400.0,15,8,3,0.15,400,COLD_RESTART,0.1,3.0,0.9,5,13,COLD_RESTART,9,360,33,5,3,10,9,2,3,0.09999999999999998,1.6666666666666667,90.0,0.0,90.0
643,13,400.0,15,8,3,0.15,400,COLD_RESTART,0.25,3.0,0.9,5,13,COLD_RESTART,6,269,115,13,37,26,26,2,2,0.0,1.3846153846153846,60.0,0.0,60.0
642,13,400.0,15,8,3,0.15,400,COLD_RESTART,0.25,1.0,0.9,5,13,COLD_RESTART,4,400,0,0,0,0,0,0,0,0.0,0.0,40.0,0.0,40.0
645,13,400.0,15,8,3,0.15,400,COLD_RESTART,0.5,1.0,0.9,5,13,COLD_RESTART,4,380,14,0,5,7,7,3,0,0.0,2.4285714285714284,40.0,0.0,40.0
641,13,400.0,15,8,3,0.15,400,COLD_RESTART,0.1,,0.9,5,13,COLD_RESTART,7,164,200,29,33,44,44,7,18,0.0,1.0,70.0,0.0,70.0
649,13,400.0,15,8,3,0.15,400,CLOSED_LOOP,0.0,3.0,0.9,5,13,CLOSED_LOOP,11,400,0,0,0,0,0,0,0,0.0,0.0,110.0,0.0,110.0
648,13,400.0,15,8,3,0.15,400,CLOSED_LOOP,0.0,1.0,0.9,5,13,CLOSED_LOOP,5,400,0,0,0,0,0,0,0,0.0,0.0,50.0,0.0,50.0
651,13,400.0,15,8,3,0.15,400,CLOSED_LOOP,0.1,1.0,0.9,5,13,CLOSED_LOOP,5,400,0,0,0,0,0,0,0,0.0,0.0,50.0,0.0,50.0
611,12,400.0,15,8,3,0.15,400,CLOSED_LOOP,0.5,,0.9,5,12,CLOSED_LOOP,0,18,373,7,243,94,94,1,0,0.0,1.0,0.0,0.0,0.0
632,13,400.0,15,8,3,0.15,400,OPEN_LOOP,0.25,,0.9,5,13,OPEN_LOOP,21,375,0,0,0,51,51,25,0,0.0,1.0,210.0,0.0,210.0
654,13,400.0,15,8,3,0.15,400,CLOSED_LOOP,0.25,1.0,0.9,5,13,CLOSED_LOOP,4,400,0,0,0,0,0,0,0,0.0,0.0,40.0,0.0,40.0
652,13,400.0,15,8,3,0.15,400,CLOSED_LOOP,0.1,3.0,0.9,5,13,CLOSED_LOOP,13,362,30,6,0,7,7,2,0,0.0,5.285714285714286,130.0,0.0,130.0
655,13,400.0,15,8,3,0.15,400,CLOSED_LOOP,0.25,3.0,0.9,5,13,CLOSED_LOOP,6,275,110,12,37,26,26,2,0,0.0,1.3846153846153846,60.0,0.0,60.0
657,13,400.0,15,8,3,0.15,400,CLOSED_LOOP,0.5,1.0,0.9,5,13,CLOSED_LOOP,4,380,14,0,5,7,7,3,0,0.0,2.4285714285714284,40.0,0.0,40.0
650,13,400.0,15,8,3,0.15,400,CLOSED_LOOP,0.0,,0.9,5,13,CLOSED_LOOP,30,400,0,0,0,0,0,0,0,0.0,0.0,300.0,0.0,300.0
660,13,400.0,15,8,3,0.15,400,GOVERNED,0.0,1.0,0.9,5,13,GOVERNED,5,400,0,0,0,0,0,0,0,0.0,0.0,50.0,0.0,50.0
646,13,400.0,15,8,3,0.15,400,COLD_RESTART,0.5,3.0,0.9,5,13,COLD_RESTART,3,139,236,7,129,70,69,9,0,0.014285714285714235,1.0434782608695652,30.0,0.0,30.0
653,13,400.0,15,8,3,0.15,400,CLOSED_LOOP,0.1,,0.9,5,13,CLOSED_LOOP,21,308,72,11,5,16,16,9,0,0.0,1.0,210.0,0.0,210.0
661,13,400.0,15,8,3,0.15,400,GOVERNED,0.0,3.0,0.9,5,13,GOVERNED,11,400,0,0,0,0,0,0,0,0.0,0.0,110.0,0.0,110.0
663,13,400.0,15,8,3,0.15,400,GOVERNED,0.1,1.0,0.9,5,13,GOVERNED,5,400,0,0,0,0,0,0,0,0.0,0.0,50.0,0.0,50.0
644,13,400.0,15,8,3,0.15,400,COLD_RESTART,0.25,,0.9,5,13,COLD_RESTART,0,52,319,23,139,78,78,5,9,0.0,1.0,0.0,0.0,0.0
662,13,400.0,15,8,3,0.15,400,GOVERNED,0.0,,0.9,5,13,GOVERNED,30,400,0,0,0,0,0,0,0,0.0,0.0,300.0,0.0,300.0
667,13,400.0,15,8,3,0.15,400,GOVERNED,0.25,3.0,0.9,5,13,GOVERNED,6,275,110,12,37,26,26,2,0,0.0,1.3846153846153846,60.0,0.0,60.0
664,13,400.0,15,8,3,0.15,400,GOVERNED,0.1,3.0,0.9,5,13,GOVERNED,13,362,30,6,0,7,7,2,0,0.0,5.285714285714286,130.0,0.0,130.0
666,13,400.0,15,8,3,0.15,400,GOVERNED,0.25,1.0,0.9,5,13,GOVERNED,4,400,0,0,0,0,0,0,0,0.0,0.0,40.0,0.0,40.0
672,14,400.0,15,8,3,0.15,400,OPEN_LOOP,0.0,1.0,0.9,5,14,OPEN_LOOP,5,400,0,0,0,0,0,0,0,0.0,0.0,50.0,0.0,50.0
658,13,400.0,15,8,3,0.15,400,CLOSED_LOOP,0.5,3.0,0.9,5,13,CLOSED_LOOP,3,139,236,7,129,70,69,9,0,0.014285714285714235,1.0434782608695652,30.0,0.0,30.0
669,13,400.0,15,8,3,0.15,400,GOVERNED,0.5,1.0,0.9,5,13,GOVERNED,4,380,14,0,5,7,7,3,0,0.0,2.4285714285714284,40.0,0.0,40.0
670,13,400.0,15,8,3,0.15,400,GOVERNED,0.5,3.0,0.9,5,13,GOVERNED,3,139,236,7,129,70,69,9,0,0.014285714285714235,1.0434782608695652,30.0,0.0,30.0
665,13,400.0,15,8,3,0.15,400,GOVERNED,0.1,,0.9,5,13,GOVERNED,21,308,72,11,5,16,16,9,0,0.0,1.0,210.0,0.0,210.0
675,14,400.0,15,8,3,0.15,400,OPEN_LOOP,0.1,1.0,0.9,5,14,OPEN_LOOP,3,400,0,0,0,0,0,0,0,0.0,0.0,30.0,0.0,30.0
674,14,400.0,15,8,3,0.15,400,OPEN_LOOP,0.0,,0.9,5,14,OPEN_LOOP,24,400,0,0,0,0,0,0,0,0.0,0.0,240.0,0.0,240.0
647,13,400.0,15,8,3,0.15,400,COLD_RESTART,0.5,,0.9,5,13,COLD_RESTART,0,3,393,3,311,99,99,0,0,0.0,1.0,0.0,0.0,0.0
668,13,400.0,15,8,3,0.15,400,GOVERNED,0.25,,0.9,5,13,GOVERNED,6,101,277,20,99,70,70,2,0,0.0,1.0,60.0,0.0,60.0
656,13,400.0,15,8,3,0.15,400,CLOSED_LOOP,0.25,,0.9,5,13,CLOSED_LOOP,6,101,277,20,99,70,70,2,0,0.0,1.0,60.0,0.0,60.0
678,14,400.0,15,8,3,0.15,400,OPEN_LOOP,0.25,1.0,0.9,5,14,OPEN_LOOP,5,400,0,0,0,0,0,0,0,0.0,0.0,50.0,0.0,50.0
679,14,400.0,15,8,3,0.15,400,OPEN_LOOP,0.25,3.0,0.9,5,14,OPEN_LOOP,10,390,0,0,0,11,11,10,0,0.0,1.9090909090909092,100.0,0.0,100.0
676,14,400.0,15,8,3,0.15,400,OPEN_LOOP,0.1,3.0,0.9,5,14,OPEN_LOOP,16,385,0,0,0,17,16,15,0,0.05882352941176472,4.875,160.0,0.0,160.0
673,14,400.0,15,8,3,0.15,400,OPEN_LOOP,0.0,3.0,0.9,5,14,OPEN_LOOP,14,400,0,0,0,0,0,0,0,0.0,0.0,140.0,0.0,140.0
681,14,400.0,15,8,3,0.15,400,OPEN_LOOP,0.5,1.0,0.9,5,14,OPEN_LOOP,6,395,0,0,0,5,5,5,0,0.0,1.0,60.0,0.0,60.0
687,14,400.0,15,8,3,0.15,400,COLD_RESTART,0.1,1.0,0.9,5,14,COLD_RESTART,3,400,0,0,0,0,0,0,0,0.0,0.0,30.0,0.0,30.0
677,14,400.0,15,8,3,0.15,400,OPEN_LOOP,0.1,,0.9,5,14,OPEN_LOOP,27,384,0,0,0,23,23,16,0,0.0,1.0,270.0,0.0,270.0
685,14,400.0,15,8,3,0.15,400,COLD_RESTART,0.0,3.0,0.9,5,14,COLD_RESTART,14,400,0,0,0,0,0,0,0,0.0,0.0,140.0,0.0,140.0
683,14,400.0,15,8,3,0.15,400,OPEN_LOOP,0.5,,0.9,5,14,OPEN_LOOP,21,364,0,0,0,68,68,36,0,0.0,1.0,210.0,0.0,210.0
684,14,400.0,15,8,3,0.15,400,COLD_RESTART,0.0,1.0,0.9,5,14,COLD_RESTART,5,400,0,0,0,0,0,0,0,0.0,0.0,50.0,0.0,50.0
688,14,400.0,15,8,3,0.15,400,COLD_RESTART,0.1,3.0,0.9,5,14,COLD_RESTART,4,362,33,4,9,8,8,1,0,0.0,2.625,40.0,0.0,40.0
690,14,400.0,15,8,3,0.15,400,COLD_RESTART,0.25,1.0,0.9,5,14,COLD_RESTART,5,400,0,0,0,0,0,0,0,0.0,0.0,50.0,0.0,50.0
682,14,400.0,15,8,3,0.15,400,OPEN_LOOP,0.5,3.0,0.9,5,14,OPEN_LOOP,18,379,0,0,0,36,36,21,0,0.0,1.2777777777777777,180.0,0.0,180.0
693,14,400.0,15,8,3,0.15,400,COLD_RESTART,0.5,1.0,0.9,5,14,COLD_RESTART,4,330,55,4,18,20,19,7,0,0.050000000000000044,1.7894736842105263,40.0,0.0,40.0
680,14,400.0,15,8,3,0.15,400,OPEN_LOOP,0.25,,0.9,5,14,OPEN_LOOP,24,373,0,0,0,43,43,27,0,0.0,1.0,240.0,0.0,240.0
696,14,400.0,15,8,3,0.15,400,CLOSED_LOOP,0.0,1.0,0.9,5,14,CLOSED_LOOP,5,400,0,0,0,0,0,0,0,0.0,0.0,50.0,0.0,50.0
694,14,400.0,15,8,3,0.15,400,COLD_RESTART,0.5,3.0,0.9,5,14,COLD_RESTART,0,49,330,12,211,94,94,6,0,0.0,1.0212765957446808,0.0,0.0,0.0
686,14,400.0,15,8,3,0.15,400,COLD_RESTART,0.0,,0.9,5,14,COLD_RESTART,24,400,0,0,0,0,0,0,0,0.0,0.0,240.0,0.0,240.0
691,14,400.0,15,8,3,0.15,400,COLD_RESTART,0.25,3.0,0.9,5,14,COLD_RESTART,5,348,47,3,17,12,12,1,0,0.0,1.5,50.0,0.0,50.0
689,14,400.0,15,8,3,0.15,400,COLD_RESTART,0.1,,0.9,5,14,COLD_RESTART,5,254,120,20,12,25,25,6,17,0.0,1.0,50.0,0.0,50.0
698,14,400.0,15,8,3,0.15,400,CLOSED_LOOP,0.0,,0.9,5,14,CLOSED_LOOP,24,400,0,0,0,0,0,0,0,0.0,0.0,240.0,0.0,240.0
699,14,400.0,15,8,3,0.15,400,CLOSED_LOOP,0.1,1.0,0.9,5,14,CLOSED_LOOP,3,400,0,0,0,0,0,0,0,0.0,0.0,30.0,0.0,30.0
700,14,400.0,15,8,3,0.15,400,CLOSED_LOOP,0.1,3.0,0.9,5,14,CLOSED_LOOP,4,362,33,4,9,8,8,1,0,0.0,2.625,40.0,0.0,40.0
697,14,400.0,15,8,3,0.15,400,CLOSED_LOOP,0.0,3.0,0.9,5,14,CLOSED_LOOP,14,400,0,0,0,0,0,0,0,0.0,0.0,140.0,0.0,140.0
659,13,400.0,15,8,3,0.15,400,CLOSED_LOOP,0.5,,0.9,5,13,CLOSED_LOOP,0,3,393,3,311,99,99,0,0,0.0,1.0,0.0,0.0,0.0
705,14,400.0,15,8,3,0.15,400,CLOSED_LOOP,0.5,1.0,0.9,5,14,CLOSED_LOOP,4,330,55,4,18,20,19,7,0,0.050000000000000044,1.7894736842105263,40.0,0.0,40.0
701,14,400.0,15,8,3,0.15,400,CLOSED_LOOP,0.1,,0.9,5,14,CLOSED_LOOP,18,305,82,10,12,18,18,3,0,0.0,1.0,180.0,0.0,180.0
708,14,400.0,15,8,3,0.15,400,GOVERNED,0.0,1.0,0.9,5,14,GOVERNED,5,400,0,0,0,0,0,0,0,0.0,0.0,50.0,0.0,50.0
702,14,400.0,15,8,3,0.15,400,CLOSED_LOOP,0.25,1.0,0.9,5,14,CLOSED_LOOP,5,400,0,0,0,0,0,0,0,0.0,0.0,50.0,0.0,50.0
671,13,400.0,15,8,3,0.15,400,GOVERNED,0.5,,0.9,5,13,GOVERNED,0,3,393,3,311,99,99,0,0,0.0,1.0,0.0,0.0,0.0
692,14,400.0,15,8,3,0.15,400,COLD_RESTART,0.25,,0.9,5,14,COLD_RESTART,0,56,319,21,138,78,78,3,10,0.0,1.0,0.0,0.0,0.0
703,14,400.0,15,8,3,0.15,400,CLOSED_LOOP,0.25,3.0,0.9,5,14,CLOSED_LOOP,5,348,47,3,17,12,12,1,0,0.0,1.5,50.0,0.0,50.0
711,14,400.0,15,8,3,0.15,400,GOVERNED,0.1,1.0,0.9,5,14,GOVERNED,3,400,0,0,0,0,0,0,0,0.0,0.0,30.0,0.0,30.0
706,14,400.0,15,8,3,0.15,400,CLOSED_LOOP,0.5,3.0,0.9,5,14,CLOSED_LOOP,0,49,330,12,211,94,94,6,0,0.0,1.0212765957446808,0.0,0.0,0.0
712,14,400.0,15,8,3,0.15,400,GOVERNED,0.1,3.0,0.9,5,14,GOVERNED,4,362,33,4,9,8,8,1,0,0.0,2.625,40.0,0.0,40.0
710,14,400.0,15,8,3,0.15,400,GOVERNED,0.0,,0.9,5,14,GOVERNED,24,400,0,0,0,0,0,0,0,0.0,0.0,240.0,0.0,240.0
704,14,400.0,15,8,3,0.15,400,CLOSED_LOOP,0.25,,0.9,5,14,CLOSED_LOOP,6,92,287,20,113,71,71,0,0,0.0,1.0,60.0,0.0,60.0
709,14,400.0,15,8,3,0.15,400,GOVERNED,0.0,3.0,0.9,5,14,GOVERNED,14,400,0,0,0,0,0,0,0,0.0,0.0,140.0,0.0,140.0
717,14,400.0,15,8,3,0.15,400,GOVERNED,0.5,1.0,0.9,5,14,GOVERNED,4,330,55,4,18,20,19,7,0,0.050000000000000044,1.7894736842105263,40.0,0.0,40.0
714,14,400.0,15,8,3,0.15,400,GOVERNED,0.25,1.0,0.9,5,14,GOVERNED,5,400,0,0,0,0,0,0,0,0.0,0.0,50.0,0.0,50.0
715,14,400.0,15,8,3,0.15,400,GOVERNED,0.25,3.0,0.9,5,14,GOVERNED,5,348,47,3,17,12,12,1,0,0.0,1.5,50.0,0.0,50.0
721,15,400.0,15,8,3,0.15,400,OPEN_LOOP,0.0,3.0,0.9,5,15,OPEN_LOOP,10,400,0,0,0,0,0,0,0,0.0,0.0,100.0,0.0,100.0
723,15,400.0,15,8,3,0.15,400,OPEN_LOOP,0.1,1.0,0.9,5,15,OPEN_LOOP,4,398,0,0,0,2,2,2,0,0.0,6.5,40.0,0.0,40.0
726,15,400.0,15,8,3,0.15,400,OPEN_LOOP,0.25,1.0,0.9,5,15,OPEN_LOOP,5,397,0,0,0,3,3,3,0,0.0,1.0,50.0,0.0,50.0
720,15,400.0,15,8,3,0.15,400,OPEN_LOOP,0.0,1.0,0.9,5,15,OPEN_LOOP,8,400,0,0,0,0,0,0,0,0.0,0.0,80.0,0.0,80.0
722,15,400.0,15,8,3,0.15,400,OPEN_LOOP,0.0,,0.9,5,15,OPEN_LOOP,27,400,0,0,0,0,0,0,0,0.0,0.0,270.0,0.0,270.0
724,15,400.0,15,8,3,0.15,400,OPEN_LOOP,0.1,3.0,0.9,5,15,OPEN_LOOP,15,389,0,0,0,10,10,11,0,0.0,3.4,150.0,0.0,150.0
713,14,400.0,15,8,3,0.15,400,GOVERNED,0.1,,0.9,5,14,GOVERNED,18,305,82,10,12,18,18,3,0,0.0,1.0,180.0,0.0,180.0
725,15,400.0,15,8,3,0.15,400,OPEN_LOOP,0.1,,0.9,5,15,OPEN_LOOP,27,386,0,0,0,20,20,14,0,0.0,1.0,270.0,0.0,270.0
727,15,400.0,15,8,3,0.15,400,OPEN_LOOP,0.25,3.0,0.9,5,15,OPEN_LOOP,5,395,0,0,0,5,5,5,0,0.0,1.0,50.0,0.0,50.0
718,14,400.0,15,8,3,0.15,400,GOVERNED,0.5,3.0,0.9,5,14,GOVERNED,0,49,330,12,211,94,94,6,0,0.0,1.0212765957446808,0.0,0.0,0.0
707,14,400.0,15,8,3,0.15,400,CLOSED_LOOP,0.5,,0.9,5,14,CLOSED_LOOP,0,3,392,4,245,103,103,0,0,0.0,1.0,0.0,0.0,0.0
729,15,400.0,15,8,3,0.15,400,OPEN_LOOP,0.5,1.0,0.9,5,15,OPEN_LOOP,5,394,0,0,0,6,6,6,0,0.0,1.0,50.0,0.0,50.0
733,15,400.0,15,8,3,0.15,400,COLD_RESTART,0.0,3.0,0.9,5,15,COLD_RESTART,10,400,0,0,0,0,0,0,0,0.0,0.0,100.0,0.0,100.0
728,15,400.0,15,8,3,0.15,400,OPEN_LOOP,0.25,,0.9,5,15,OPEN_LOOP,24,370,0,0,0,48,48,30,0,0.0,1.0,240.0,0.0,240.0
730,15,400.0,15,8,3,0.15,400,OPEN_LOOP,0.5,3.0,0.9,5,15,OPEN_LOOP,9,388,0,0,0,18,16,12,0,0.11111111111111116,2.125,90.0,0.0,90.0
716,14,400.0,15,8,3,0.15,400,GOVERNED,0.25,,0.9,5,14,GOVERNED,6,92,287,20,113,71,71,0,0,0.0,1.0,60.0,0.0,60.0
731,15,400.0,15,8,3,0.15,400,OPEN_LOOP,0.5,,0.9,5,15,OPEN_LOOP,21,358,0,0,0,76,76,42,0,0.0,1.0,210.0,0.0,210.0
738,15,400.0,15,8,3,0.15,400,COLD_RESTART,0.25,1.0,0.9,5,15,COLD_RESTART,4,360,32,6,3,9,8,1,0,0.11111111111111116,4.25,40.0,0.0,40.0
735,15,400.0,15,8,3,0.15,400,COLD_RESTART,0.1,1.0,0.9,5,15,COLD_RESTART,5,368,25,5,0,7,7,2,3,0.0,5.571428571428571,50.0,0.0,50.0
732,15,400.0,15,8,3,0.15,400,COLD_RESTART,0.0,1.0,0.9,5,15,COLD_RESTART,8,400,0,0,0,0,0,0,0,0.0,0.0,80.0,0.0,80.0
695,14,400.0,15,8,3,0.15,400,COLD_RESTART,0.5,,0.9,5,14,COLD_RESTART,0,3,392,4,245,103,103,0,0,0.0,1.0,0.0,0.0,0.0
739,15,400.0,15,8,3,0.15,400,COLD_RESTART,0.25,3.0,0.9,5,15,COLD_RESTART,3,265,125,9,46,34,34,1,0,0.0,1.0,30.0,0.0,30.0
736,15,400.0,15,8,3,0.15,400,COLD_RESTART,0.1,3.0,0.9,5,15,COLD_RESTART,10,362,30,6,1,7,7,2,2,0.0,3.7142857142857144,100.0,0.0,100.0
734,15,400.0,15,8,3,0.15,400,COLD_RESTART,0.0,,0.9,5,15,COLD_RESTART,27,400,0,0,0,0,0,0,0,0.0,0.0,270.0,0.0,270.0
737,15,400.0,15,8,3,0.15,400,COLD_RESTART,0.1,,0.9,5,15,COLD_RESTART,7,209,165,26,23,38,38,0,13,0.0,1.0,70.0,0.0,70.0
742,15,400.0,15,8,3,0.15,400,COLD_RESTART,0.5,3.0,0.9,5,15,COLD_RESTART,2,339,47,2,20,20,19,6,0,0.050000000000000044,1.368421052631579,20.0,0.0,20.0
747,15,400.0,15,8,3,0.15,400,CLOSED_LOOP,0.1,1.0,0.9,5,15,CLOSED_LOOP,5,388,10,2,0,3,3,0,0,0.0,5.333333333333333,50.0,0.0,50.0
745,15,400.0,15,8,3,0.15,400,CLOSED_LOOP,0.0,3.0,0.9,5,15,CLOSED_LOOP,10,400,0,0,0,0,0,0,0,0.0,0.0,100.0,0.0,100.0
748,15,400.0,15,8,3,0.15,400,CLOSED_LOOP,0.1,3.0,0.9,5,15,CLOSED_LOOP,9,375,20,4,0,4,4,1,0,0.0,2.75,90.0,0.0,90.0
741,15,400.0,15,8,3,0.15,400,COLD_RESTART,0.5,1.0,0.9,5,15,COLD_RESTART,5,383,9,0,3,9,8,5,0,0.11111111111111116,1.875,50.0,0.0,50.0
750,15,400.0,15,8,3,0.15,400,CLOSED_LOOP,0.25,1.0,0.9,5,15,CLOSED_LOOP,4,360,32,6,3,9,8,1,0,0.11111111111111116,4.25,40.0,0.0,40.0
744,15,400.0,15,8,3,0.15,400,CLOSED_LOOP,0.0,1.0,0.9,5,15,CLOSED_LOOP,8,400,0,0,0,0,0,0,0,0.0,0.0,80.0,0.0,80.0
740,15,400.0,15,8,3,0.15,400,COLD_RESTART,0.25,,0.9,5,15,COLD_RESTART,0,61,311,23,133,73,73,4,8,0.0,1.0,0.0,0.0,0.0
746,15,400.0,15,8,3,0.15,400,CLOSED_LOOP,0.0,,0.9,5,15,CLOSED_LOOP,27,400,0,0,0,0,0,0,0,0.0,0.0,270.0,0.0,270.0
719,14,400.0,15,8,3,0.15,400,GOVERNED,0.5,,0.9,5,14,GOVERNED,0,3,392,4,245,103,103,0,0,0.0,1.0,0.0,0.0,0.0
749,15,400.0,15,8,3,0.15,400,CLOSED_LOOP,0.1,,0.9,5,15,CLOSED_LOOP,15,244,135,17,26,29,29,4,0,0.0,1.0,150.0,0.0,150.0
756,15,400.0,15,8,3,0.15,400,GOVERNED,0.0,1.0,0.9,5,15,GOVERNED,8,400,0,0,0,0,0,0,0,0.0,0.0,80.0,0.0,80.0
751,15,400.0,15,8,3,0.15,400,CLOSED_LOOP,0.25,3.0,0.9,5,15,CLOSED_LOOP,3,265,125,9,46,34,34,1,0,0.0,1.0,30.0,0.0,30.0
754,15,400.0,15,8,3,0.15,400,CLOSED_LOOP,0.5,3.0,0.9,5,15,CLOSED_LOOP,2,339,47,2,20,20,19,6,0,0.050000000000000044,1.368421052631579,20.0,0.0,20.0
757,15,400.0,15,8,3,0.15,400,GOVERNED,0.0,3.0,0.9,5,15,GOVERNED,10,400,0,0,0,0,0,0,0,0.0,0.0,100.0,0.0,100.0
753,15,400.0,15,8,3,0.15,400,CLOSED_LOOP,0.5,1.0,0.9,5,15,CLOSED_LOOP,5,383,9,0,3,9,8,5,0,0.11111111111111116,1.875,50.0,0.0,50.0
763,15,400.0,15,8,3,0.15,400,GOVERNED,0.25,3.0,0.9,5,15,GOVERNED,3,265,125,9,46,34,34,1,0,0.0,1.0,30.0,0.0,30.0
759,15,400.0,15,8,3,0.15,400,GOVERNED,0.1,1.0,0.9,5,15,GOVERNED,5,388,10,2,0,3,3,0,0,0.0,5.333333333333333,50.0,0.0,50.0
762,15,400.0,15,8,3,0.15,400,GOVERNED,0.25,1.0,0.9,5,15,GOVERNED,4,360,32,6,3,9,8,1,0,0.11111111111111116,4.25,40.0,0.0,40.0
760,15,400.0,15,8,3,0.15,400,GOVERNED,0.1,3.0,0.9,5,15,GOVERNED,9,375,20,4,0,4,4,1,0,0.0,2.75,90.0,0.0,90.0
765,15,400.0,15,8,3,0.15,400,GOVERNED,0.5,1.0,0.9,5,15,GOVERNED,5,383,9,0,3,9,8,5,0,0.11111111111111116,1.875,50.0,0.0,50.0
758,15,400.0,15,8,3,0.15,400,GOVERNED,0.0,,0.9,5,15,GOVERNED,27,400,0,0,0,0,0,0,0,0.0,0.0,270.0,0.0,270.0
766,15,400.0,15,8,3,0.15,400,GOVERNED,0.5,3.0,0.9,5,15,GOVERNED,2,339,47,2,20,20,19,6,0,0.050000000000000044,1.368421052631579,20.0,0.0,20.0
752,15,400.0,15,8,3,0.15,400,CLOSED_LOOP,0.25,,0.9,5,15,CLOSED_LOOP,3,87,286,23,115,72,72,4,0,0.0,1.0,30.0,0.0,30.0
769,16,400.0,15,8,3,0.15,400,OPEN_LOOP,0.0,3.0,0.9,5,16,OPEN_LOOP,15,400,0,0,0,0,0,0,0,0.0,0.0,150.0,0.0,150.0
755,15,400.0,15,8,3,0.15,400,CLOSED_LOOP,0.5,,0.9,5,15,CLOSED_LOOP,0,11,378,9,317,97,97,1,0,0.0,1.0,0.0,0.0,0.0
768,16,400.0,15,8,3,0.15,400,OPEN_LOOP,0.0,1.0,0.9,5,16,OPEN_LOOP,11,400,0,0,0,0,0,0,0,0.0,0.0,110.0,0.0,110.0
770,16,400.0,15,8,3,0.15,400,OPEN_LOOP,0.0,,0.9,5,16,OPEN_LOOP,27,400,0,0,0,0,0,0,0,0.0,0.0,270.0,0.0,270.0
761,15,400.0,15,8,3,0.15,400,GOVERNED,0.1,,0.9,5,15,GOVERNED,15,244,135,17,26,29,29,4,0,0.0,1.0,150.0,0.0,150.0
772,16,400.0,15,8,3,0.15,400,OPEN_LOOP,0.1,3.0,0.9,5,16,OPEN_LOOP,8,398,0,0,0,3,3,2,0,0.0,2.0,80.0,0.0,80.0
774,16,400.0,15,8,3,0.15,400,OPEN_LOOP,0.25,1.0,0.9,5,16,OPEN_LOOP,5,400,0,0,0,0,0,0,0,0.0,0.0,50.0,0.0,50.0
743,15,400.0,15,8,3,0.15,400,COLD_RESTART,0.5,,0.9,5,15,COLD_RESTART,0,10,382,6,308,98,97,1,1,0.010204081632653073,1.0,0.0,0.0,0.0
773,16,400.0,15,8,3,0.15,400,OPEN_LOOP,0.1,,0.9,5,16,OPEN_LOOP,27,383,0,0,0,22,22,17,0,0.0,1.0,270.0,0.0,270.0
771,16,400.0,15,8,3,0.15,400,OPEN_LOOP,0.1,1.0,0.9,5,16,OPEN_LOOP,9,398,0,0,0,2,2,2,0,0.0,2.0,90.0,0.0,90.0
775,16,400.0,15,8,3,0.15,400,OPEN_LOOP,0.25,3.0,0.9,5,16,OPEN_LOOP,17,379,0,0,0,26,26,21,0,0.0,2.769230769230769,170.0,0.0,170.0
780,16,400.0,15,8,3,0.15,400,COLD_RESTART,0.0,1.0,0.9,5,16,COLD_RESTART,11,400,0,0,0,0,0,0,0,0.0,0.0,110.0,0.0,110.0
781,16,400.0,15,8,3,0.15,400,COLD_RESTART,0.0,3.0,0.9,5,16,COLD_RESTART,15,400,0,0,0,0,0,0,0,0.0,0.0,150.0,0.0,150.0
764,15,400.0,15,8,3,0.15,400,GOVERNED,0.25,,0.9,5,15,GOVERNED,3,87,286,23,115,72,72,4,0,0.0,1.0,30.0,0.0,30.0
777,16,400.0,15,8,3,0.15,400,OPEN_LOOP,0.5,1.0,0.9,5,16,OPEN_LOOP,7,393,0,0,0,7,7,7,0,0.0,1.0,70.0,0.0,70.0
776,16,400.0,15,8,3,0.15,400,OPEN_LOOP,0.25,,0.9,5,16,OPEN_LOOP,24,369,0,0,0,40,40,31,0,0.0,1.0,240.0,0.0,240.0
786,16,400.0,15,8,3,0.15,400,COLD_RESTART,0.25,1.0,0.9,5,16,COLD_RESTART,5,400,0,0,0,0,0,0,0,0.0,0.0,50.0,0.0,50.0
782,16,400.0,15,8,3,0.15,400,COLD_RESTART,0.0,,0.9,5,16,COLD_RESTART,27,400,0,0,0,0,0,0,0,0.0,0.0,270.0,0.0,270.0
779,16,400.0,15,8,3,0.15,400,OPEN_LOOP,0.5,,0.9,5,16,OPEN_LOOP,21,350,0,0,0,82,81,50,0,0.012195121951219523,1.0,210.0,0.0,210.0
778,16,400.0,15,8,3,0.15,400,OPEN_LOOP,0.5,3.0,0.9,5,16,OPEN_LOOP,21,348,0,0,0,63,61,52,0,0.031746031746031744,2.0,210.0,0.0,210.0
783,16,400.0,15,8,3,0.15,400,COLD_RESTART,0.1,1.0,0.9,5,16,COLD_RESTART,3,391,4,0,2,4,4,3,0,0.0,2.75,30.0,0.0,30.0
784,16,400.0,15,8,3,0.15,400,COLD_RESTART,0.1,3.0,0.9,5,16,COLD_RESTART,9,305,77,11,8,20,19,5,6,0.050000000000000044,3.263157894736842,90.0,0.0,90.0
789,16,400.0,15,8,3,0.15,400,COLD_RESTART,0.5,1.0,0.9,5,16,COLD_RESTART,5,351,36,1,17,18,18,7,0,0.0,1.2222222222222223,50.0,0.0,50.0
787,16,400.0,15,8,3,0.15,400,COLD_RESTART,0.25,3.0,0.9,5,16,COLD_RESTART,5,328,59,6,19,21,19,5,0,0.09523809523809523,1.1578947368421053,50.0,0.0,50.0
793,16,400.0,15,8,3,0.15,400,CLOSED_LOOP,0.0,3.0,0.9,5,16,CLOSED_LOOP,15,400,0,0,0,0,0,0,0,0.0,0.0,150.0,0.0,150.0
792,16,400.0,15,8,3,0.15,400,CLOSED_LOOP,0.0,1.0,0.9,5,16,CLOSED_LOOP,11,400,0,0,0,0,0,0,0,0.0,0.0,110.0,0.0,110.0
767,15,400.0,15,8,3,0.15,400,GOVERNED,0.5,,0.9,5,15,GOVERNED,0,11,378,9,317,97,97,1,0,0.0,1.0,0.0,0.0,0.0
798,16,400.0,15,8,3,0.15,400,CLOSED_LOOP,0.25,1.0,0.9,5,16,CLOSED_LOOP,5,400,0,0,0,0,0,0,0,0.0,0.0,50.0,0.0,50.0
795,16,400.0,15,8,3,0.15,400,CLOSED_LOOP,0.1,1.0,0.9,5,16,CLOSED_LOOP,3,391,4,0,2,4,4,3,0,0.0,2.75,30.0,0.0,30.0
788,16,400.0,15,8,3,0.15,400,COLD_RESTART,0.25,,0.9,5,16,COLD_RESTART,6,101,264,29,107,64,64,5,10,0.0,1.0,60.0,0.0,60.0
796,16,400.0,15,8,3,0.15,400,CLOSED_LOOP,0.1,3.0,0.9,5,16,CLOSED_LOOP,12,332,56,8,6,15,15,3,0,0.0,4.333333333333333,120.0,0.0,120.0
799,16,400.0,15,8,3,0.15,400,CLOSED_LOOP,0.25,3.0,0.9,5,16,CLOSED_LOOP,5,328,59,6,19,21,19,5,0,0.09523809523809523,1.1578947368421053,50.0,0.0,50.0
804,16,400.0,15,8,3,0.15,400,GOVERNED,0.0,1.0,0.9,5,16,GOVERNED,11,400,0,0,0,0,0,0,0,0.0,0.0,110.0,0.0,110.0
797,16,400.0,15,8,3,0.15,400,CLOSED_LOOP,0.1,,0.9,5,16,CLOSED_LOOP,18,264,116,17,12,28,28,3,0,0.0,1.0,180.0,0.0,180.0
790,16,400.0,15,8,3,0.15,400,COLD_RESTART,0.5,3.0,0.9,5,16,COLD_RESTART,0,66,310,11,238,89,89,8,1,0.0,1.0,0.0,0.0,0.0
801,16,400.0,15,8,3,0.15,400,CLOSED_LOOP,0.5,1.0,0.9,5,16,CLOSED_LOOP,5,351,36,1,17,18,18,7,0,0.0,1.2222222222222223,50.0,0.0,50.0
785,16,400.0,15,8,3,0.15,400,COLD_RESTART,0.1,,0.9,5,16,COLD_RESTART,8,176,194,26,36,44,44,3,12,0.0,1.0,80.0,0.0,80.0
807,16,400.0,15,8,3,0.15,400,GOVERNED,0.1,1.0,0.9,5,16,GOVERNED,3,391,4,0,2,4,4,3,0,0.0,2.75,30.0,0.0,30.0
794,16,400.0,15,8,3,0.15,400,CLOSED_LOOP,0.0,,0.9,5,16,CLOSED_LOOP,27,400,0,0,0,0,0,0,0,0.0,0.0,270.0,0.0,270.0
810,16,400.0,15,8,3,0.15,400,GOVERNED,0.25,1.0,0.9,5,16,GOVERNED,5,400,0,0,0,0,0,0,0,0.0,0.0,50.0,0.0,50.0
805,16,400.0,15,8,3,0.15,400,GOVERNED,0.0,3.0,0.9,5,16,GOVERNED,15,400,0,0,0,0,0,0,0,0.0,0.0,150.0,0.0,150.0
791,16,400.0,15,8,3,0.15,400,COLD_RESTART,0.5,,0.9,5,16,COLD_RESTART,0,12,380,7,317,100,100,0,2,0.0,1.0,0.0,0.0,0.0
808,16,400.0,15,8,3,0.15,400,GOVERNED,0.1,3.0,0.9,5,16,GOVERNED,12,332,56,8,6,15,15,3,0,0.0,4.333333333333333,120.0,0.0,120.0
806,16,400.0,15,8,3,0.15,400,GOVERNED,0.0,,0.9,5,16,GOVERNED,27,400,0,0,0,0,0,0,0,0.0,0.0,270.0,0.0,270.0
802,16,400.0,15,8,3,0.15,400,CLOSED_LOOP,0.5,3.0,0.9,5,16,CLOSED_LOOP,0,28,354,16,269,93,92,2,0,0.010752688172043001,1.0326086956521738,0.0,0.0,0.0
816,17,400.0,15,8,3,0.15,400,OPEN_LOOP,0.0,1.0,0.9,5,17,OPEN_LOOP,12,400,0,0,0,0,0,0,0,0.0,0.0,120.0,0.0,120.0
800,16,400.0,15,8,3,0.15,400,CLOSED_LOOP,0.25,,0.9,5,16,CLOSED_LOOP,9,91,286,19,118,70,70,3,0,0.0,1.0,90.0,0.0,90.0
813,16,400.0,15,8,3,0.15,400,GOVERNED,0.5,1.0,0.9,5,16,GOVERNED,5,351,36,1,17,18,18,7,0,0.0,1.2222222222222223,50.0,0.0,50.0
817,17,400.0,15,8,3,0.15,400,OPEN_LOOP,0.0,3.0,0.9,5,17,OPEN_LOOP,10,400,0,0,0,0,0,0,0,0.0,0.0,100.0,0.0,100.0
811,16,400.0,15,8,3,0.15,400,GOVERNED,0.25,3.0,0.9,5,16,GOVERNED,5,328,59,6,19,21,19,5,0,0.09523809523809523,1.1578947368421053,50.0,0.0,50.0
820,17,400.0,15,8,3,0.15,400,OPEN_LOOP,0.1,3.0,0.9,5,17,OPEN_LOOP,11,394,0,0,0,7,7,6,0,0.0,2.142857142857143,110.0,0.0,110.0
822,17,400.0,15,8,3,0.15,400,OPEN_LOOP,0.25,1.0,0.9,5,17,OPEN_LOOP,7,398,0,0,0,2,2,2,0,0.0,1.5,70.0,0.0,70.0
812,16,400.0,15,8,3,0.15,400,GOVERNED,0.25,,0.9,5,16,GOVERNED,9,91,286,19,118,70,70,3,0,0.0,1.0,90.0,0.0,90.0
809,16,400.0,15,8,3,0.15,400,GOVERNED,0.1,,0.9,5,16,GOVERNED,18,264,116,17,12,28,28,3,0,0.0,1.0,180.0,0.0,180.0
819,17,400.0,15,8,3,0.15,400,OPEN_LOOP,0.1,1.0,0.9,5,17,OPEN_LOOP,8,399,0,0,0,1,1,1,0,0.0,1.0,80.0,0.0,80.0
823,17,400.0,15,8,3,0.15,400,OPEN_LOOP,0.25,3.0,0.9,5,17,OPEN_LOOP,17,387,0,0,0,14,13,13,0,0.0714285714285714,1.0769230769230769,170.0,0.0,170.0
818,17,400.0,15,8,3,0.15,400,OPEN_LOOP,0.0,,0.9,5,17,OPEN_LOOP,27,400,0,0,0,0,0,0,0,0.0,0.0,270.0,0.0,270.0
814,16,400.0,15,8,3,0.15,400,GOVERNED,0.5,3.0,0.9,5,16,GOVERNED,0,28,354,16,269,93,92,2,0,0.010752688172043001,1.0326086956521738,0.0,0.0,0.0
821,17,400.0,15,8,3,0.15,400,OPEN_LOOP,0.1,,0.9,5,17,OPEN_LOOP,27,383,0,0,0,21,21,17,0,0.0,1.0,270.0,0.0,270.0
825,17,400.0,15,8,3,0.15,400,OPEN_LOOP,0.5,1.0,0.9,5,17,OPEN_LOOP,7,396,0,0,0,4,4,4,0,0.0,1.0,70.0,0.0,70.0
828,17,400.0,15,8,3,0.15,400,COLD_RESTART,0.0,1.0,0.9,5,17,COLD_RESTART,12,400,0,0,0,0,0,0,0,0.0,0.0,120.0,0.0,120.0
829,17,400.0,15,8,3,0.15,400,COLD_RESTART,0.0,3.0,0.9,5,17,COLD_RESTART,10,400,0,0,0,0,0,0,0,0.0,0.0,100.0,0.0,100.0
831,17,400.0,15,8,3,0.15,400,COLD_RESTART,0.1,1.0,0.9,5,17,COLD_RESTART,8,394,5,1,0,1,1,0,0,0.0,1.0,80.0,0.0,80.0
834,17,400.0,15,8,3,0.15,400,COLD_RESTART,0.25,1.0,0.9,5,17,COLD_RESTART,7,365,29,4,3,9,9,2,0,0.0,2.4444444444444446,70.0,0.0,70.0
803,16,400.0,15,8,3,0.15,400,CLOSED_LOOP,0.5,,0.9,5,16,CLOSED_LOOP,0,9,385,5,324,97,97,0,0,0.0,1.0,0.0,0.0,0.0
832,17,400.0,15,8,3,0.15,400,COLD_RESTART,0.1,3.0,0.9,5,17,COLD_RESTART,8,336,54,9,8,13,13,0,1,0.0,2.1538461538461537,80.0,0.0,80.0
824,17,400.0,15,8,3,0.15,400,OPEN_LOOP,0.25,,0.9,5,17,OPEN_LOOP,24,372,0,0,0,47,47,28,0,0.0,1.0,240.0,0.0,240.0
837,17,400.0,15,8,3,0.15,400,COLD_RESTART,0.5,1.0,0.9,5,17,COLD_RESTART,5,368,26,2,7,8,7,2,0,0.125,1.0,50.0,0.0,50.0
826,17,400.0,15,8,3,0.15,400,OPEN_LOOP,0.5,3.0,0.9,5,17,OPEN_LOOP,16,368,0,0,0,42,42,32,0,0.0,1.6904761904761905,160.0,0.0,160.0
840,17,400.0,15,8,3,0.15,400,CLOSED_LOOP,0.0,1.0,0.9,5,17,CLOSED_LOOP,12,400,0,0,0,0,0,0,0,0.0,0.0,120.0,0.0,120.0
830,17,400.0,15,8,3,0.15,400,COLD_RESTART,0.0,,0.9,5,17,COLD_RESTART,27,400,0,0,0,0,0,0,0,0.0,0.0,270.0,0.0,270.0
835,17,400.0,15,8,3,0.15,400,COLD_RESTART,0.25,3.0,0.9,5,17,COLD_RESTART,4,267,109,15,24,32,32,9,7,0.0,1.375,40.0,0.0,40.0
815,16,400.0,15,8,3,0.15,400,GOVERNED,0.5,,0.9,5,16,GOVERNED,0,9,385,5,324,97,97,0,0,0.0,1.0,0.0,0.0,0.0
833,17,400.0,15,8,3,0.15,400,COLD_RESTART,0.1,,0.9,5,17,COLD_RESTART,16,287,91,15,10,20,20,6,9,0.0,1.0,160.0,0.0,160.0
827,17,400.0,15,8,3,0.15,400,OPEN_LOOP,0.5,,0.9,5,17,OPEN_LOOP,24,356,0,0,0,69,69,44,0,0.0,1.0,240.0,0.0,240.0
841,17,400.0,15,8,3,0.15,400,CLOSED_LOOP,0.0,3.0,0.9,5,17,CLOSED_LOOP,10,400,0,0,0,0,0,0,0,0.0,0.0,100.0,0.0,100.0
846,17,400.0,15,8,3,0.15,400,CLOSED_LOOP,0.25,1.0,0.9,5,17,CLOSED_LOOP,7,365,29,4,3,9,9,2,0,0.0,2.4444444444444446,70.0,0.0,70.0
844,17,400.0,15,8,3,0.15,400,CLOSED_LOOP,0.1,3.0,0.9,5,17,CLOSED_LOOP,8,362,33,5,6,8,7,0,0,0.125,2.4285714285714284,80.0,0.0,80.0
843,17,400.0,15,8,3,0.15,400,CLOSED_LOOP,0.1,1.0,0.9,5,17,CLOSED_LOOP,8,394,5,1,0,1,1,0,0,0.0,1.0,80.0,0.0,80.0
842,17,400.0,15,8,3,0.15,400,CLOSED_LOOP,0.0,,0.9,5,17,CLOSED_LOOP,27,400,0,0,0,0,0,0,0,0.0,0.0,270.0,0.0,270.0
847,17,400.0,15,8,3,0.15,400,CLOSED_LOOP,0.25,3.0,0.9,5,17,CLOSED_LOOP,7,279,98,11,27,32,32,8,0,0.0,1.40625,70.0,0.0,70.0
838,17,400.0,15,8,3,0.15,400,COLD_RESTART,0.5,3.0,0.9,5,17,COLD_RESTART,0,115,259,10,185,78,77,10,0,0.012820512820512775,1.051948051948052,0.0,0.0,0.0
849,17,400.0,15,8,3,0.15,400,CLOSED_LOOP,0.5,1.0,0.9,5,17,CLOSED_LOOP,5,368,26,2,7,8,7,2,0,0.125,1.0,50.0,0.0,50.0
836,17,400.0,15,8,3,0.15,400,COLD_RESTART,0.25,,0.9,5,17,COLD_RESTART,0,56,312,20,121,78,77,11,10,0.012820512820512775,1.0,0.0,0.0,0.0
852,17,400.0,15,8,3,0.15,400,GOVERNED,0.0,1.0,0.9,5,17,GOVERNED,12,400,0,0,0,0,0,0,0,0.0,0.0,120.0,0.0,120.0
855,17,400.0,15,8,3,0.15,400,GOVERNED,0.1,1.0,0.9,5,17,GOVERNED,8,394,5,1,0,1,1,0,0,0.0,1.0,80.0,0.0,80.0
845,17,400.0,15,8,3,0.15,400,CLOSED_LOOP,0.1,,0.9,5,17,CLOSED_LOOP,18,238,140,19,18,31,31,3,0,0.0,1.0,180.0,0.0,180.0
853,17,400.0,15,8,3,0.15,400,GOVERNED,0.0,3.0,0.9,5,17,GOVERNED,10,400,0,0,0,0,0,0,0,0.0,0.0,100.0,0.0,100.0
858,17,400.0,15,8,3,0.15,400,GOVERNED,0.25,1.0,0.9,5,17,GOVERNED,7,365,29,4,3,9,9,2,0,0.0,2.4444444444444446,70.0,0.0,70.0
856,17,400.0,15,8,3,0.15,400,GOVERNED,0.1,3.0,0.9,5,17,GOVERNED,8,362,33,5,6,8,7,0,0,0.125,2.4285714285714284,80.0,0.0,80.0
848,17,400.0,15,8,3,0.15,400,CLOSED_LOOP,0.25,,0.9,5,17,CLOSED_LOOP,9,137,237,23,93,59,59,2,0,0.0,1.0,90.0,0.0,90.0
861,17,400.0,15,8,3,0.15,400,GOVERNED,0.5,1.0,0.9,5,17,GOVERNED,5,368,26,2,7,8,7,2,0,0.125,1.0,50.0,0.0,50.0
859,17,400.0,15,8,3,0.15,400,GOVERNED,0.25,3.0,0.9,5,17,GOVERNED,7,279,98,11,27,32,32,8,0,0.0,1.40625,70.0,0.0,70.0
854,17,400.0,15,8,3,0.15,400,GOVERNED,0.0,,0.9,5,17,GOVERNED,27,400,0,0,0,0,0,0,0,0.0,0.0,270.0,0.0,270.0
864,18,400.0,15,8,3,0.15,400,OPEN_LOOP,0.0,1.0,0.9,5,18,OPEN_LOOP,7,400,0,0,0,0,0,0,0,0.0,0.0,70.0,0.0,70.0
850,17,400.0,15,8,3,0.15,400,CLOSED_LOOP,0.5,3.0,0.9,5,17,CLOSED_LOOP,0,115,259,10,185,78,77,10,0,0.012820512820512775,1.051948051948052,0.0,0.0,0.0
862,17,400.0,15,8,3,0.15,400,GOVERNED,0.5,3.0,0.9,5,17,GOVERNED,0,115,259,10,185,78,77,10,0,0.012820512820512775,1.051948051948052,0.0,0.0,0.0
866,18,400.0,15,8,3,0.15,400,OPEN_LOOP,0.0,,0.9,5,18,OPEN_LOOP,27,400,0,0,0,0,0,0,0,0.0,0.0,270.0,0.0,270.0
865,18,400.0,15,8,3,0.15,400,OPEN_LOOP,0.0,3.0,0.9,5,18,OPEN_LOOP,10,400,0,0,0,0,0,0,0,0.0,0.0,100.0,0.0,100.0
870,18,400.0,15,8,3,0.15,400,OPEN_LOOP,0.25,1.0,0.9,5,18,OPEN_LOOP,5,394,0,0,0,6,6,6,0,0.0,2.0,50.0,0.0,50.0
868,18,400.0,15,8,3,0.15,400,OPEN_LOOP,0.1,3.0,0.9,5,18,OPEN_LOOP,6,397,0,0,0,4,4,3,0,0.0,1.5,60.0,0.0,60.0
839,17,400.0,15,8,3,0.15,400,COLD_RESTART,0.5,,0.9,5,17,COLD_RESTART,0,2,393,4,302,102,101,0,0,0.009803921568627416,1.0,0.0,0.0,0.0
860,17,400.0,15,8,3,0.15,400,GOVERNED,0.25,,0.9,5,17,GOVERNED,9,137,237,23,93,59,59,2,0,0.0,1.0,90.0,0.0,90.0
871,18,400.0,15,8,3,0.15,400,OPEN_LOOP,0.25,3.0,0.9,5,18,OPEN_LOOP,7,394,0,0,0,6,6,6,0,0.0,1.8333333333333333,70.0,0.0,70.0
857,17,400.0,15,8,3,0.15,400,GOVERNED,0.1,,0.9,5,17,GOVERNED,18,238,140,19,18,31,31,3,0,0.0,1.0,180.0,0.0,180.0
867,18,400.0,15,8,3,0.15,400,OPEN_LOOP,0.1,1.0,0.9,5,18,OPEN_LOOP,6,398,0,0,0,2,2,2,0,0.0,1.0,60.0,0.0,60.0
876,18,400.0,15,8,3,0.15,400,COLD_RESTART,0.0,1.0,0.9,5,18,COLD_RESTART,7,400,0,0,0,0,0,0,0,0.0,0.0,70.0,0.0,70.0
869,18,400.0,15,8,3,0.15,400,OPEN_LOOP,0.1,,0.9,5,18,OPEN_LOOP,24,383,0,0,0,19,19,17,0,0.0,1.0,240.0,0.0,240.0
874,18,400.0,15,8,3,0.15,400,OPEN_LOOP,0.5,3.0,0.9,5,18,OPEN_LOOP,13,364,0,0,0,43,43,36,0,0.0,1.5116279069767442,130.0,0.0,130.0
877,18,400.0,15,8,3,0.15,400,COLD_RESTART,0.0,3.0,0.9,5,18,COLD_RESTART,10,400,0,0,0,0,0,0,0,0.0,0.0,100.0,0.0,100.0
872,18,400.0,15,8,3,0.15,400,OPEN_LOOP,0.25,,0.9,5,18,OPEN_LOOP,24,371,0,0,0,45,45,29,0,0.0,1.0,240.0,0.0,240.0
880,18,400.0,15,8,3,0.15,400,COLD_RESTART,0.1,3.0,0.9,5,18,COLD_RESTART,8,373,22,4,2,5,5,1,0,0.0,2.0,80.0,0.0,80.0
879,18,400.0,15,8,3,0.15,400,COLD_RESTART,0.1,1.0,0.9,5,18,COLD_RESTART,5,396,1,0,1,2,2,2,0,0.0,2.0,50.0,0.0,50.0
873,18,400.0,15,8,3,0.15,400,OPEN_LOOP,0.5,1.0,0.9,5,18,OPEN_LOOP,8,395,0,0,0,5,5,5,0,0.0,1.0,80.0,0.0,80.0
883,18,400.0,15,8,3,0.15,400,COLD_RESTART,0.25,3.0,0.9,5,18,COLD_RESTART,4,340,50,4,12,16,16,4,0,0.0,1.625,40.0,0.0,40.0
875,18,400.0,15,8,3,0.15,400,OPEN_LOOP,0.5,,0.9,5,18,OPEN_LOOP,18,355,0,0,0,76,76,45,0,0.0,1.0,180.0,0.0,180.0
882,18,400.0,15,8,3,0.15,400,COLD_RESTART,0.25,1.0,0.9,5,18,COLD_RESTART,2,366,22,2,7,13,13,7,0,0.0,1.8461538461538463,20.0,0.0,20.0
878,18,400.0,15,8,3,0.15,400,COLD_RESTART,0.0,,0.9,5,18,COLD_RESTART,27,400,0,0,0,0,0,0,0,0.0,0.0,270.0,0.0,270.0
888,18,400.0,15,8,3,0.15,400,CLOSED_LOOP,0.0,1.0,0.9,5,18,CLOSED_LOOP,7,400,0,0,0,0,0,0,0,0.0,0.0,70.0,0.0,70.0
863,17,400.0,15,8,3,0.15,400,GOVERNED,0.5,,0.9,5,17,GOVERNED,0,2,393,4,302,102,101,0,0,0.009803921568627416,1.0,0.0,0.0,0.0
881,18,400.0,15,8,3,0.15,400,COLD_RESTART,0.1,,0.9,5,18,COLD_RESTART,10,253,125,16,21,28,28,6,14,0.0,1.0,100.0,0.0,100.0
886,18,400.0,15,8,3,0.15,400,COLD_RESTART,0.5,3.0,0.9,5,18,COLD_RESTART,2,215,161,5,90,51,50,11,0,0.019607843137254943,1.18,20.0,0.0,20.0
889,18,400.0,15,8,3,0.15,400,CLOSED_LOOP,0.0,3.0,0.9,5,18,CLOSED_LOOP,10,400,0,0,0,0,0,0,0,0.0,0.0,100.0,0.0,100.0
851,17,400.0,15,8,3,0.15,400,CLOSED_LOOP,0.5,,0.9,5,17,CLOSED_LOOP,0,2,393,4,302,102,101,0,0,0.009803921568627416,1.0,0.0,0.0,0.0
891,18,400.0,15,8,3,0.15,400,CLOSED_LOOP,0.1,1.0,0.9,5,18,CLOSED_LOOP,5,396,1,0,1,2,2,2,0,0.0,2.0,50.0,0.0,50.0
885,18,400.0,15,8,3,0.15,400,COLD_RESTART,0.5,1.0,0.9,5,18,COLD_RESTART,6,375,14,0,8,11,11,7,0,0.0,2.1818181818181817,60.0,0.0,60.0
892,18,400.0,15,8,3,0.15,400,CLOSED_LOOP,0.1,3.0,0.9,5,18,CLOSED_LOOP,8,373,22,4,2,5,5,1,0,0.0,2.0,80.0,0.0,80.0
890,18,400.0,15,8,3,0.15,400,CLOSED_LOOP,0.0,,0.9,5,18,CLOSED_LOOP,27,400,0,0,0,0,0,0,0,0.0,0.0,270.0,0.0,270.0
895,18,400.0,15,8,3,0.15,400,CLOSED_LOOP,0.25,3.0,0.9,5,18,CLOSED_LOOP,4,340,50,4,12,16,16,4,0,0.0,1.625,40.0,0.0,40.0
897,18,400.0,15,8,3,0.15,400,CLOSED_LOOP,0.5,1.0,0.9,5,18,CLOSED_LOOP,6,375,14,0,8,11,11,7,0,0.0,2.1818181818181817,60.0,0.0,60.0
894,18,400.0,15,8,3,0.15,400,CLOSED_LOOP,0.25,1.0,0.9,5,18,CLOSED_LOOP,2,366,22,2,7,13,13,7,0,0.0,1.8461538461538463,20.0,0.0,20.0
884,18,400.0,15,8,3,0.15,400,COLD_RESTART,0.25,,0.9,5,18,COLD_RESTART,3,100,270,24,112,69,68,5,10,0.01449275362318836,1.0,30.0,0.0,30.0
898,18,400.0,15,8,3,0.15,400,CLOSED_LOOP,0.5,3.0,0.9,5,18,CLOSED_LOOP,2,215,161,5,90,51,50,11,0,0.019607843137254943,1.18,20.0,0.0,20.0
893,18,400.0,15,8,3,0.15,400,CLOSED_LOOP,0.1,,0.9,5,18,CLOSED_LOOP,15,238,137,23,17,29,29,2,0,0.0,1.0,150.0,0.0,150.0
900,18,400.0,15,8,3,0.15,400,GOVERNED,0.0,1.0,0.9,5,18,GOVERNED,7,400,0,0,0,0,0,0,0,0.0,0.0,70.0,0.0,70.0
903,18,400.0,15,8,3,0.15,400,GOVERNED,0.1,1.0,0.9,5,18,GOVERNED,5,396,1,0,1,2,2,2,0,0.0,2.0,50.0,0.0,50.0
901,18,400.0,15,8,3,0.15,400,GOVERNED,0.0,3.0,0.9,5,18,GOVERNED,10,400,0,0,0,0,0,0,0,0.0,0.0,100.0,0.0,100.0
906,18,400.0,15,8,3,0.15,400,GOVERNED,0.25,1.0,0.9,5,18,GOVERNED,2,366,22,2,7,13,13,7,0,0.0,1.8461538461538463,20.0,0.0,20.0
907,18,400.0,15,8,3,0.15,400,GOVERNED,0.25,3.0,0.9,5,18,GOVERNED,4,340,50,4,12,16,16,4,0,0.0,1.625,40.0,0.0,40.0
909,18,400.0,15,8,3,0.15,400,GOVERNED,0.5,1.0,0.9,5,18,GOVERNED,6,375,14,0,8,11,11,7,0,0.0,2.1818181818181817,60.0,0.0,60.0
896,18,400.0,15,8,3,0.15,400,CLOSED_LOOP,0.25,,0.9,5,18,CLOSED_LOOP,6,109,266,22,92,68,67,2,0,0.014705882352941124,1.0,60.0,0.0,60.0
904,18,400.0,15,8,3,0.15,400,GOVERNED,0.1,3.0,0.9,5,18,GOVERNED,8,373,22,4,2,5,5,1,0,0.0,2.0,80.0,0.0,80.0
912,19,400.0,15,8,3,0.15,400,OPEN_LOOP,0.0,1.0,0.9,5,19,OPEN_LOOP,7,400,0,0,0,0,0,0,0,0.0,0.0,70.0,0.0,70.0
902,18,400.0,15,8,3,0.15,400,GOVERNED,0.0,,0.9,5,18,GOVERNED,27,400,0,0,0,0,0,0,0,0.0,0.0,270.0,0.0,270.0
910,18,400.0,15,8,3,0.15,400,GOVERNED,0.5,3.0,0.9,5,18,GOVERNED,2,215,161,5,90,51,50,11,0,0.019607843137254943,1.18,20.0,0.0,20.0
913,19,400.0,15,8,3,0.15,400,OPEN_LOOP,0.0,3.0,0.9,5,19,OPEN_LOOP,11,400,0,0,0,0,0,0,0,0.0,0.0,110.0,0.0,110.0
918,19,400.0,15,8,3,0.15,400,OPEN_LOOP,0.25,1.0,0.9,5,19,OPEN_LOOP,7,400,0,0,0,1,0,0,0,1.0,0.0,70.0,0.0,70.0
905,18,400.0,15,8,3,0.15,400,GOVERNED,0.1,,0.9,5,18,GOVERNED,15,238,137,23,17,29,29,2,0,0.0,1.0,150.0,0.0,150.0
917,19,400.0,15,8,3,0.15,400,OPEN_LOOP,0.1,,0.9,5,19,OPEN_LOOP,27,385,0,0,0,12,12,15,0,0.0,1.0,270.0,0.0,270.0
887,18,400.0,15,8,3,0.15,400,COLD_RESTART,0.5,,0.9,5,18,COLD_RESTART,0,8,385,5,334,102,101,1,1,0.009803921568627416,1.0,0.0,0.0,0.0
919,19,400.0,15,8,3,0.15,400,OPEN_LOOP,0.25,3.0,0.9,5,19,OPEN_LOOP,21,368,0,0,0,37,37,32,0,0.0,3.3783783783783785,210.0,0.0,210.0
921,19,400.0,15,8,3,0.15,400,OPEN_LOOP,0.5,1.0,0.9,5,19,OPEN_LOOP,9,387,0,0,0,16,13,13,0,0.1875,2.923076923076923,90.0,0.0,90.0
915,19,400.0,15,8,3,0.15,400,OPEN_LOOP,0.1,1.0,0.9,5,19,OPEN_LOOP,5,400,0,0,0,0,0,0,0,0.0,0.0,50.0,0.0,50.0
916,19,400.0,15,8,3,0.15,400,OPEN_LOOP,0.1,3.0,0.9,5,19,OPEN_LOOP,10,395,0,0,0,4,4,5,0,0.0,1.5,100.0,0.0,100.0
922,19,400.0,15,8,3,0.15,400,OPEN_LOOP,0.5,3.0,0.9,5,19,OPEN_LOOP,16,372,0,0,0,39,38,28,0,0.02564102564102566,1.2105263157894737,160.0,0.0,160.0
914,19,400.0,15,8,3,0.15,400,OPEN_LOOP,0.0,,0.9,5,19,OPEN_LOOP,30,400,0,0,0,0,0,0,0,0.0,0.0,300.0,0.0,300.0
899,18,400.0,15,8,3,0.15,400,CLOSED_LOOP,0.5,,0.9,5,18,CLOSED_LOOP,0,11,383,4,273,103,102,1,0,0.009708737864077666,1.0,0.0,0.0,0.0
908,18,400.0,15,8,3,0.15,400,GOVERNED,0.25,,0.9,5,18,GOVERNED,6,109,266,22,92,68,67,2,0,0.014705882352941124,1.0,60.0,0.0,60.0
927,19,400.0,15,8,3,0.15,400,COLD_RESTART,0.1,1.0,0.9,5,19,COLD_RESTART,5,400,0,0,0,0,0,0,0,0.0,0.0,50.0,0.0,50.0
924,19,400.0,15,8,3,0.15,400,COLD_RESTART,0.0,1.0,0.9,5,19,COLD_RESTART,7,400,0,0,0,0,0,0,0,0.0,0.0,70.0,0.0,70.0
920,19,400.0,15,8,3,0.15,400,OPEN_LOOP,0.25,,0.9,5,19,OPEN_LOOP,27,369,0,0,0,48,48,31,0,0.0,1.0,270.0,0.0,270.0
925,19,400.0,15,8,3,0.15,400,COLD_RESTART,0.0,3.0,0.9,5,19,COLD_RESTART,11,400,0,0,0,0,0,0,0,0.0,0.0,110.0,0.0,110.0
930,19,400.0,15,8,3,0.15,400,COLD_RESTART,0.25,1.0,0.9,5,19,COLD_RESTART,7,400,0,0,0,1,0,0,0,1.0,0.0,70.0,0.0,70.0
923,19,400.0,15,8,3,0.15,400,OPEN_LOOP,0.5,,0.9,5,19,OPEN_LOOP,24,348,0,0,0,74,74,52,0,0.0,1.0,240.0,0.0,240.0
928,19,400.0,15,8,3,0.15,400,COLD_RESTART,0.1,3.0,0.9,5,19,COLD_RESTART,12,277,105,16,13,23,23,2,5,0.0,2.1739130434782608,120.0,0.0,120.0
926,19,400.0,15,8,3,0.15,400,COLD_RESTART,0.0,,0.9,5,19,COLD_RESTART,30,400,0,0,0,0,0,0,0,0.0,0.0,300.0,0.0,300.0
929,19,400.0,15,8,3,0.15,400,COLD_RESTART,0.1,,0.9,5,19,COLD_RESTART,14,237,136,19,20,32,32,8,10,0.0,1.0,140.0,0.0,140.0
933,19,400.0,15,8,3,0.15,400,COLD_RESTART,0.5,1.0,0.9,5,19,COLD_RESTART,5,336,47,5,16,17,16,7,0,0.05882352941176472,2.25,50.0,0.0,50.0
937,19,400.0,15,8,3,0.15,400,CLOSED_LOOP,0.0,3.0,0.9,5,19,CLOSED_LOOP,11,400,0,0,0,0,0,0,0,0.0,0.0,110.0,0.0,110.0
936,19,400.0,15,8,3,0.15,400,CLOSED_LOOP,0.0,1.0,0.9,5,19,CLOSED_LOOP,7,400,0,0,0,0,0,0,0,0.0,0.0,70.0,0.0,70.0
942,19,400.0,15,8,3,0.15,400,CLOSED_LOOP,0.25,1.0,0.9,5,19,CLOSED_LOOP,7,400,0,0,0,1,0,0,0,1.0,0.0,70.0,0.0,70.0
940,19,400.0,15,8,3,0.15,400,CLOSED_LOOP,0.1,3.0,0.9,5,19,CLOSED_LOOP,10,348,42,8,3,10,10,2,0,0.0,2.4,100.0,0.0,100.0
931,19,400.0,15,8,3,0.15,400,COLD_RESTART,0.25,3.0,0.9,5,19,COLD_RESTART,4,305,85,5,38,28,27,3,0,0.0357142857142857,1.2962962962962963,40.0,0.0,40.0
911,18,400.0,15,8,3,0.15,400,GOVERNED,0.5,,0.9,5,18,GOVERNED,0,11,383,4,273,103,102,1,0,0.009708737864077666,1.0,0.0,0.0,0.0
941,19,400.0,15,8,3,0.15,400,CLOSED_LOOP,0.1,,0.9,5,19,CLOSED_LOOP,21,269,109,17,14,24,24,5,0,0.0,1.0,210.0,0.0,210.0
932,19,400.0,15,8,3,0.15,400,COLD_RESTART,0.25,,0.9,5,19,COLD_RESTART,0,59,312,24,136,75,74,4,10,0.013333333333333308,1.0,0.0,0.0,0.0
943,19,400.0,15,8,3,0.15,400,CLOSED_LOOP,0.25,3.0,0.9,5,19,CLOSED_LOOP,4,305,85,5,38,28,27,3,0,0.0357142857142857,1.2962962962962963,40.0,0.0,40.0
945,19,400.0,15,8,3,0.15,400,CLOSED_LOOP,0.5,1.0,0.9,5,19,CLOSED_LOOP,5,336,47,5,16,17,16,7,0,0.05882352941176472,2.25,50.0,0.0,50.0
939,19,400.0,15,8,3,0.15,400,CLOSED_LOOP,0.1,1.0,0.9,5,19,CLOSED_LOOP,5,400,0,0,0,0,0,0,0,0.0,0.0,50.0,0.0,50.0
948,19,400.0,15,8,3,0.15,400,GOVERNED,0.0,1.0,0.9,5,19,GOVERNED,7,400,0,0,0,0,0,0,0,0.0,0.0,70.0,0.0,70.0
938,19,400.0,15,8,3,0.15,400,CLOSED_LOOP,0.0,,0.9,5,19,CLOSED_LOOP,30,400,0,0,0,0,0,0,0,0.0,0.0,300.0,0.0,300.0
934,19,400.0,15,8,3,0.15,400,COLD_RESTART,0.5,3.0,0.9,5,19,COLD_RESTART,0,143,233,14,163,62,62,6,0,0.0,1.1129032258064515,0.0,0.0,0.0
952,19,400.0,15,8,3,0.15,400,GOVERNED,0.1,3.0,0.9,5,19,GOVERNED,10,348,42,8,3,10,10,2,0,0.0,2.4,100.0,0.0,100.0
951,19,400.0,15,8,3,0.15,400,GOVERNED,0.1,1.0,0.9,5,19,GOVERNED,5,400,0,0,0,0,0,0,0,0.0,0.0,50.0,0.0,50.0
950,19,400.0,15,8,3,0.15,400,GOVERNED,0.0,,0.9,5,19,GOVERNED,30,400,0,0,0,0,0,0,0,0.0,0.0,300.0,0.0,300.0
946,19,400.0,15,8,3,0.15,400,CLOSED_LOOP,0.5,3.0,0.9,5,19,CLOSED_LOOP,0,143,233,14,163,62,62,6,0,0.0,1.1129032258064515,0.0,0.0,0.0
953,19,400.0,15,8,3,0.15,400,GOVERNED,0.1,,0.9,5,19,GOVERNED,21,269,109,17,14,24,24,5,0,0.0,1.0,210.0,0.0,210.0
957,19,400.0,15,8,3,0.15,400,GOVERNED,0.5,1.0,0.9,5,19,GOVERNED,5,336,47,5,16,17,16,7,0,0.05882352941176472,2.25,50.0,0.0,50.0
949,19,400.0,15,8,3,0.15,400,GOVERNED,0.0,3.0,0.9,5,19,GOVERNED,11,400,0,0,0,0,0,0,0,0.0,0.0,110.0,0.0,110.0
960,20,400.0,15,8,3,0.15,400,OPEN_LOOP,0.0,1.0,0.9,5,20,OPEN_LOOP,8,400,0,0,0,0,0,0,0,0.0,0.0,80.0,0.0,80.0
935,19,400.0,15,8,3,0.15,400,COLD_RESTART,0.5,,0.9,5,19,COLD_RESTART,0,4,392,3,370,104,104,0,0,0.0,1.0,0.0,0.0,0.0
955,19,400.0,15,8,3,0.15,400,GOVERNED,0.25,3.0,0.9,5,19,GOVERNED,4,305,85,5,38,28,27,3,0,0.0357142857142857,1.2962962962962963,40.0,0.0,40.0
958,19,400.0,15,8,3,0.15,400,GOVERNED,0.5,3.0,0.9,5,19,GOVERNED,0,143,233,14,163,62,62,6,0,0.0,1.1129032258064515,0.0,0.0,0.0
961,20,400.0,15,8,3,0.15,400,OPEN_LOOP,0.0,3.0,0.9,5,20,OPEN_LOOP,17,400,0,0,0,0,0,0,0,0.0,0.0,170.0,0.0,170.0
954,19,400.0,15,8,3,0.15,400,GOVERNED,0.25,1.0,0.9,5,19,GOVERNED,7,400,0,0,0,1,0,0,0,1.0,0.0,70.0,0.0,70.0
964,20,400.0,15,8,3,0.15,400,OPEN_LOOP,0.1,3.0,0.9,5,20,OPEN_LOOP,15,390,0,0,0,11,10,10,0,0.09090909090909094,3.8,150.0,0.0,150.0
962,20,400.0,15,8,3,0.15,400,OPEN_LOOP,0.0,,0.9,5,20,OPEN_LOOP,30,400,0,0,0,0,0,0,0,0.0,0.0,300.0,0.0,300.0
963,20,400.0,15,8,3,0.15,400,OPEN_LOOP,0.1,1.0,0.9,5,20,OPEN_LOOP,8,399,0,0,0,1,1,1,0,0.0,1.0,80.0,0.0,80.0
967,20,400.0,15,8,3,0.15,400,OPEN_LOOP,0.25,3.0,0.9,5,20,OPEN_LOOP,18,384,0,0,0,24,22,16,0,0.08333333333333337,2.1818181818181817,180.0,0.0,180.0
966,20,400.0,15,8,3,0.15,400,OPEN_LOOP,0.25,1.0,0.9,5,20,OPEN_LOOP,15,394,0,0,0,6,6,6,0,0.0,1.8333333333333333,150.0,0.0,150.0
972,20,400.0,15,8,3,0.15,400,COLD_RESTART,0.0,1.0,0.9,5,20,COLD_RESTART,8,400,0,0,0,0,0,0,0,0.0,0.0,80.0,0.0,80.0
970,20,400.0,15,8,3,0.15,400,OPEN_LOOP,0.5,3.0,0.9,5,20,OPEN_LOOP,11,374,0,0,0,34,32,26,0,0.05882352941176472,1.3125,110.0,0.0,110.0
944,19,400.0,15,8,3,0.15,400,CLOSED_LOOP,0.25,,0.9,5,19,CLOSED_LOOP,6,106,269,22,104,67,66,2,0,0.014925373134328401,1.0,60.0,0.0,60.0
947,19,400.0,15,8,3,0.15,400,CLOSED_LOOP,0.5,,0.9,5,19,CLOSED_LOOP,0,4,392,3,370,104,104,0,0,0.0,1.0,0.0,0.0,0.0
969,20,400.0,15,8,3,0.15,400,OPEN_LOOP,0.5,1.0,0.9,5,20,OPEN_LOOP,15,390,0,0,0,10,10,10,0,0.0,1.4,150.0,0.0,150.0
968,20,400.0,15,8,3,0.15,400,OPEN_LOOP,0.25,,0.9,5,20,OPEN_LOOP,30,369,0,0,0,44,44,31,0,0.0,1.0,300.0,0.0,300.0
973,20,400.0,15,8,3,0.15,400,COLD_RESTART,0.0,3.0,0.9,5,20,COLD_RESTART,17,400,0,0,0,0,0,0,0,0.0,0.0,170.0,0.0,170.0
978,20,400.0,15,8,3,0.15,400,COLD_RESTART,0.25,1.0,0.9,5,20,COLD_RESTART,7,389,9,1,2,3,3,0,0,0.0,1.0,70.0,0.0,70.0
975,20,400.0,15,8,3,0.15,400,COLD_RESTART,0.1,1.0,0.9,5,20,COLD_RESTART,8,397,1,0,1,1,1,1,0,0.0,1.0,80.0,0.0,80.0
965,20,400.0,15,8,3,0.15,400,OPEN_LOOP,0.1,,0.9,5,20,OPEN_LOOP,27,378,0,0,0,25,25,22,0,0.0,1.0,270.0,0.0,270.0
976,20,400.0,15,8,3,0.15,400,COLD_RESTART,0.1,3.0,0.9,5,20,COLD_RESTART,13,339,50,9,8,11,11,1,1,0.0,1.2727272727272727,130.0,0.0,130.0
956,19,400.0,15,8,3,0.15,400,GOVERNED,0.25,,0.9,5,19,GOVERNED,6,106,269,22,104,67,66,2,0,0.014925373134328401,1.0,60.0,0.0,60.0
979,20,400.0,15,8,3,0.15,400,COLD_RESTART,0.25,3.0,0.9,5,20,COLD_RESTART,6,155,216,25,61,52,52,4,8,0.0,1.3076923076923077,60.0,0.0,60.0
981,20,400.0,15,8,3,0.15,400,COLD_RESTART,0.5,1.0,0.9,5,20,COLD_RESTART,3,91,276,27,123,70,70,5,3,0.0,1.042857142857143,30.0,0.0,30.0
977,20,400.0,15,8,3,0.15,400,COLD_RESTART,0.1,,0.9,5,20,COLD_RESTART,15,262,113,17,15,23,23,8,12,0.0,1.0,150.0,0.0,150.0
985,20,400.0,15,8,3,0.15,400,CLOSED_LOOP,0.0,3.0,0.9,5,20,CLOSED_LOOP,17,400,0,0,0,0,0,0,0,0.0,0.0,170.0,0.0,170.0
974,20,400.0,15,8,3,0.15,400,COLD_RESTART,0.0,,0.9,5,20,COLD_RESTART,30,400,0,0,0,0,0,0,0,0.0,0.0,300.0,0.0,300.0
987,20,400.0,15,8,3,0.15,400,CLOSED_LOOP,0.1,1.0,0.9,5,20,CLOSED_LOOP,8,397,1,0,1,1,1,1,0,0.0,1.0,80.0,0.0,80.0
971,20,400.0,15,8,3,0.15,400,OPEN_LOOP,0.5,,0.9,5,20,OPEN_LOOP,24,353,0,0,0,75,75,47,0,0.0,1.0,240.0,0.0,240.0
982,20,400.0,15,8,3,0.15,400,COLD_RESTART,0.5,3.0,0.9,5,20,COLD_RESTART,0,9,373,17,295,95,94,0,0,0.010526315789473717,1.0,0.0,0.0,0.0
986,20,400.0,15,8,3,0.15,400,CLOSED_LOOP,0.0,,0.9,5,20,CLOSED_LOOP,30,400,0,0,0,0,0,0,0,0.0,0.0,300.0,0.0,300.0
990,20,400.0,15,8,3,0.15,400,CLOSED_LOOP,0.25,1.0,0.9,5,20,CLOSED_LOOP,7,389,9,1,2,3,3,0,0,0.0,1.0,70.0,0.0,70.0
988,20,400.0,15,8,3,0.15,400,CLOSED_LOOP,0.1,3.0,0.9,5,20,CLOSED_LOOP,13,293,89,13,12,21,21,4,0,0.0,1.9047619047619047,130.0,0.0,130.0
984,20,400.0,15,8,3,0.15,400,CLOSED_LOOP,0.0,1.0,0.9,5,20,CLOSED_LOOP,8,400,0,0,0,0,0,0,0,0.0,0.0,80.0,0.0,80.0
993,20,400.0,15,8,3,0.15,400,CLOSED_LOOP,0.5,1.0,0.9,5,20,CLOSED_LOOP,10,292,86,6,31,33,33,10,0,0.0,1.1515151515151516,100.0,0.0,100.0
996,20,400.0,15,8,3,0.15,400,GOVERNED,0.0,1.0,0.9,5,20,GOVERNED,8,400,0,0,0,0,0,0,0,0.0,0.0,80.0,0.0,80.0
991,20,400.0,15,8,3,0.15,400,CLOSED_LOOP,0.25,3.0,0.9,5,20,CLOSED_LOOP,8,209,174,16,47,43,43,1,0,0.0,1.069767441860465,80.0,0.0,80.0
989,20,400.0,15,8,3,0.15,400,CLOSED_LOOP,0.1,,0.9,5,20,CLOSED_LOOP,21,268,110,16,14,24,24,6,0,0.0,1.0,210.0,0.0,210.0
959,19,400.0,15,8,3,0.15,400,GOVERNED,0.5,,0.9,5,19,GOVERNED,0,4,392,3,370,104,104,0,0,0.0,1.0,0.0,0.0,0.0
994,20,400.0,15,8,3,0.15,400,CLOSED_LOOP,0.5,3.0,0.9,5,20,CLOSED_LOOP,0,9,373,17,295,95,94,0,0,0.010526315789473717,1.0,0.0,0.0,0.0
980,20,400.0,15,8,3,0.15,400,COLD_RESTART,0.25,,0.9,5,20,COLD_RESTART,4,96,285,17,138,74,74,2,8,0.0,1.0,40.0,0.0,40.0
998,20,400.0,15,8,3,0.15,400,GOVERNED,0.0,,0.9,5,20,GOVERNED,30,400,0,0,0,0,0,0,0,0.0,0.0,300.0,0.0,300.0
992,20,400.0,15,8,3,0.15,400,CLOSED_LOOP,0.25,,0.9,5,20,CLOSED_LOOP,9,89,289,21,143,72,72,0,0,0.0,1.0,90.0,0.0,90.0
997,20,400.0,15,8,3,0.15,400,GOVERNED,0.0,3.0,0.9,5,20,GOVERNED,17,400,0,0,0,0,0,0,0,0.0,0.0,170.0,0.0,170.0
999,20,400.0,15,8,3,0.15,400,GOVERNED,0.1,1.0,0.9,5,20,GOVERNED,8,397,1,0,1,1,1,1,0,0.0,1.0,80.0,0.0,80.0
1002,20,400.0,15,8,3,0.15,400,GOVERNED,0.25,1.0,0.9,5,20,GOVERNED,7,389,9,1,2,3,3,0,0,0.0,1.0,70.0,0.0,70.0
1005,20,400.0,15,8,3,0.15,400,GOVERNED,0.5,1.0,0.9,5,20,GOVERNED,10,292,86,6,31,33,33,10,0,0.0,1.1515151515151516,100.0,0.0,100.0
1000,20,400.0,15,8,3,0.15,400,GOVERNED,0.1,3.0,0.9,5,20,GOVERNED,13,293,89,13,12,21,21,4,0,0.0,1.9047619047619047,130.0,0.0,130.0
983,20,400.0,15,8,3,0.15,400,COLD_RESTART,0.5,,0.9,5,20,COLD_RESTART,0,8,382,8,353,97,96,1,1,0.010309278350515427,1.0,0.0,0.0,0.0
1011,21,400.0,15,8,3,0.15,400,OPEN_LOOP,0.1,1.0,0.9,5,21,OPEN_LOOP,4,400,0,0,0,0,0,0,0,0.0,0.0,40.0,0.0,40.0
1009,21,400.0,15,8,3,0.15,400,OPEN_LOOP,0.0,3.0,0.9,5,21,OPEN_LOOP,12,400,0,0,0,0,0,0,0,0.0,0.0,120.0,0.0,120.0
1008,21,400.0,15,8,3,0.15,400,OPEN_LOOP,0.0,1.0,0.9,5,21,OPEN_LOOP,4,400,0,0,0,0,0,0,0,0.0,0.0,40.0,0.0,40.0
995,20,400.0,15,8,3,0.15,400,CLOSED_LOOP,0.5,,0.9,5,20,CLOSED_LOOP,0,11,378,10,322,99,99,0,0,0.0,1.0,0.0,0.0,0.0
1004,20,400.0,15,8,3,0.15,400,GOVERNED,0.25,,0.9,5,20,GOVERNED,9,89,289,21,143,72,72,0,0,0.0,1.0,90.0,0.0,90.0
1006,20,400.0,15,8,3,0.15,400,GOVERNED,0.5,3.0,0.9,5,20,GOVERNED,0,9,373,17,295,95,94,0,0,0.010526315789473717,1.0,0.0,0.0,0.0
1014,21,400.0,15,8,3,0.15,400,OPEN_LOOP,0.25,1.0,0.9,5,21,OPEN_LOOP,4,397,0,0,0,3,3,3,0,0.0,10.333333333333334,40.0,0.0,40.0
1012,21,400.0,15,8,3,0.15,400,OPEN_LOOP,0.1,3.0,0.9,5,21,OPEN_LOOP,12,392,0,0,0,11,10,8,0,0.09090909090909094,4.8,120.0,0.0,120.0
1003,20,400.0,15,8,3,0.15,400,GOVERNED,0.25,3.0,0.9,5,20,GOVERNED,8,209,174,16,47,43,43,1,0,0.0,1.069767441860465,80.0,0.0,80.0
1001,20,400.0,15,8,3,0.15,400,GOVERNED,0.1,,0.9,5,20,GOVERNED,21,268,110,16,14,24,24,6,0,0.0,1.0,210.0,0.0,210.0
1010,21,400.0,15,8,3,0.15,400,OPEN_LOOP,0.0,,0.9,5,21,OPEN_LOOP,27,400,0,0,0,0,0,0,0,0.0,0.0,270.0,0.0,270.0
1015,21,400.0,15,8,3,0.15,400,OPEN_LOOP,0.25,3.0,0.9,5,21,OPEN_LOOP,10,392,0,0,0,11,10,8,0,0.09090909090909094,2.8,100.0,0.0,100.0
1020,21,400.0,15,8,3,0.15,400,COLD_RESTART,0.0,1.0,0.9,5,21,COLD_RESTART,4,400,0,0,0,0,0,0,0,0.0,0.0,40.0,0.0,40.0
1013,21,400.0,15,8,3,0.15,400,OPEN_LOOP,0.1,,0.9,5,21,OPEN_LOOP,24,380,0,0,0,25,24,20,0,0.040000000000000036,1.0,240.0,0.0,240.0
1018,21,400.0,15,8,3,0.15,400,OPEN_LOOP,0.5,3.0,0.9,5,21,OPEN_LOOP,10,372,0,0,0,39,37,28,0,0.05128205128205132,1.7297297297297298,100.0,0.0,100.0
1023,21,400.0,15,8,3,0.15,400,COLD_RESTART,0.1,1.0,0.9,5,21,COLD_RESTART,4,400,0,0,0,0,0,0,0,0.0,0.0,40.0,0.0,40.0
1021,21,400.0,15,8,3,0.15,400,COLD_RESTART,0.0,3.0,0.9,5,21,COLD_RESTART,12,400,0,0,0,0,0,0,0,0.0,0.0,120.0,0.0,120.0
1024,21,400.0,15,8,3,0.15,400,COLD_RESTART,0.1,3.0,0.9,5,21,COLD_RESTART,8,358,34,6,4,9,9,2,0,0.0,2.888888888888889,80.0,0.0,80.0
1022,21,400.0,15,8,3,0.15,400,COLD_RESTART,0.0,,0.9,5,21,COLD_RESTART,27,400,0,0,0,0,0,0,0,0.0,0.0,270.0,0.0,270.0
1017,21,400.0,15,8,3,0.15,400,OPEN_LOOP,0.5,1.0,0.9,5,21,OPEN_LOOP,4,394,0,0,0,6,6,6,0,0.0,2.6666666666666665,40.0,0.0,40.0
1027,21,400.0,15,8,3,0.15,400,COLD_RESTART,0.25,3.0,0.9,5,21,COLD_RESTART,4,341,51,6,11,13,13,2,2,0.0,1.6153846153846154,40.0,0.0,40.0
1016,21,400.0,15,8,3,0.15,400,OPEN_LOOP,0.25,,0.9,5,21,OPEN_LOOP,27,374,0,0,0,43,42,26,0,0.023255813953488413,1.0,270.0,0.0,270.0
1029,21,400.0,15,8,3,0.15,400,COLD_RESTART,0.5,1.0,0.9,5,21,COLD_RESTART,1,366,19,2,5,13,13,8,0,0.0,2.6153846153846154,10.0,0.0,10.0
1032,21,400.0,15,8,3,0.15,400,CLOSED_LOOP,0.0,1.0,0.9,5,21,CLOSED_LOOP,4,400,0,0,0,0,0,0,0,0.0,0.0,40.0,0.0,40.0
1025,21,400.0,15,8,3,0.15,400,COLD_RESTART,0.1,,0.9,5,21,COLD_RESTART,15,258,116,19,14,24,24,7,9,0.0,1.0,150.0,0.0,150.0
1035,21,400.0,15,8,3,0.15,400,CLOSED_LOOP,0.1,1.0,0.9,5,21,CLOSED_LOOP,4,400,0,0,0,0,0,0,0,0.0,0.0,40.0,0.0,40.0
1033,21,400.0,15,8,3,0.15,400,CLOSED_LOOP,0.0,3.0,0.9,5,21,CLOSED_LOOP,12,400,0,0,0,0,0,0,0,0.0,0.0,120.0,0.0,120.0
1034,21,400.0,15,8,3,0.15,400,CLOSED_LOOP,0.0,,0.9,5,21,CLOSED_LOOP,27,400,0,0,0,0,0,0,0,0.0,0.0,270.0,0.0,270.0
1038,21,400.0,15,8,3,0.15,400,CLOSED_LOOP,0.25,1.0,0.9,5,21,CLOSED_LOOP,4,366,25,2,8,10,10,4,0,0.0,1.0,40.0,0.0,40.0
1026,21,400.0,15,8,3,0.15,400,COLD_RESTART,0.25,1.0,0.9,5,21,COLD_RESTART,4,366,25,2,8,10,10,4,0,0.0,1.0,40.0,0.0,40.0
1019,21,400.0,15,8,3,0.15,400,OPEN_LOOP,0.5,,0.9,5,21,OPEN_LOOP,21,364,0,0,0,70,70,36,0,0.0,1.0,210.0,0.0,210.0
1036,21,400.0,15,8,3,0.15,400,CLOSED_LOOP,0.1,3.0,0.9,5,21,CLOSED_LOOP,8,358,34,6,4,9,9,2,0,0.0,2.888888888888889,80.0,0.0,80.0
1028,21,400.0,15,8,3,0.15,400,COLD_RESTART,0.25,,0.9,5,21,COLD_RESTART,1,83,291,21,110,71,71,4,8,0.0,1.0,10.0,0.0,10.0
1039,21,400.0,15,8,3,0.15,400,CLOSED_LOOP,0.25,3.0,0.9,5,21,CLOSED_LOOP,8,293,95,8,32,27,27,3,0,0.0,1.1111111111111112,80.0,0.0,80.0
1007,20,400.0,15,8,3,0.15,400,GOVERNED,0.5,,0.9,5,20,GOVERNED,0,11,378,10,322,99,99,0,0,0.0,1.0,0.0,0.0,0.0
1030,21,400.0,15,8,3,0.15,400,COLD_RESTART,0.5,3.0,0.9,5,21,COLD_RESTART,2,268,118,7,50,31,31,5,0,0.0,1.064516129032258,20.0,0.0,20.0
1041,21,400.0,15,8,3,0.15,400,CLOSED_LOOP,0.5,1.0,0.9,5,21,CLOSED_LOOP,1,366,19,2,5,13,13,8,0,0.0,2.6153846153846154,10.0,0.0,10.0
1047,21,400.0,15,8,3,0.15,400,GOVERNED,0.1,1.0,0.9,5,21,GOVERNED,4,400,0,0,0,0,0,0,0,0.0,0.0,40.0,0.0,40.0
1045,21,400.0,15,8,3,0.15,400,GOVERNED,0.0,3.0,0.9,5,21,GOVERNED,12,400,0,0,0,0,0,0,0,0.0,0.0,120.0,0.0,120.0
1042,21,400.0,15,8,3,0.15,400,CLOSED_LOOP,0.5,3.0,0.9,5,21,CLOSED_LOOP,2,268,118,7,50,31,31,5,0,0.0,1.064516129032258,20.0,0.0,20.0
1050,21,400.0,15,8,3,0.15,400,GOVERNED,0.25,1.0,0.9,5,21,GOVERNED,4,366,25,2,8,10,10,4,0,0.0,1.0,40.0,0.0,40.0
1037,21,400.0,15,8,3,0.15,400,CLOSED_LOOP,0.1,,0.9,5,21,CLOSED_LOOP,18,251,123,21,15,27,27,4,0,0.0,1.0,180.0,0.0,180.0
1046,21,400.0,15,8,3,0.15,400,GOVERNED,0.0,,0.9,5,21,GOVERNED,27,400,0,0,0,0,0,0,0,0.0,0.0,270.0,0.0,270.0
1051,21,400.0,15,8,3,0.15,400,GOVERNED,0.25,3.0,0.9,5,21,GOVERNED,8,293,95,8,32,27,27,3,0,0.0,1.1111111111111112,80.0,0.0,80.0
1044,21,400.0,15,8,3,0.15,400,GOVERNED,0.0,1.0,0.9,5,21,GOVERNED,4,400,0,0,0,0,0,0,0,0.0,0.0,40.0,0.0,40.0
1048,21,400.0,15,8,3,0.15,400,GOVERNED,0.1,3.0,0.9,5,21,GOVERNED,8,358,34,6,4,9,9,2,0,0.0,2.888888888888889,80.0,0.0,80.0
1053,21,400.0,15,8,3,0.15,400,GOVERNED,0.5,1.0,0.9,5,21,GOVERNED,1,366,19,2,5,13,13,8,0,0.0,2.6153846153846154,10.0,0.0,10.0
1056,22,400.0,15,8,3,0.15,400,OPEN_LOOP,0.0,1.0,0.9,5,22,OPEN_LOOP,6,400,0,0,0,0,0,0,0,0.0,0.0,60.0,0.0,60.0
1057,22,400.0,15,8,3,0.15,400,OPEN_LOOP,0.0,3.0,0.9,5,22,OPEN_LOOP,10,400,0,0,0,0,0,0,0,0.0,0.0,100.0,0.0,100.0
1054,21,400.0,15,8,3,0.15,400,GOVERNED,0.5,3.0,0.9,5,21,GOVERNED,2,268,118,7,50,31,31,5,0,0.0,1.064516129032258,20.0,0.0,20.0
1059,22,400.0,15,8,3,0.15,400,OPEN_LOOP,0.1,1.0,0.9,5,22,OPEN_LOOP,12,398,0,0,0,2,2,2,0,0.0,4.0,120.0,0.0,120.0
1060,22,400.0,15,8,3,0.15,400,OPEN_LOOP,0.1,3.0,0.9,5,22,OPEN_LOOP,14,392,0,0,0,11,11,8,0,0.0,2.1818181818181817,140.0,0.0,140.0
1049,21,400.0,15,8,3,0.15,400,GOVERNED,0.1,,0.9,5,21,GOVERNED,18,251,123,21,15,27,27,4,0,0.0,1.0,180.0,0.0,180.0
1058,22,400.0,15,8,3,0.15,400,OPEN_LOOP,0.0,,0.9,5,22,OPEN_LOOP,30,400,0,0,0,0,0,0,0,0.0,0.0,300.0,0.0,300.0
1062,22,400.0,15,8,3,0.15,400,OPEN_LOOP,0.25,1.0,0.9,5,22,OPEN_LOOP,9,393,0,0,0,8,7,7,0,0.125,3.142857142857143,90.0,0.0,90.0
1040,21,400.0,15,8,3,0.15,400,CLOSED_LOOP,0.25,,0.9,5,21,CLOSED_LOOP,3,52,329,17,194,84,84,1,0,0.0,1.0,30.0,0.0,30.0
1063,22,400.0,15,8,3,0.15,400,OPEN_LOOP,0.25,3.0,0.9,5,22,OPEN_LOOP,16,383,0,0,0,20,17,17,0,0.15000000000000002,1.2352941176470589,160.0,0.0,160.0
1068,22,400.0,15,8,3,0.15,400,COLD_RESTART,0.0,1.0,0.9,5,22,COLD_RESTART,6,400,0,0,0,0,0,0,0,0.0,0.0,60.0,0.0,60.0
1052,21,400.0,15,8,3,0.15,400,GOVERNED,0.25,,0.9,5,21,GOVERNED,3,52,329,17,194,84,84,1,0,0.0,1.0,30.0,0.0,30.0
1069,22,400.0,15,8,3,0.15,400,COLD_RESTART,0.0,3.0,0.9,5,22,COLD_RESTART,10,400,0,0,0,0,0,0,0,0.0,0.0,100.0,0.0,100.0
1064,22,400.0,15,8,3,0.15,400,OPEN_LOOP,0.25,,0.9,5,22,OPEN_LOOP,27,364,0,0,0,58,58,36,0,0.0,1.0,270.0,0.0,270.0
1065,22,400.0,15,8,3,0.15,400,OPEN_LOOP,0.5,1.0,0.9,5,22,OPEN_LOOP,7,398,0,0,0,2,2,2,0,0.0,1.0,70.0,0.0,70.0
1071,22,400.0,15,8,3,0.15,400,COLD_RESTART,0.1,1.0,0.9,5,22,COLD_RESTART,10,394,5,1,0,1,1,0,0,0.0,2.0,100.0,0.0,100.0
1066,22,400.0,15,8,3,0.15,400,OPEN_LOOP,0.5,3.0,0.9,5,22,OPEN_LOOP,9,382,0,0,0,19,19,18,0,0.0,1.0526315789473684,90.0,0.0,90.0
1031,21,400.0,15,8,3,0.15,400,COLD_RESTART,0.5,,0.9,5,21,COLD_RESTART,0,11,378,10,351,99,99,0,0,0.0,1.0,0.0,0.0,0.0
1061,22,400.0,15,8,3,0.15,400,OPEN_LOOP,0.1,,0.9,5,22,OPEN_LOOP,27,383,0,0,0,27,27,17,0,0.0,1.0,270.0,0.0,270.0
1077,22,400.0,15,8,3,0.15,400,COLD_RESTART,0.5,1.0,0.9,5,22,COLD_RESTART,4,394,3,0,1,3,3,2,0,0.0,2.3333333333333335,40.0,0.0,40.0
1074,22,400.0,15,8,3,0.15,400,COLD_RESTART,0.25,1.0,0.9,5,22,COLD_RESTART,8,380,9,0,5,9,9,6,0,0.0,1.5555555555555556,80.0,0.0,80.0
1070,22,400.0,15,8,3,0.15,400,COLD_RESTART,0.0,,0.9,5,22,COLD_RESTART,30,400,0,0,0,0,0,0,0,0.0,0.0,300.0,0.0,300.0
1072,22,400.0,15,8,3,0.15,400,COLD_RESTART,0.1,3.0,0.9,5,22,COLD_RESTART,13,253,121,20,12,27,27,6,10,0.0,2.6666666666666665,130.0,0.0,130.0
1043,21,400.0,15,8,3,0.15,400,CLOSED_LOOP,0.5,,0.9,5,21,CLOSED_LOOP,0,11,378,10,351,99,99,0,0,0.0,1.0,0.0,0.0,0.0
1073,22,400.0,15,8,3,0.15,400,COLD_RESTART,0.1,,0.9,5,22,COLD_RESTART,12,233,146,17,24,33,32,4,12,0.030303030303030276,1.0,120.0,0.0,120.0
1067,22,400.0,15,8,3,0.15,400,OPEN_LOOP,0.5,,0.9,5,22,OPEN_LOOP,27,358,0,0,0,66,66,42,0,0.0,1.0,270.0,0.0,270.0
1083,22,400.0,15,8,3,0.15,400,CLOSED_LOOP,0.1,1.0,0.9,5,22,CLOSED_LOOP,10,394,5,1,0,1,1,0,0,0.0,2.0,100.0,0.0,100.0
1078,22,400.0,15,8,3,0.15,400,COLD_RESTART,0.5,3.0,0.9,5,22,COLD_RESTART,1,318,65,5,32,24,22,7,0,0.08333333333333337,1.5454545454545454,10.0,0.0,10.0
1080,22,400.0,15,8,3,0.15,400,CLOSED_LOOP,0.0,1.0,0.9,5,22,CLOSED_LOOP,6,400,0,0,0,0,0,0,0,0.0,0.0,60.0,0.0,60.0
1075,22,400.0,15,8,3,0.15,400,COLD_RESTART,0.25,3.0,0.9,5,22,COLD_RESTART,7,173,198,20,65,51,50,7,6,0.019607843137254943,1.3,70.0,0.0,70.0
1084,22,400.0,15,8,3,0.15,400,CLOSED_LOOP,0.1,3.0,0.9,5,22,CLOSED_LOOP,15,302,83,12,8,20,19,3,0,0.050000000000000044,2.9473684210526314,150.0,0.0,150.0
1086,22,400.0,15,8,3,0.15,400,CLOSED_LOOP,0.25,1.0,0.9,5,22,CLOSED_LOOP,8,380,9,0,5,9,9,6,0,0.0,1.5555555555555556,80.0,0.0,80.0
1081,22,400.0,15,8,3,0.15,400,CLOSED_LOOP,0.0,3.0,0.9,5,22,CLOSED_LOOP,10,400,0,0,0,0,0,0,0,0.0,0.0,100.0,0.0,100.0
1082,22,400.0,15,8,3,0.15,400,CLOSED_LOOP,0.0,,0.9,5,22,CLOSED_LOOP,30,400,0,0,0,0,0,0,0,0.0,0.0,300.0,0.0,300.0
1055,21,400.0,15,8,3,0.15,400,GOVERNED,0.5,,0.9,5,21,GOVERNED,0,11,378,10,351,99,99,0,0,0.0,1.0,0.0,0.0,0.0
1092,22,400.0,15,8,3,0.15,400,GOVERNED,0.0,1.0,0.9,5,22,GOVERNED,6,400,0,0,0,0,0,0,0,0.0,0.0,60.0,0.0,60.0
1095,22,400.0,15,8,3,0.15,400,GOVERNED,0.1,1.0,0.9,5,22,GOVERNED,10,394,5,1,0,1,1,0,0,0.0,2.0,100.0,0.0,100.0
1087,22,400.0,15,8,3,0.15,400,CLOSED_LOOP,0.25,3.0,0.9,5,22,CLOSED_LOOP,8,225,158,10,48,46,46,3,0,0.0,1.3478260869565217,80.0,0.0,80.0
1094,22,400.0,15,8,3,0.15,400,GOVERNED,0.0,,0.9,5,22,GOVERNED,30,400,0,0,0,0,0,0,0,0.0,0.0,300.0,0.0,300.0
1076,22,400.0,15,8,3,0.15,400,COLD_RESTART,0.25,,0.9,5,22,COLD_RESTART,1,88,280,27,121,69,69,4,13,0.0,1.0,10.0,0.0,10.0
1089,22,400.0,15,8,3,0.15,400,CLOSED_LOOP,0.5,1.0,0.9,5,22,CLOSED_LOOP,4,394,3,0,1,3,3,2,0,0.0,2.3333333333333335,40.0,0.0,40.0
1090,22,400.0,15,8,3,0.15,400,CLOSED_LOOP,0.5,3.0,0.9,5,22,CLOSED_LOOP,1,318,65,5,32,24,22,7,0,0.08333333333333337,1.5454545454545454,10.0,0.0,10.0
1093,22,400.0,15,8,3,0.15,400,GOVERNED,0.0,3.0,0.9,5,22,GOVERNED,10,400,0,0,0,0,0,0,0,0.0,0.0,100.0,0.0,100.0
1079,22,400.0,15,8,3,0.15,400,COLD_RESTART,0.5,,0.9,5,22,COLD_RESTART,0,2,393,4,412,99,99,0,0,0.0,1.0,0.0,0.0,0.0
1096,22,400.0,15,8,3,0.15,400,GOVERNED,0.1,3.0,0.9,5,22,GOVERNED,15,302,83,12,8,20,19,3,0,0.050000000000000044,2.9473684210526314,150.0,0.0,150.0
1098,22,400.0,15,8,3,0.15,400,GOVERNED,0.25,1.0,0.9,5,22,GOVERNED,8,380,9,0,5,9,9,6,0,0.0,1.5555555555555556,80.0,0.0,80.0
1085,22,400.0,15,8,3,0.15,400,CLOSED_LOOP,0.1,,0.9,5,22,CLOSED_LOOP,21,271,108,17,16,24,24,4,0,0.0,1.0,210.0,0.0,210.0
1097,22,400.0,15,8,3,0.15,400,GOVERNED,0.1,,0.9,5,22,GOVERNED,21,271,108,17,16,24,24,4,0,0.0,1.0,210.0,0.0,210.0
1104,23,400.0,15,8,3,0.15,400,OPEN_LOOP,0.0,1.0,0.9,5,23,OPEN_LOOP,6,400,0,0,0,0,0,0,0,0.0,0.0,60.0,0.0,60.0
1099,22,400.0,15,8,3,0.15,400,GOVERNED,0.25,3.0,0.9,5,22,GOVERNED,8,225,158,10,48,46,46,3,0,0.0,1.3478260869565217,80.0,0.0,80.0
1105,23,400.0,15,8,3,0.15,400,OPEN_LOOP,0.0,3.0,0.9,5,23,OPEN_LOOP,8,400,0,0,0,0,0,0,0,0.0,0.0,80.0,0.0,80.0
1088,22,400.0,15,8,3,0.15,400,CLOSED_LOOP,0.25,,0.9,5,22,CLOSED_LOOP,3,68,307,21,140,74,74,3,0,0.0,1.0,30.0,0.0,30.0
1108,23,400.0,15,8,3,0.15,400,OPEN_LOOP,0.1,3.0,0.9,5,23,OPEN_LOOP,4,400,0,0,0,0,0,0,0,0.0,0.0,40.0,0.0,40.0
1101,22,400.0,15,8,3,0.15,400,GOVERNED,0.5,1.0,0.9,5,22,GOVERNED,4,394,3,0,1,3,3,2,0,0.0,2.3333333333333335,40.0,0.0,40.0
1091,22,400.0,15,8,3,0.15,400,CLOSED_LOOP,0.5,,0.9,5,22,CLOSED_LOOP,0,2,393,4,412,99,99,0,0,0.0,1.0,0.0,0.0,0.0
1102,22,400.0,15,8,3,0.15,400,GOVERNED,0.5,3.0,0.9,5,22,GOVERNED,1,318,65,5,32,24,22,7,0,0.08333333333333337,1.5454545454545454,10.0,0.0,10.0
1107,23,400.0,15,8,3,0.15,400,OPEN_LOOP,0.1,1.0,0.9,5,23,OPEN_LOOP,3,399,0,0,0,1,1,1,0,0.0,1.0,30.0,0.0,30.0
1110,23,400.0,15,8,3,0.15,400,OPEN_LOOP,0.25,1.0,0.9,5,23,OPEN_LOOP,4,399,0,0,0,1,1,1,0,0.0,7.0,40.0,0.0,40.0
1109,23,400.0,15,8,3,0.15,400,OPEN_LOOP,0.1,,0.9,5,23,OPEN_LOOP,27,385,0,0,0,15,15,15,0,0.0,1.0,270.0,0.0,270.0
1100,22,400.0,15,8,3,0.15,400,GOVERNED,0.25,,0.9,5,22,GOVERNED,3,68,307,21,140,74,74,3,0,0.0,1.0,30.0,0.0,30.0
1113,23,400.0,15,8,3,0.15,400,OPEN_LOOP,0.5,1.0,0.9,5,23,OPEN_LOOP,5,393,0,0,0,8,7,7,0,0.125,2.857142857142857,50.0,0.0,50.0
1116,23,400.0,15,8,3,0.15,400,COLD_RESTART,0.0,1.0,0.9,5,23,COLD_RESTART,6,400,0,0,0,0,0,0,0,0.0,0.0,60.0,0.0,60.0
1114,23,400.0,15,8,3,0.15,400,OPEN_LOOP,0.5,3.0,0.9,5,23,OPEN_LOOP,9,373,0,0,0,31,29,27,0,0.06451612903225812,1.6896551724137931,90.0,0.0,90.0
1106,23,400.0,15,8,3,0.15,400,OPEN_LOOP,0.0,,0.9,5,23,OPEN_LOOP,24,400,0,0,0,0,0,0,0,0.0,0.0,240.0,0.0,240.0
1117,23,400.0,15,8,3,0.15,400,COLD_RESTART,0.0,3.0,0.9,5,23,COLD_RESTART,8,400,0,0,0,0,0,0,0,0.0,0.0,80.0,0.0,80.0
1120,23,400.0,15,8,3,0.15,400,COLD_RESTART,0.1,3.0,0.9,5,23,COLD_RESTART,4,400,0,0,0,0,0,0,0,0.0,0.0,40.0,0.0,40.0
1111,23,400.0,15,8,3,0.15,400,OPEN_LOOP,0.25,3.0,0.9,5,23,OPEN_LOOP,7,394,0,0,0,7,6,6,0,0.1428571428571429,1.0,70.0,0.0,70.0
1119,23,400.0,15,8,3,0.15,400,COLD_RESTART,0.1,1.0,0.9,5,23,COLD_RESTART,2,383,14,2,1,4,4,1,0,0.0,2.75,20.0,0.0,20.0
1122,23,400.0,15,8,3,0.15,400,COLD_RESTART,0.25,1.0,0.9,5,23,COLD_RESTART,4,394,5,1,0,1,1,0,0,0.0,7.0,40.0,0.0,40.0
1125,23,400.0,15,8,3,0.15,400,COLD_RESTART,0.5,1.0,0.9,5,23,COLD_RESTART,3,396,2,0,1,2,2,1,0,0.0,1.0,30.0,0.0,30.0
1118,23,400.0,15,8,3,0.15,400,COLD_RESTART,0.0,,0.9,5,23,COLD_RESTART,24,400,0,0,0,0,0,0,0,0.0,0.0,240.0,0.0,240.0
1112,23,400.0,15,8,3,0.15,400,OPEN_LOOP,0.25,,0.9,5,23,OPEN_LOOP,24,373,0,0,0,39,39,27,0,0.0,1.0,240.0,0.0,240.0
1129,23,400.0,15,8,3,0.15,400,CLOSED_LOOP,0.0,3.0,0.9,5,23,CLOSED_LOOP,8,400,0,0,0,0,0,0,0,0.0,0.0,80.0,0.0,80.0
1126,23,400.0,15,8,3,0.15,400,COLD_RESTART,0.5,3.0,0.9,5,23,COLD_RESTART,1,216,169,11,90,44,44,3,3,0.0,1.2272727272727273,10.0,0.0,10.0
1131,23,400.0,15,8,3,0.15,400,CLOSED_LOOP,0.1,1.0,0.9,5,23,CLOSED_LOOP,2,383,14,2,1,4,4,1,0,0.0,2.75,20.0,0.0,20.0
1103,22,400.0,15,8,3,0.15,400,GOVERNED,0.5,,0.9,5,22,GOVERNED,0,2,393,4,412,99,99,0,0,0.0,1.0,0.0,0.0,0.0
1132,23,400.0,15,8,3,0.15,400,CLOSED_LOOP,0.1,3.0,0.9,5,23,CLOSED_LOOP,4,400,0,0,0,0,0,0,0,0.0,0.0,40.0,0.0,40.0
1128,23,400.0,15,8,3,0.15,400,CLOSED_LOOP,0.0,1.0,0.9,5,23,CLOSED_LOOP,6,400,0,0,0,0,0,0,0,0.0,0.0,60.0,0.0,60.0
1121,23,400.0,15,8,3,0.15,400,COLD_RESTART,0.1,,0.9,5,23,COLD_RESTART,5,165,205,26,43,49,48,4,12,0.020408163265306145,1.0,50.0,0.0,50.0
1123,23,400.0,15,8,3,0.15,400,COLD_RESTART,0.25,3.0,0.9,5,23,COLD_RESTART,5,316,75,6,27,24,23,2,0,0.04166666666666663,1.3043478260869565,50.0,0.0,50.0
1134,23,400.0,15,8,3,0.15,400,CLOSED_LOOP,0.25,1.0,0.9,5,23,CLOSED_LOOP,4,394,5,1,0,1,1,0,0,0.0,7.0,40.0,0.0,40.0
1115,23,400.0,15,8,3,0.15,400,OPEN_LOOP,0.5,,0.9,5,23,OPEN_LOOP,21,346,0,0,0,77,76,54,0,0.012987012987012991,1.0,210.0,0.0,210.0
1137,23,400.0,15,8,3,0.15,400,CLOSED_LOOP,0.5,1.0,0.9,5,23,CLOSED_LOOP,3,396,2,0,1,2,2,1,0,0.0,1.0,30.0,0.0,30.0
1130,23,400.0,15,8,3,0.15,400,CLOSED_LOOP,0.0,,0.9,5,23,CLOSED_LOOP,24,400,0,0,0,0,0,0,0,0.0,0.0,240.0,0.0,240.0
1141,23,400.0,15,8,3,0.15,400,GOVERNED,0.0,3.0,0.9,5,23,GOVERNED,8,400,0,0,0,0,0,0,0,0.0,0.0,80.0,0.0,80.0
1140,23,400.0,15,8,3,0.15,400,GOVERNED,0.0,1.0,0.9,5,23,GOVERNED,6,400,0,0,0,0,0,0,0,0.0,0.0,60.0,0.0,60.0
1133,23,400.0,15,8,3,0.15,400,CLOSED_LOOP,0.1,,0.9,5,23,CLOSED_LOOP,21,281,102,14,12,23,23,3,0,0.0,1.0,210.0,0.0,210.0
1135,23,400.0,15,8,3,0.15,400,CLOSED_LOOP,0.25,3.0,0.9,5,23,CLOSED_LOOP,5,316,75,6,27,24,23,2,0,0.04166666666666663,1.3043478260869565,50.0,0.0,50.0
1142,23,400.0,15,8,3,0.15,400,GOVERNED,0.0,,0.9,5,23,GOVERNED,24,400,0,0,0,0,0,0,0,0.0,0.0,240.0,0.0,240.0
1138,23,400.0,15,8,3,0.15,400,CLOSED_LOOP,0.5,3.0,0.9,5,23,CLOSED_LOOP,2,281,109,7,50,30,30,2,0,0.0,1.3666666666666667,20.0,0.0,20.0
1143,23,400.0,15,8,3,0.15,400,GOVERNED,0.1,1.0,0.9,5,23,GOVERNED,2,383,14,2,1,4,4,1,0,0.0,2.75,20.0,0.0,20.0
1149,23,400.0,15,8,3,0.15,400,GOVERNED,0.5,1.0,0.9,5,23,GOVERNED,3,396,2,0,1,2,2,1,0,0.0,1.0,30.0,0.0,30.0
1127,23,400.0,15,8,3,0.15,400,COLD_RESTART,0.5,,0.9,5,23,COLD_RESTART,0,12,382,5,292,97,96,0,1,0.010309278350515427,1.0,0.0,0.0,0.0
1144,23,400.0,15,8,3,0.15,400,GOVERNED,0.1,3.0,0.9,5,23,GOVERNED,4,400,0,0,0,0,0,0,0,0.0,0.0,40.0,0.0,40.0
1124,23,400.0,15,8,3,0.15,400,COLD_RESTART,0.25,,0.9,5,23,COLD_RESTART,0,62,310,23,124,77,76,4,8,0.012987012987012991,1.0,0.0,0.0,0.0
1136,23,400.0,15,8,3,0.15,400,CLOSED_LOOP,0.25,,0.9,5,23,CLOSED_LOOP,3,77,300,20,116,78,77,2,0,0.012820512820512775,1.0,30.0,0.0,30.0
1152,24,400.0,15,8,3,0.15,400,OPEN_LOOP,0.0,1.0,0.9,5,24,OPEN_LOOP,3,400,0,0,0,0,0,0,0,0.0,0.0,30.0,0.0,30.0
1153,24,400.0,15,8,3,0.15,400,OPEN_LOOP,0.0,3.0,0.9,5,24,OPEN_LOOP,8,400,0,0,0,0,0,0,0,0.0,0.0,80.0,0.0,80.0
1155,24,400.0,15,8,3,0.15,400,OPEN_LOOP,0.1,1.0,0.9,5,24,OPEN_LOOP,6,398,0,0,0,2,2,2,0,0.0,7.5,60.0,0.0,60.0
1156,24,400.0,15,8,3,0.15,400,OPEN_LOOP,0.1,3.0,0.9,5,24,OPEN_LOOP,11,392,0,0,0,8,8,8,0,0.0,3.25,110.0,0.0,110.0
1147,23,400.0,15,8,3,0.15,400,GOVERNED,0.25,3.0,0.9,5,23,GOVERNED,5,316,75,6,27,24,23,2,0,0.04166666666666663,1.3043478260869565,50.0,0.0,50.0
1146,23,400.0,15,8,3,0.15,400,GOVERNED,0.25,1.0,0.9,5,23,GOVERNED,4,394,5,1,0,1,1,0,0,0.0,7.0,40.0,0.0,40.0
1145,23,400.0,15,8,3,0.15,400,GOVERNED,0.1,,0.9,5,23,GOVERNED,21,281,102,14,12,23,23,3,0,0.0,1.0,210.0,0.0,210.0
1158,24,400.0,15,8,3,0.15,400,OPEN_LOOP,0.25,1.0,0.9,5,24,OPEN_LOOP,6,396,0,0,0,5,4,4,0,0.19999999999999996,2.0,60.0,0.0,60.0
1159,24,400.0,15,8,3,0.15,400,OPEN_LOOP,0.25,3.0,0.9,5,24,OPEN_LOOP,8,393,0,0,0,7,7,7,0,0.0,2.857142857142857,80.0,0.0,80.0
1150,23,400.0,15,8,3,0.15,400,GOVERNED,0.5,3.0,0.9,5,23,GOVERNED,2,281,109,7,50,30,30,2,0,0.0,1.3666666666666667,20.0,0.0,20.0
1164,24,400.0,15,8,3,0.15,400,COLD_RESTART,0.0,1.0,0.9,5,24,COLD_RESTART,3,400,0,0,0,0,0,0,0,0.0,0.0,30.0,0.0,30.0
1161,24,400.0,15,8,3,0.15,400,OPEN_LOOP,0.5,1.0,0.9,5,24,OPEN_LOOP,7,398,0,0,0,2,2,2,0,0.0,1.0,70.0,0.0,70.0
1162,24,400.0,15,8,3,0.15,400,OPEN_LOOP,0.5,3.0,0.9,5,24,OPEN_LOOP,13,377,0,0,0,29,29,23,0,0.0,1.6896551724137931,130.0,0.0,130.0
1165,24,400.0,15,8,3,0.15,400,COLD_RESTART,0.0,3.0,0.9,5,24,COLD_RESTART,8,400,0,0,0,0,0,0,0,0.0,0.0,80.0,0.0,80.0
1154,24,400.0,15,8,3,0.15,400,OPEN_LOOP,0.0,,0.9,5,24,OPEN_LOOP,27,400,0,0,0,0,0,0,0,0.0,0.0,270.0,0.0,270.0
1167,24,400.0,15,8,3,0.15,400,COLD_RESTART,0.1,1.0,0.9,5,24,COLD_RESTART,7,399,0,0,0,1,1,1,0,0.0,5.0,70.0,0.0,70.0
1148,23,400.0,15,8,3,0.15,400,GOVERNED,0.25,,0.9,5,23,GOVERNED,3,77,300,20,116,78,77,2,0,0.012820512820512775,1.0,30.0,0.0,30.0
1160,24,400.0,15,8,3,0.15,400,OPEN_LOOP,0.25,,0.9,5,24,OPEN_LOOP,24,367,0,0,0,46,46,33,0,0.0,1.0,240.0,0.0,240.0
1170,24,400.0,15,8,3,0.15,400,COLD_RESTART,0.25,1.0,0.9,5,24,COLD_RESTART,5,396,1,0,1,2,2,2,0,0.0,5.5,50.0,0.0,50.0
1157,24,400.0,15,8,3,0.15,400,OPEN_LOOP,0.1,,0.9,5,24,OPEN_LOOP,27,381,0,0,0,25,25,19,0,0.0,1.0,270.0,0.0,270.0
1168,24,400.0,15,8,3,0.15,400,COLD_RESTART,0.1,3.0,0.9,5,24,COLD_RESTART,10,298,86,14,7,22,21,2,7,0.045454545454545414,3.2857142857142856,100.0,0.0,100.0
1173,24,400.0,15,8,3,0.15,400,COLD_RESTART,0.5,1.0,0.9,5,24,COLD_RESTART,8,340,49,1,18,19,19,6,0,0.0,1.263157894736842,80.0,0.0,80.0
1166,24,400.0,15,8,3,0.15,400,COLD_RESTART,0.0,,0.9,5,24,COLD_RESTART,27,400,0,0,0,0,0,0,0,0.0,0.0,270.0,0.0,270.0
1176,24,400.0,15,8,3,0.15,400,CLOSED_LOOP,0.0,1.0,0.9,5,24,CLOSED_LOOP,3,400,0,0,0,0,0,0,0,0.0,0.0,30.0,0.0,30.0
1139,23,400.0,15,8,3,0.15,400,CLOSED_LOOP,0.5,,0.9,5,23,CLOSED_LOOP,0,12,382,5,296,99,99,0,0,0.0,1.0,0.0,0.0,0.0
1171,24,400.0,15,8,3,0.15,400,COLD_RESTART,0.25,3.0,0.9,5,24,COLD_RESTART,4,291,94,10,33,26,26,5,1,0.0,1.4230769230769231,40.0,0.0,40.0
1174,24,400.0,15,8,3,0.15,400,COLD_RESTART,0.5,3.0,0.9,5,24,COLD_RESTART,1,143,226,13,143,64,64,9,0,0.0,1.078125,10.0,0.0,10.0
1169,24,400.0,15,8,3,0.15,400,COLD_RESTART,0.1,,0.9,5,24,COLD_RESTART,16,256,119,19,11,27,27,6,8,0.0,1.0,160.0,0.0,160.0
1179,24,400.0,15,8,3,0.15,400,CLOSED_LOOP,0.1,1.0,0.9,5,24,CLOSED_LOOP,7,399,0,0,0,1,1,1,0,0.0,5.0,70.0,0.0,70.0
1177,24,400.0,15,8,3,0.15,400,CLOSED_LOOP,0.0,3.0,0.9,5,24,CLOSED_LOOP,8,400,0,0,0,0,0,0,0,0.0,0.0,80.0,0.0,80.0
1163,24,400.0,15,8,3,0.15,400,OPEN_LOOP,0.5,,0.9,5,24,OPEN_LOOP,21,355,0,0,0,74,73,45,0,0.013513513513513487,1.0,210.0,0.0,210.0
1151,23,400.0,15,8,3,0.15,400,GOVERNED,0.5,,0.9,5,23,GOVERNED,0,12,382,5,296,99,99,0,0,0.0,1.0,0.0,0.0,0.0
1182,24,400.0,15,8,3,0.15,400,CLOSED_LOOP,0.25,1.0,0.9,5,24,CLOSED_LOOP,5,396,1,0,1,2,2,2,0,0.0,5.5,50.0,0.0,50.0
1183,24,400.0,15,8,3,0.15,400,CLOSED_LOOP,0.25,3.0,0.9,5,24,CLOSED_LOOP,5,315,73,7,22,23,23,5,0,0.0,1.4782608695652173,50.0,0.0,50.0
1185,24,400.0,15,8,3,0.15,400,CLOSED_LOOP,0.5,1.0,0.9,5,24,CLOSED_LOOP,8,340,49,1,18,19,19,6,0,0.0,1.263157894736842,80.0,0.0,80.0
1178,24,400.0,15,8,3,0.15,400,CLOSED_LOOP,0.0,,0.9,5,24,CLOSED_LOOP,27,400,0,0,0,0,0,0,0,0.0,0.0,270.0,0.0,270.0
1172,24,400.0,15,8,3,0.15,400,COLD_RESTART,0.25,,0.9,5,24,COLD_RESTART,3,77,300,14,131,79,79,8,11,0.0,1.0,30.0,0.0,30.0
1180,24,400.0,15,8,3,0.15,400,CLOSED_LOOP,0.1,3.0,0.9,5,24,CLOSED_LOOP,9,366,28,4,2,9,8,2,0,0.11111111111111116,2.25,90.0,0.0,90.0
1175,24,400.0,15,8,3,0.15,400,COLD_RESTART,0.5,,0.9,5,24,COLD_RESTART,0,6,388,5,298,99,98,0,0,0.010101010101010055,1.0,0.0,0.0,0.0
1189,24,400.0,15,8,3,0.15,400,GOVERNED,0.0,3.0,0.9,5,24,GOVERNED,8,400,0,0,0,0,0,0,0,0.0,0.0,80.0,0.0,80.0
1192,24,400.0,15,8,3,0.15,400,GOVERNED,0.1,3.0,0.9,5,24,GOVERNED,9,366,28,4,2,9,8,2,0,0.11111111111111116,2.25,90.0,0.0,90.0
1194,24,400.0,15,8,3,0.15,400,GOVERNED,0.25,1.0,0.9,5,24,GOVERNED,5,396,1,0,1,2,2,2,0,0.0,5.5,50.0,0.0,50.0
1191,24,400.0,15,8,3,0.15,400,GOVERNED,0.1,1.0,0.9,5,24,GOVERNED,7,399,0,0,0,1,1,1,0,0.0,5.0,70.0,0.0,70.0
1188,24,400.0,15,8,3,0.15,400,GOVERNED,0.0,1.0,0.9,5,24,GOVERNED,3,400,0,0,0,0,0,0,0,0.0,0.0,30.0,0.0,30.0
1190,24,400.0,15,8,3,0.15,400,GOVERNED,0.0,,0.9,5,24,GOVERNED,27,400,0,0,0,0,0,0,0,0.0,0.0,270.0,0.0,270.0
1197,24,400.0,15,8,3,0.15,400,GOVERNED,0.5,1.0,0.9,5,24,GOVERNED,8,340,49,1,18,19,19,6,0,0.0,1.263157894736842,80.0,0.0,80.0
1186,24,400.0,15,8,3,0.15,400,CLOSED_LOOP,0.5,3.0,0.9,5,24,CLOSED_LOOP,1,143,226,13,143,64,64,9,0,0.0,1.078125,10.0,0.0,10.0
1184,24,400.0,15,8,3,0.15,400,CLOSED_LOOP,0.25,,0.9,5,24,CLOSED_LOOP,9,121,260,16,77,66,66,2,0,0.0,1.0,90.0,0.0,90.0
1195,24,400.0,15,8,3,0.15,400,GOVERNED,0.25,3.0,0.9,5,24,GOVERNED,5,315,73,7,22,23,23,5,0,0.0,1.4782608695652173,50.0,0.0,50.0
1201,25,400.0,15,8,3,0.15,400,OPEN_LOOP,0.0,3.0,0.9,5,25,OPEN_LOOP,7,400,0,0,0,0,0,0,0,0.0,0.0,70.0,0.0,70.0
1181,24,400.0,15,8,3,0.15,400,CLOSED_LOOP,0.1,,0.9,5,24,CLOSED_LOOP,18,282,101,15,11,22,22,2,0,0.0,1.0,180.0,0.0,180.0
1203,25,400.0,15,8,3,0.15,400,OPEN_LOOP,0.1,1.0,0.9,5,25,OPEN_LOOP,6,400,0,0,0,1,1,0,0,0.0,4.0,60.0,0.0,60.0
1200,25,400.0,15,8,3,0.15,400,OPEN_LOOP,0.0,1.0,0.9,5,25,OPEN_LOOP,2,400,0,0,0,0,0,0,0,0.0,0.0,20.0,0.0,20.0
1196,24,400.0,15,8,3,0.15,400,GOVERNED,0.25,,0.9,5,24,GOVERNED,9,121,260,16,77,66,66,2,0,0.0,1.0,90.0,0.0,90.0
1193,24,400.0,15,8,3,0.15,400,GOVERNED,0.1,,0.9,5,24,GOVERNED,18,282,101,15,11,22,22,2,0,0.0,1.0,180.0,0.0,180.0
1202,25,400.0,15,8,3,0.15,400,OPEN_LOOP,0.0,,0.9,5,25,OPEN_LOOP,27,400,0,0,0,0,0,0,0,0.0,0.0,270.0,0.0,270.0
1204,25,400.0,15,8,3,0.15,400,OPEN_LOOP,0.1,3.0,0.9,5,25,OPEN_LOOP,17,388,0,0,0,17,17,12,0,0.0,3.4705882352941178,170.0,0.0,170.0
1198,24,400.0,15,8,3,0.15,400,GOVERNED,0.5,3.0,0.9,5,24,GOVERNED,1,143,226,13,143,64,64,9,0,0.0,1.078125,10.0,0.0,10.0
1206,25,400.0,15,8,3,0.15,400,OPEN_LOOP,0.25,1.0,0.9,5,25,OPEN_LOOP,6,399,0,0,0,1,1,1,0,0.0,1.0,60.0,0.0,60.0
1209,25,400.0,15,8,3,0.15,400,OPEN_LOOP,0.5,1.0,0.9,5,25,OPEN_LOOP,4,397,0,0,0,3,3,3,0,0.0,1.0,40.0,0.0,40.0
1207,25,400.0,15,8,3,0.15,400,OPEN_LOOP,0.25,3.0,0.9,5,25,OPEN_LOOP,22,373,0,0,0,36,34,27,0,0.05555555555555558,2.823529411764706,220.0,0.0,220.0
1213,25,400.0,15,8,3,0.15,400,COLD_RESTART,0.0,3.0,0.9,5,25,COLD_RESTART,7,400,0,0,0,0,0,0,0,0.0,0.0,70.0,0.0,70.0
1187,24,400.0,15,8,3,0.15,400,CLOSED_LOOP,0.5,,0.9,5,24,CLOSED_LOOP,0,6,388,5,298,99,98,0,0,0.010101010101010055,1.0,0.0,0.0,0.0
1208,25,400.0,15,8,3,0.15,400,OPEN_LOOP,0.25,,0.9,5,25,OPEN_LOOP,24,374,0,0,0,48,48,26,0,0.0,1.0,240.0,0.0,240.0
1212,25,400.0,15,8,3,0.15,400,COLD_RESTART,0.0,1.0,0.9,5,25,COLD_RESTART,2,400,0,0,0,0,0,0,0,0.0,0.0,20.0,0.0,20.0
1211,25,400.0,15,8,3,0.15,400,OPEN_LOOP,0.5,,0.9,5,25,OPEN_LOOP,21,349,0,0,0,77,77,51,0,0.0,1.0,210.0,0.0,210.0
1210,25,400.0,15,8,3,0.15,400,OPEN_LOOP,0.5,3.0,0.9,5,25,OPEN_LOOP,17,377,0,0,0,28,28,23,0,0.0,1.6071428571428572,170.0,0.0,170.0
1218,25,400.0,15,8,3,0.15,400,COLD_RESTART,0.25,1.0,0.9,5,25,COLD_RESTART,9,371,23,3,4,7,7,2,0,0.0,3.2857142857142856,90.0,0.0,90.0
1214,25,400.0,15,8,3,0.15,400,COLD_RESTART,0.0,,0.9,5,25,COLD_RESTART,27,400,0,0,0,0,0,0,0,0.0,0.0,270.0,0.0,270.0
1216,25,400.0,15,8,3,0.15,400,COLD_RESTART,0.1,3.0,0.9,5,25,COLD_RESTART,8,272,109,16,17,23,23,3,9,0.0,2.260869565217391,80.0,0.0,80.0
1199,24,400.0,15,8,3,0.15,400,GOVERNED,0.5,,0.9,5,24,GOVERNED,0,6,388,5,298,99,98,0,0,0.010101010101010055,1.0,0.0,0.0,0.0
1205,25,400.0,15,8,3,0.15,400,OPEN_LOOP,0.1,,0.9,5,25,OPEN_LOOP,24,382,0,0,0,29,29,18,0,0.0,1.0,240.0,0.0,240.0
1215,25,400.0,15,8,3,0.15,400,COLD_RESTART,0.1,1.0,0.9,5,25,COLD_RESTART,7,399,0,0,0,1,1,1,0,0.0,4.0,70.0,0.0,70.0
1219,25,400.0,15,8,3,0.15,400,COLD_RESTART,0.25,3.0,0.9,5,25,COLD_RESTART,6,281,102,8,25,28,28,5,1,0.0,1.3214285714285714,60.0,0.0,60.0
1224,25,400.0,15,8,3,0.15,400,CLOSED_LOOP,0.0,1.0,0.9,5,25,CLOSED_LOOP,2,400,0,0,0,0,0,0,0,0.0,0.0,20.0,0.0,20.0
1226,25,400.0,15,8,3,0.15,400,CLOSED_LOOP,0.0,,0.9,5,25,CLOSED_LOOP,27,400,0,0,0,0,0,0,0,0.0,0.0,270.0,0.0,270.0
1217,25,400.0,15,8,3,0.15,400,COLD_RESTART,0.1,,0.9,5,25,COLD_RESTART,10,219,151,25,14,32,32,5,15,0.0,1.0,100.0,0.0,100.0
1222,25,400.0,15,8,3,0.15,400,COLD_RESTART,0.5,3.0,0.9,5,25,COLD_RESTART,3,99,280,10,184,74,73,5,0,0.013513513513513487,1.0273972602739727,30.0,0.0,30.0
1227,25,400.0,15,8,3,0.15,400,CLOSED_LOOP,0.1,1.0,0.9,5,25,CLOSED_LOOP,7,399,0,0,0,1,1,1,0,0.0,4.0,70.0,0.0,70.0
1230,25,400.0,15,8,3,0.15,400,CLOSED_LOOP,0.25,1.0,0.9,5,25,CLOSED_LOOP,9,371,23,3,4,7,7,2,0,0.0,3.2857142857142856,90.0,0.0,90.0
1225,25,400.0,15,8,3,0.15,400,CLOSED_LOOP,0.0,3.0,0.9,5,25,CLOSED_LOOP,7,400,0,0,0,0,0,0,0,0.0,0.0,70.0,0.0,70.0
1220,25,400.0,15,8,3,0.15,400,COLD_RESTART,0.25,,0.9,5,25,COLD_RESTART,0,48,332,18,134,87,87,1,7,0.0,1.0,0.0,0.0,0.0
1236,25,400.0,15,8,3,0.15,400,GOVERNED,0.0,1.0,0.9,5,25,GOVERNED,2,400,0,0,0,0,0,0,0,0.0,0.0,20.0,0.0,20.0
1228,25,400.0,15,8,3,0.15,400,CLOSED_LOOP,0.1,3.0,0.9,5,25,CLOSED_LOOP,11,338,49,9,7,15,14,4,0,0.06666666666666665,2.642857142857143,110.0,0.0,110.0
1221,25,400.0,15,8,3,0.15,400,COLD_RESTART,0.5,1.0,0.9,5,25,COLD_RESTART,3,346,46,2,17,16,15,3,0,0.0625,1.4666666666666666,30.0,0.0,30.0
1231,25,400.0,15,8,3,0.15,400,CLOSED_LOOP,0.25,3.0,0.9,5,25,CLOSED_LOOP,4,237,142,17,39,37,34,2,0,0.08108108108108103,1.4411764705882353,40.0,0.0,40.0
1237,25,400.0,15,8,3,0.15,400,GOVERNED,0.0,3.0,0.9,5,25,GOVERNED,7,400,0,0,0,0,0,0,0,0.0,0.0,70.0,0.0,70.0
1239,25,400.0,15,8,3,0.15,400,GOVERNED,0.1,1.0,0.9,5,25,GOVERNED,7,399,0,0,0,1,1,1,0,0.0,4.0,70.0,0.0,70.0
1233,25,400.0,15,8,3,0.15,400,CLOSED_LOOP,0.5,1.0,0.9,5,25,CLOSED_LOOP,3,346,46,2,17,16,15,3,0,0.0625,1.4666666666666666,30.0,0.0,30.0
1242,25,400.0,15,8,3,0.15,400,GOVERNED,0.25,1.0,0.9,5,25,GOVERNED,9,371,23,3,4,7,7,2,0,0.0,3.2857142857142856,90.0,0.0,90.0
1240,25,400.0,15,8,3,0.15,400,GOVERNED,0.1,3.0,0.9,5,25,GOVERNED,11,338,49,9,7,15,14,4,0,0.06666666666666665,2.642857142857143,110.0,0.0,110.0
1234,25,400.0,15,8,3,0.15,400,CLOSED_LOOP,0.5,3.0,0.9,5,25,CLOSED_LOOP,3,99,280,10,184,74,73,5,0,0.013513513513513487,1.0273972602739727,30.0,0.0,30.0
1243,25,400.0,15,8,3,0.15,400,GOVERNED,0.25,3.0,0.9,5,25,GOVERNED,4,237,142,17,39,37,34,2,0,0.08108108108108103,1.4411764705882353,40.0,0.0,40.0
1245,25,400.0,15,8,3,0.15,400,GOVERNED,0.5,1.0,0.9,5,25,GOVERNED,3,346,46,2,17,16,15,3,0,0.0625,1.4666666666666666,30.0,0.0,30.0
1229,25,400.0,15,8,3,0.15,400,CLOSED_LOOP,0.1,,0.9,5,25,CLOSED_LOOP,18,260,117,19,11,26,26,4,0,0.0,1.0,180.0,0.0,180.0
1232,25,400.0,15,8,3,0.15,400,CLOSED_LOOP,0.25,,0.9,5,25,CLOSED_LOOP,3,62,316,22,142,80,80,0,0,0.0,1.0,30.0,0.0,30.0
1249,26,400.0,15,8,3,0.15,400,OPEN_LOOP,0.0,3.0,0.9,5,26,OPEN_LOOP,4,400,0,0,0,0,0,0,0,0.0,0.0,40.0,0.0,40.0
1248,26,400.0,15,8,3,0.15,400,OPEN_LOOP,0.0,1.0,0.9,5,26,OPEN_LOOP,2,400,0,0,0,0,0,0,0,0.0,0.0,20.0,0.0,20.0
1246,25,400.0,15,8,3,0.15,400,GOVERNED,0.5,3.0,0.9,5,25,GOVERNED,3,99,280,10,184,74,73,5,0,0.013513513513513487,1.0273972602739727,30.0,0.0,30.0
1223,25,400.0,15,8,3,0.15,400,COLD_RESTART,0.5,,0.9,5,25,COLD_RESTART,0,10,380,9,356,91,91,0,1,0.0,1.0,0.0,0.0,0.0
1251,26,400.0,15,8,3,0.15,400,OPEN_LOOP,0.1,1.0,0.9,5,26,OPEN_LOOP,2,400,0,0,0,0,0,0,0,0.0,0.0,20.0,0.0,20.0
1238,25,400.0,15,8,3,0.15,400,GOVERNED,0.0,,0.9,5,25,GOVERNED,27,400,0,0,0,0,0,0,0,0.0,0.0,270.0,0.0,270.0
1252,26,400.0,15,8,3,0.15,400,OPEN_LOOP,0.1,3.0,0.9,5,26,OPEN_LOOP,12,389,0,0,0,15,12,11,0,0.19999999999999996,2.4166666666666665,120.0,0.0,120.0
1244,25,400.0,15,8,3,0.15,400,GOVERNED,0.25,,0.9,5,25,GOVERNED,3,62,316,22,142,80,80,0,0,0.0,1.0,30.0,0.0,30.0
1250,26,400.0,15,8,3,0.15,400,OPEN_LOOP,0.0,,0.9,5,26,OPEN_LOOP,24,400,0,0,0,0,0,0,0,0.0,0.0,240.0,0.0,240.0
1241,25,400.0,15,8,3,0.15,400,GOVERNED,0.1,,0.9,5,25,GOVERNED,18,260,117,19,11,26,26,4,0,0.0,1.0,180.0,0.0,180.0
1255,26,400.0,15,8,3,0.15,400,OPEN_LOOP,0.25,3.0,0.9,5,26,OPEN_LOOP,3,399,0,0,0,1,1,1,0,0.0,1.0,30.0,0.0,30.0
1257,26,400.0,15,8,3,0.15,400,OPEN_LOOP,0.5,1.0,0.9,5,26,OPEN_LOOP,4,397,0,0,0,3,3,3,0,0.0,1.0,40.0,0.0,40.0
1254,26,400.0,15,8,3,0.15,400,OPEN_LOOP,0.25,1.0,0.9,5,26,OPEN_LOOP,1,400,0,0,0,0,0,0,0,0.0,0.0,10.0,0.0,10.0
1253,26,400.0,15,8,3,0.15,400,OPEN_LOOP,0.1,,0.9,5,26,OPEN_LOOP,27,383,0,0,0,21,21,17,0,0.0,1.0,270.0,0.0,270.0
1261,26,400.0,15,8,3,0.15,400,COLD_RESTART,0.0,3.0,0.9,5,26,COLD_RESTART,4,400,0,0,0,0,0,0,0,0.0,0.0,40.0,0.0,40.0
1235,25,400.0,15,8,3,0.15,400,CLOSED_LOOP,0.5,,0.9,5,25,CLOSED_LOOP,0,10,381,8,338,109,109,0,0,0.0,1.0,0.0,0.0,0.0
1256,26,400.0,15,8,3,0.15,400,OPEN_LOOP,0.25,,0.9,5,26,OPEN_LOOP,21,373,0,0,0,52,52,27,0,0.0,1.0,210.0,0.0,210.0
1263,26,400.0,15,8,3,0.15,400,COLD_RESTART,0.1,1.0,0.9,5,26,COLD_RESTART,2,400,0,0,0,0,0,0,0,0.0,0.0,20.0,0.0,20.0
1260,26,400.0,15,8,3,0.15,400,COLD_RESTART,0.0,1.0,0.9,5,26,COLD_RESTART,2,400,0,0,0,0,0,0,0,0.0,0.0,20.0,0.0,20.0
1264,26,400.0,15,8,3,0.15,400,COLD_RESTART,0.1,3.0,0.9,5,26,COLD_RESTART,12,335,54,10,2,12,11,1,3,0.08333333333333337,3.8181818181818183,120.0,0.0,120.0
1258,26,400.0,15,8,3,0.15,400,OPEN_LOOP,0.5,3.0,0.9,5,26,OPEN_LOOP,12,375,0,0,0,34,34,25,0,0.0,2.264705882352941,120.0,0.0,120.0
1259,26,400.0,15,8,3,0.15,400,OPEN_LOOP,0.5,,0.9,5,26,OPEN_LOOP,18,360,0,0,0,74,73,40,0,0.013513513513513487,1.0,180.0,0.0,180.0
1269,26,400.0,15,8,3,0.15,400,COLD_RESTART,0.5,1.0,0.9,5,26,COLD_RESTART,4,399,0,0,0,1,1,1,0,0.0,1.0,40.0,0.0,40.0
1267,26,400.0,15,8,3,0.15,400,COLD_RESTART,0.25,3.0,0.9,5,26,COLD_RESTART,1,388,9,1,2,5,4,2,0,0.19999999999999996,2.5,10.0,0.0,10.0
1266,26,400.0,15,8,3,0.15,400,COLD_RESTART,0.25,1.0,0.9,5,26,COLD_RESTART,1,400,0,0,0,0,0,0,0,0.0,0.0,10.0,0.0,10.0
1273,26,400.0,15,8,3,0.15,400,CLOSED_LOOP,0.0,3.0,0.9,5,26,CLOSED_LOOP,4,400,0,0,0,0,0,0,0,0.0,0.0,40.0,0.0,40.0
1265,26,400.0,15,8,3,0.15,400,COLD_RESTART,0.1,,0.9,5,26,COLD_RESTART,10,218,156,23,26,34,34,3,12,0.0,1.0,100.0,0.0,100.0
1270,26,400.0,15,8,3,0.15,400,COLD_RESTART,0.5,3.0,0.9,5,26,COLD_RESTART,2,321,69,1,35,24,23,5,0,0.04166666666666663,1.173913043478261,20.0,0.0,20.0
1272,26,400.0,15,8,3,0.15,400,CLOSED_LOOP,0.0,1.0,0.9,5,26,CLOSED_LOOP,2,400,0,0,0,0,0,0,0,0.0,0.0,20.0,0.0,20.0
1278,26,400.0,15,8,3,0.15,400,CLOSED_LOOP,0.25,1.0,0.9,5,26,CLOSED_LOOP,1,400,0,0,0,0,0,0,0,0.0,0.0,10.0,0.0,10.0
1262,26,400.0,15,8,3,0.15,400,COLD_RESTART,0.0,,0.9,5,26,COLD_RESTART,24,400,0,0,0,0,0,0,0,0.0,0.0,240.0,0.0,240.0
1276,26,400.0,15,8,3,0.15,400,CLOSED_LOOP,0.1,3.0,0.9,5,26,CLOSED_LOOP,9,349,41,7,2,11,10,2,0,0.09090909090909094,4.2,90.0,0.0,90.0
1247,25,400.0,15,8,3,0.15,400,GOVERNED,0.5,,0.9,5,25,GOVERNED,0,10,381,8,338,109,109,0,0,0.0,1.0,0.0,0.0,0.0
1275,26,400.0,15,8,3,0.15,400,CLOSED_LOOP,0.1,1.0,0.9,5,26,CLOSED_LOOP,2,400,0,0,0,0,0,0,0,0.0,0.0,20.0,0.0,20.0
1281,26,400.0,15,8,3,0.15,400,CLOSED_LOOP,0.5,1.0,0.9,5,26,CLOSED_LOOP,4,399,0,0,0,1,1,1,0,0.0,1.0,40.0,0.0,40.0
1279,26,400.0,15,8,3,0.15,400,CLOSED_LOOP,0.25,3.0,0.9,5,26,CLOSED_LOOP,1,388,9,1,2,5,4,2,0,0.19999999999999996,2.5,10.0,0.0,10.0
1277,26,400.0,15,8,3,0.15,400,CLOSED_LOOP,0.1,,0.9,5,26,CLOSED_LOOP,18,259,123,15,25,28,28,2,0,0.0,1.0,180.0,0.0,180.0
1274,26,400.0,15,8,3,0.15,400,CLOSED_LOOP,0.0,,0.9,5,26,CLOSED_LOOP,24,400,0,0,0,0,0,0,0,0.0,0.0,240.0,0.0,240.0
1268,26,400.0,15,8,3,0.15,400,COLD_RESTART,0.25,,0.9,5,26,COLD_RESTART,0,59,321,18,117,79,79,2,7,0.0,1.0,0.0,0.0,0.0
1282,26,400.0,15,8,3,0.15,400,CLOSED_LOOP,0.5,3.0,0.9,5,26,CLOSED_LOOP,2,321,69,1,35,24,23,5,0,0.04166666666666663,1.173913043478261,20.0,0.0,20.0
1287,26,400.0,15,8,3,0.15,400,GOVERNED,0.1,1.0,0.9,5,26,GOVERNED,2,400,0,0,0,0,0,0,0,0.0,0.0,20.0,0.0,20.0
1284,26,400.0,15,8,3,0.15,400,GOVERNED,0.0,1.0,0.9,5,26,GOVERNED,2,400,0,0,0,0,0,0,0,0.0,0.0,20.0,0.0,20.0
1285,26,400.0,15,8,3,0.15,400,GOVERNED,0.0,3.0,0.9,5,26,GOVERNED,4,400,0,0,0,0,0,0,0,0.0,0.0,40.0,0.0,40.0
1280,26,400.0,15,8,3,0.15,400,CLOSED_LOOP,0.25,,0.9,5,26,CLOSED_LOOP,6,102,274,22,92,68,68,1,0,0.0,1.0,60.0,0.0,60.0
1293,26,400.0,15,8,3,0.15,400,GOVERNED,0.5,1.0,0.9,5,26,GOVERNED,4,399,0,0,0,1,1,1,0,0.0,1.0,40.0,0.0,40.0
1291,26,400.0,15,8,3,0.15,400,GOVERNED,0.25,3.0,0.9,5,26,GOVERNED,1,388,9,1,2,5,4,2,0,0.19999999999999996,2.5,10.0,0.0,10.0
1286,26,400.0,15,8,3,0.15,400,GOVERNED,0.0,,0.9,5,26,GOVERNED,24,400,0,0,0,0,0,0,0,0.0,0.0,240.0,0.0,240.0
1290,26,400.0,15,8,3,0.15,400,GOVERNED,0.25,1.0,0.9,5,26,GOVERNED,1,400,0,0,0,0,0,0,0,0.0,0.0,10.0,0.0,10.0
1288,26,400.0,15,8,3,0.15,400,GOVERNED,0.1,3.0,0.9,5,26,GOVERNED,9,349,41,7,2,11,10,2,0,0.09090909090909094,4.2,90.0,0.0,90.0
1289,26,400.0,15,8,3,0.15,400,GOVERNED,0.1,,0.9,5,26,GOVERNED,18,259,123,15,25,28,28,2,0,0.0,1.0,180.0,0.0,180.0
1296,27,400.0,15,8,3,0.15,400,OPEN_LOOP,0.0,1.0,0.9,5,27,OPEN_LOOP,6,400,0,0,0,0,0,0,0,0.0,0.0,60.0,0.0,60.0
1297,27,400.0,15,8,3,0.15,400,OPEN_LOOP,0.0,3.0,0.9,5,27,OPEN_LOOP,16,400,0,0,0,0,0,0,0,0.0,0.0,160.0,0.0,160.0
1299,27,400.0,15,8,3,0.15,400,OPEN_LOOP,0.1,1.0,0.9,5,27,OPEN_LOOP,4,400,0,0,0,0,0,0,0,0.0,0.0,40.0,0.0,40.0
1294,26,400.0,15,8,3,0.15,400,GOVERNED,0.5,3.0,0.9,5,26,GOVERNED,2,321,69,1,35,24,23,5,0,0.04166666666666663,1.173913043478261,20.0,0.0,20.0
1302,27,400.0,15,8,3,0.15,400,OPEN_LOOP,0.25,1.0,0.9,5,27,OPEN_LOOP,8,396,0,0,0,3,3,4,0,0.0,4.0,80.0,0.0,80.0
1300,27,400.0,15,8,3,0.15,400,OPEN_LOOP,0.1,3.0,0.9,5,27,OPEN_LOOP,10,395,0,0,0,7,6,5,0,0.1428571428571429,2.6666666666666665,100.0,0.0,100.0
1271,26,400.0,15,8,3,0.15,400,COLD_RESTART,0.5,,0.9,5,26,COLD_RESTART,0,9,386,4,365,105,104,0,0,0.00952380952380949,1.0,0.0,0.0,0.0
1292,26,400.0,15,8,3,0.15,400,GOVERNED,0.25,,0.9,5,26,GOVERNED,6,102,274,22,92,68,68,1,0,0.0,1.0,60.0,0.0,60.0
1303,27,400.0,15,8,3,0.15,400,OPEN_LOOP,0.25,3.0,0.9,5,27,OPEN_LOOP,14,389,0,0,0,17,16,11,0,0.05882352941176472,1.3125,140.0,0.0,140.0
1301,27,400.0,15,8,3,0.15,400,OPEN_LOOP,0.1,,0.9,5,27,OPEN_LOOP,27,381,0,0,0,24,24,19,0,0.0,1.0,270.0,0.0,270.0
1298,27,400.0,15,8,3,0.15,400,OPEN_LOOP,0.0,,0.9,5,27,OPEN_LOOP,27,400,0,0,0,0,0,0,0,0.0,0.0,270.0,0.0,270.0
1311,27,400.0,15,8,3,0.15,400,COLD_RESTART,0.1,1.0,0.9,5,27,COLD_RESTART,4,400,0,0,0,0,0,0,0,0.0,0.0,40.0,0.0,40.0
1305,27,400.0,15,8,3,0.15,400,OPEN_LOOP,0.5,1.0,0.9,5,27,OPEN_LOOP,6,393,0,0,0,7,7,7,0,0.0,2.0,60.0,0.0,60.0
1308,27,400.0,15,8,3,0.15,400,COLD_RESTART,0.0,1.0,0.9,5,27,COLD_RESTART,6,400,0,0,0,0,0,0,0,0.0,0.0,60.0,0.0,60.0
1304,27,400.0,15,8,3,0.15,400,OPEN_LOOP,0.25,,0.9,5,27,OPEN_LOOP,24,371,0,0,0,50,50,29,0,0.0,1.0,240.0,0.0,240.0
1312,27,400.0,15,8,3,0.15,400,COLD_RESTART,0.1,3.0,0.9,5,27,COLD_RESTART,8,342,48,9,5,13,11,1,2,0.15384615384615385,2.6363636363636362,80.0,0.0,80.0
1309,27,400.0,15,8,3,0.15,400,COLD_RESTART,0.0,3.0,0.9,5,27,COLD_RESTART,16,400,0,0,0,0,0,0,0,0.0,0.0,160.0,0.0,160.0
1307,27,400.0,15,8,3,0.15,400,OPEN_LOOP,0.5,,0.9,5,27,OPEN_LOOP,21,355,0,0,0,78,78,45,0,0.0,1.0,210.0,0.0,210.0
1314,27,400.0,15,8,3,0.15,400,COLD_RESTART,0.25,1.0,0.9,5,27,COLD_RESTART,7,394,5,1,0,1,1,0,0,0.0,1.0,70.0,0.0,70.0
1306,27,400.0,15,8,3,0.15,400,OPEN_LOOP,0.5,3.0,0.9,5,27,OPEN_LOOP,11,390,0,0,0,14,13,10,0,0.0714285714285714,1.1538461538461537,110.0,0.0,110.0
1317,27,400.0,15,8,3,0.15,400,COLD_RESTART,0.5,1.0,0.9,5,27,COLD_RESTART,4,339,45,5,15,19,18,8,0,0.052631578947368474,1.9444444444444444,40.0,0.0,40.0
1310,27,400.0,15,8,3,0.15,400,COLD_RESTART,0.0,,0.9,5,27,COLD_RESTART,27,400,0,0,0,0,0,0,0,0.0,0.0,270.0,0.0,270.0
1320,27,400.0,15,8,3,0.15,400,CLOSED_LOOP,0.0,1.0,0.9,5,27,CLOSED_LOOP,6,400,0,0,0,0,0,0,0,0.0,0.0,60.0,0.0,60.0
1313,27,400.0,15,8,3,0.15,400,COLD_RESTART,0.1,,0.9,5,27,COLD_RESTART,11,240,136,19,22,30,29,4,10,0.033333333333333326,1.0,110.0,0.0,110.0
1321,27,400.0,15,8,3,0.15,400,CLOSED_LOOP,0.0,3.0,0.9,5,27,CLOSED_LOOP,16,400,0,0,0,0,0,0,0,0.0,0.0,160.0,0.0,160.0
1315,27,400.0,15,8,3,0.15,400,COLD_RESTART,0.25,3.0,0.9,5,27,COLD_RESTART,2,115,255,24,90,66,64,4,4,0.030303030303030276,1.109375,20.0,0.0,20.0
1324,27,400.0,15,8,3,0.15,400,CLOSED_LOOP,0.1,3.0,0.9,5,27,CLOSED_LOOP,9,351,40,8,3,8,8,1,0,0.0,2.25,90.0,0.0,90.0
1322,27,400.0,15,8,3,0.15,400,CLOSED_LOOP,0.0,,0.9,5,27,CLOSED_LOOP,27,400,0,0,0,0,0,0,0,0.0,0.0,270.0,0.0,270.0
1326,27,400.0,15,8,3,0.15,400,CLOSED_LOOP,0.25,1.0,0.9,5,27,CLOSED_LOOP,7,394,5,1,0,1,1,0,0,0.0,1.0,70.0,0.0,70.0
1318,27,400.0,15,8,3,0.15,400,COLD_RESTART,0.5,3.0,0.9,5,27,COLD_RESTART,1,41,332,24,205,85,84,2,0,0.0117647058823529,1.0,10.0,0.0,10.0
1323,27,400.0,15,8,3,0.15,400,CLOSED_LOOP,0.1,1.0,0.9,5,27,CLOSED_LOOP,4,400,0,0,0,0,0,0,0,0.0,0.0,40.0,0.0,40.0
1316,27,400.0,15,8,3,0.15,400,COLD_RESTART,0.25,,0.9,5,27,COLD_RESTART,1,98,281,19,116,68,68,2,11,0.0,1.0,10.0,0.0,10.0
1332,27,400.0,15,8,3,0.15,400,GOVERNED,0.0,1.0,0.9,5,27,GOVERNED,6,400,0,0,0,0,0,0,0,0.0,0.0,60.0,0.0,60.0
1333,27,400.0,15,8,3,0.15,400,GOVERNED,0.0,3.0,0.9,5,27,GOVERNED,16,400,0,0,0,0,0,0,0,0.0,0.0,160.0,0.0,160.0
1335,27,400.0,15,8,3,0.15,400,GOVERNED,0.1,1.0,0.9,5,27,GOVERNED,4,400,0,0,0,0,0,0,0,0.0,0.0,40.0,0.0,40.0
1325,27,400.0,15,8,3,0.15,400,CLOSED_LOOP,0.1,,0.9,5,27,CLOSED_LOOP,18,267,113,18,10,25,24,2,0,0.040000000000000036,1.0,180.0,0.0,180.0
1327,27,400.0,15,8,3,0.15,400,CLOSED_LOOP,0.25,3.0,0.9,5,27,CLOSED_LOOP,6,215,169,13,67,44,44,2,0,0.0,1.3409090909090908,60.0,0.0,60.0
1295,26,400.0,15,8,3,0.15,400,GOVERNED,0.5,,0.9,5,26,GOVERNED,0,9,386,4,365,105,104,0,0,0.00952380952380949,1.0,0.0,0.0,0.0
1334,27,400.0,15,8,3,0.15,400,GOVERNED,0.0,,0.9,5,27,GOVERNED,27,400,0,0,0,0,0,0,0,0.0,0.0,270.0,0.0,270.0
1330,27,400.0,15,8,3,0.15,400,CLOSED_LOOP,0.5,3.0,0.9,5,27,CLOSED_LOOP,1,41,332,24,205,85,84,2,0,0.0117647058823529,1.0,10.0,0.0,10.0
1328,27,400.0,15,8,3,0.15,400,CLOSED_LOOP,0.25,,0.9,5,27,CLOSED_LOOP,3,60,312,26,130,77,77,1,0,0.0,1.0,30.0,0.0,30.0
1338,27,400.0,15,8,3,0.15,400,GOVERNED,0.25,1.0,0.9,5,27,GOVERNED,7,394,5,1,0,1,1,0,0,0.0,1.0,70.0,0.0,70.0
1329,27,400.0,15,8,3,0.15,400,CLOSED_LOOP,0.5,1.0,0.9,5,27,CLOSED_LOOP,4,339,45,5,15,19,18,8,0,0.052631578947368474,1.9444444444444444,40.0,0.0,40.0
1336,27,400.0,15,8,3,0.15,400,GOVERNED,0.1,3.0,0.9,5,27,GOVERNED,9,351,40,8,3,8,8,1,0,0.0,2.25,90.0,0.0,90.0
1344,28,400.0,15,8,3,0.15,400,OPEN_LOOP,0.0,1.0,0.9,5,28,OPEN_LOOP,0,400,0,0,0,0,0,0,0,0.0,0.0,0.0,0.0,0.0
1319,27,400.0,15,8,3,0.15,400,COLD_RESTART,0.5,,0.9,5,27,COLD_RESTART,0,2,396,1,410,108,107,0,0,0.0092592592592593,1.0,0.0,0.0,0.0
1341,27,400.0,15,8,3,0.15,400,GOVERNED,0.5,1.0,0.9,5,27,GOVERNED,4,339,45,5,15,19,18,8,0,0.052631578947368474,1.9444444444444444,40.0,0.0,40.0
1345,28,400.0,15,8,3,0.15,400,OPEN_LOOP,0.0,3.0,0.9,5,28,OPEN_LOOP,0,400,0,0,0,0,0,0,0,0.0,0.0,0.0,0.0,0.0
1348,28,400.0,15,8,3,0.15,400,OPEN_LOOP,0.1,3.0,0.9,5,28,OPEN_LOOP,0,400,0,0,0,0,0,0,0,0.0,0.0,0.0,0.0,0.0
1347,28,400.0,15,8,3,0.15,400,OPEN_LOOP,0.1,1.0,0.9,5,28,OPEN_LOOP,0,400,0,0,0,0,0,0,0,0.0,0.0,0.0,0.0,0.0
1339,27,400.0,15,8,3,0.15,400,GOVERNED,0.25,3.0,0.9,5,27,GOVERNED,6,215,169,13,67,44,44,2,0,0.0,1.3409090909090908,60.0,0.0,60.0
1350,28,400.0,15,8,3,0.15,400,OPEN_LOOP,0.25,1.0,0.9,5,28,OPEN_LOOP,0,400,0,0,0,0,0,0,0,0.0,0.0,0.0,0.0,0.0
1351,28,400.0,15,8,3,0.15,400,OPEN_LOOP,0.25,3.0,0.9,5,28,OPEN_LOOP,0,400,0,0,0,0,0,0,0,0.0,0.0,0.0,0.0,0.0
1353,28,400.0,15,8,3,0.15,400,OPEN_LOOP,0.5,1.0,0.9,5,28,OPEN_LOOP,0,400,0,0,0,0,0,0,0,0.0,0.0,0.0,0.0,0.0
1337,27,400.0,15,8,3,0.15,400,GOVERNED,0.1,,0.9,5,27,GOVERNED,18,267,113,18,10,25,24,2,0,0.040000000000000036,1.0,180.0,0.0,180.0
1349,28,400.0,15,8,3,0.15,400,OPEN_LOOP,0.1,,0.9,5,28,OPEN_LOOP,0,400,0,0,0,0,0,0,0,0.0,0.0,0.0,0.0,0.0
1340,27,400.0,15,8,3,0.15,400,GOVERNED,0.25,,0.9,5,27,GOVERNED,3,60,312,26,130,77,77,1,0,0.0,1.0,30.0,0.0,30.0
1354,28,400.0,15,8,3,0.15,400,OPEN_LOOP,0.5,3.0,0.9,5,28,OPEN_LOOP,0,400,0,0,0,0,0,0,0,0.0,0.0,0.0,0.0,0.0
1356,28,400.0,15,8,3,0.15,400,COLD_RESTART,0.0,1.0,0.9,5,28,COLD_RESTART,0,400,0,0,0,0,0,0,0,0.0,0.0,0.0,0.0,0.0
1357,28,400.0,15,8,3,0.15,400,COLD_RESTART,0.0,3.0,0.9,5,28,COLD_RESTART,0,400,0,0,0,0,0,0,0,0.0,0.0,0.0,0.0,0.0
1346,28,400.0,15,8,3,0.15,400,OPEN_LOOP,0.0,,0.9,5,28,OPEN_LOOP,0,400,0,0,0,0,0,0,0,0.0,0.0,0.0,0.0,0.0
1359,28,400.0,15,8,3,0.15,400,COLD_RESTART,0.1,1.0,0.9,5,28,COLD_RESTART,0,400,0,0,0,0,0,0,0,0.0,0.0,0.0,0.0,0.0
1360,28,400.0,15,8,3,0.15,400,COLD_RESTART,0.1,3.0,0.9,5,28,COLD_RESTART,0,400,0,0,0,0,0,0,0,0.0,0.0,0.0,0.0,0.0
1358,28,400.0,15,8,3,0.15,400,COLD_RESTART,0.0,,0.9,5,28,COLD_RESTART,0,400,0,0,0,0,0,0,0,0.0,0.0,0.0,0.0,0.0
1352,28,400.0,15,8,3,0.15,400,OPEN_LOOP,0.25,,0.9,5,28,OPEN_LOOP,0,400,0,0,0,0,0,0,0,0.0,0.0,0.0,0.0,0.0
1365,28,400.0,15,8,3,0.15,400,COLD_RESTART,0.5,1.0,0.9,5,28,COLD_RESTART,0,400,0,0,0,0,0,0,0,0.0,0.0,0.0,0.0,0.0
1283,26,400.0,15,8,3,0.15,400,CLOSED_LOOP,0.5,,0.9,5,26,CLOSED_LOOP,0,9,386,4,365,105,104,0,0,0.00952380952380949,1.0,0.0,0.0,0.0
1342,27,400.0,15,8,3,0.15,400,GOVERNED,0.5,3.0,0.9,5,27,GOVERNED,1,41,332,24,205,85,84,2,0,0.0117647058823529,1.0,10.0,0.0,10.0
1362,28,400.0,15,8,3,0.15,400,COLD_RESTART,0.25,1.0,0.9,5,28,COLD_RESTART,0,400,0,0,0,0,0,0,0,0.0,0.0,0.0,0.0,0.0
1361,28,400.0,15,8,3,0.15,400,COLD_RESTART,0.1,,0.9,5,28,COLD_RESTART,0,400,0,0,0,0,0,0,0,0.0,0.0,0.0,0.0,0.0
1366,28,400.0,15,8,3,0.15,400,COLD_RESTART,0.5,3.0,0.9,5,28,COLD_RESTART,0,400,0,0,0,0,0,0,0,0.0,0.0,0.0,0.0,0.0
1363,28,400.0,15,8,3,0.15,400,COLD_RESTART,0.25,3.0,0.9,5,28,COLD_RESTART,0,400,0,0,0,0,0,0,0,0.0,0.0,0.0,0.0,0.0
1364,28,400.0,15,8,3,0.15,400,COLD_RESTART,0.25,,0.9,5,28,COLD_RESTART,0,400,0,0,0,0,0,0,0,0.0,0.0,0.0,0.0,0.0
1368,28,400.0,15,8,3,0.15,400,CLOSED_LOOP,0.0,1.0,0.9,5,28,CLOSED_LOOP,0,400,0,0,0,0,0,0,0,0.0,0.0,0.0,0.0,0.0
1369,28,400.0,15,8,3,0.15,400,CLOSED_LOOP,0.0,3.0,0.9,5,28,CLOSED_LOOP,0,400,0,0,0,0,0,0,0,0.0,0.0,0.0,0.0,0.0
1372,28,400.0,15,8,3,0.15,400,CLOSED_LOOP,0.1,3.0,0.9,5,28,CLOSED_LOOP,0,400,0,0,0,0,0,0,0,0.0,0.0,0.0,0.0,0.0
1374,28,400.0,15,8,3,0.15,400,CLOSED_LOOP,0.25,1.0,0.9,5,28,CLOSED_LOOP,0,400,0,0,0,0,0,0,0,0.0,0.0,0.0,0.0,0.0
1377,28,400.0,15,8,3,0.15,400,CLOSED_LOOP,0.5,1.0,0.9,5,28,CLOSED_LOOP,0,400,0,0,0,0,0,0,0,0.0,0.0,0.0,0.0,0.0
1371,28,400.0,15,8,3,0.15,400,CLOSED_LOOP,0.1,1.0,0.9,5,28,CLOSED_LOOP,0,400,0,0,0,0,0,0,0,0.0,0.0,0.0,0.0,0.0
1355,28,400.0,15,8,3,0.15,400,OPEN_LOOP,0.5,,0.9,5,28,OPEN_LOOP,0,400,0,0,0,0,0,0,0,0.0,0.0,0.0,0.0,0.0
1378,28,400.0,15,8,3,0.15,400,CLOSED_LOOP,0.5,3.0,0.9,5,28,CLOSED_LOOP,0,400,0,0,0,0,0,0,0,0.0,0.0,0.0,0.0,0.0
1373,28,400.0,15,8,3,0.15,400,CLOSED_LOOP,0.1,,0.9,5,28,CLOSED_LOOP,0,400,0,0,0,0,0,0,0,0.0,0.0,0.0,0.0,0.0
1376,28,400.0,15,8,3,0.15,400,CLOSED_LOOP,0.25,,0.9,5,28,CLOSED_LOOP,0,400,0,0,0,0,0,0,0,0.0,0.0,0.0,0.0,0.0
1370,28,400.0,15,8,3,0.15,400,CLOSED_LOOP,0.0,,0.9,5,28,CLOSED_LOOP,0,400,0,0,0,0,0,0,0,0.0,0.0,0.0,0.0,0.0
1380,28,400.0,15,8,3,0.15,400,GOVERNED,0.0,1.0,0.9,5,28,GOVERNED,0,400,0,0,0,0,0,0,0,0.0,0.0,0.0,0.0,0.0
1381,28,400.0,15,8,3,0.15,400,GOVERNED,0.0,3.0,0.9,5,28,GOVERNED,0,400,0,0,0,0,0,0,0,0.0,0.0,0.0,0.0,0.0
1383,28,400.0,15,8,3,0.15,400,GOVERNED,0.1,1.0,0.9,5,28,GOVERNED,0,400,0,0,0,0,0,0,0,0.0,0.0,0.0,0.0,0.0
1375,28,400.0,15,8,3,0.15,400,CLOSED_LOOP,0.25,3.0,0.9,5,28,CLOSED_LOOP,0,400,0,0,0,0,0,0,0,0.0,0.0,0.0,0.0,0.0
1367,28,400.0,15,8,3,0.15,400,COLD_RESTART,0.5,,0.9,5,28,COLD_RESTART,0,400,0,0,0,0,0,0,0,0.0,0.0,0.0,0.0,0.0
1379,28,400.0,15,8,3,0.15,400,CLOSED_LOOP,0.5,,0.9,5,28,CLOSED_LOOP,0,400,0,0,0,0,0,0,0,0.0,0.0,0.0,0.0,0.0
1387,28,400.0,15,8,3,0.15,400,GOVERNED,0.25,3.0,0.9,5,28,GOVERNED,0,400,0,0,0,0,0,0,0,0.0,0.0,0.0,0.0,0.0
1384,28,400.0,15,8,3,0.15,400,GOVERNED,0.1,3.0,0.9,5,28,GOVERNED,0,400,0,0,0,0,0,0,0,0.0,0.0,0.0,0.0,0.0
1389,28,400.0,15,8,3,0.15,400,GOVERNED,0.5,1.0,0.9,5,28,GOVERNED,0,400,0,0,0,0,0,0,0,0.0,0.0,0.0,0.0,0.0
1390,28,400.0,15,8,3,0.15,400,GOVERNED,0.5,3.0,0.9,5,28,GOVERNED,0,400,0,0,0,0,0,0,0,0.0,0.0,0.0,0.0,0.0
1385,28,400.0,15,8,3,0.15,400,GOVERNED,0.1,,0.9,5,28,GOVERNED,0,400,0,0,0,0,0,0,0,0.0,0.0,0.0,0.0,0.0
1392,29,400.0,15,8,3,0.15,400,OPEN_LOOP,0.0,1.0,0.9,5,29,OPEN_LOOP,1,400,0,0,0,0,0,0,0,0.0,0.0,10.0,0.0,10.0
1388,28,400.0,15,8,3,0.15,400,GOVERNED,0.25,,0.9,5,28,GOVERNED,0,400,0,0,0,0,0,0,0,0.0,0.0,0.0,0.0,0.0
1382,28,400.0,15,8,3,0.15,400,GOVERNED,0.0,,0.9,5,28,GOVERNED,0,400,0,0,0,0,0,0,0,0.0,0.0,0.0,0.0,0.0
1331,27,400.0,15,8,3,0.15,400,CLOSED_LOOP,0.5,,0.9,5,27,CLOSED_LOOP,0,2,396,1,410,108,107,0,0,0.0092592592592593,1.0,0.0,0.0,0.0
1386,28,400.0,15,8,3,0.15,400,GOVERNED,0.25,1.0,0.9,5,28,GOVERNED,0,400,0,0,0,0,0,0,0,0.0,0.0,0.0,0.0,0.0
1395,29,400.0,15,8,3,0.15,400,OPEN_LOOP,0.1,1.0,0.9,5,29,OPEN_LOOP,1,400,0,0,0,0,0,0,0,0.0,0.0,10.0,0.0,10.0
1393,29,400.0,15,8,3,0.15,400,OPEN_LOOP,0.0,3.0,0.9,5,29,OPEN_LOOP,9,400,0,0,0,0,0,0,0,0.0,0.0,90.0,0.0,90.0
1398,29,400.0,15,8,3,0.15,400,OPEN_LOOP,0.25,1.0,0.9,5,29,OPEN_LOOP,3,400,0,0,0,0,0,0,0,0.0,0.0,30.0,0.0,30.0
1394,29,400.0,15,8,3,0.15,400,OPEN_LOOP,0.0,,0.9,5,29,OPEN_LOOP,27,400,0,0,0,0,0,0,0,0.0,0.0,270.0,0.0,270.0
1391,28,400.0,15,8,3,0.15,400,GOVERNED,0.5,,0.9,5,28,GOVERNED,0,400,0,0,0,0,0,0,0,0.0,0.0,0.0,0.0,0.0
1401,29,400.0,15,8,3,0.15,400,OPEN_LOOP,0.5,1.0,0.9,5,29,OPEN_LOOP,6,397,0,0,0,3,3,3,0,0.0,1.0,60.0,0.0,60.0
1396,29,400.0,15,8,3,0.15,400,OPEN_LOOP,0.1,3.0,0.9,5,29,OPEN_LOOP,16,387,0,0,0,18,18,13,0,0.0,3.6666666666666665,160.0,0.0,160.0
1404,29,400.0,15,8,3,0.15,400,COLD_RESTART,0.0,1.0,0.9,5,29,COLD_RESTART,1,400,0,0,0,0,0,0,0,0.0,0.0,10.0,0.0,10.0
1405,29,400.0,15,8,3,0.15,400,COLD_RESTART,0.0,3.0,0.9,5,29,COLD_RESTART,9,400,0,0,0,0,0,0,0,0.0,0.0,90.0,0.0,90.0
1402,29,400.0,15,8,3,0.15,400,OPEN_LOOP,0.5,3.0,0.9,5,29,OPEN_LOOP,11,378,0,0,0,29,29,22,0,0.0,2.0,110.0,0.0,110.0
1407,29,400.0,15,8,3,0.15,400,COLD_RESTART,0.1,1.0,0.9,5,29,COLD_RESTART,1,400,0,0,0,0,0,0,0,0.0,0.0,10.0,0.0,10.0
1397,29,400.0,15,8,3,0.15,400,OPEN_LOOP,0.1,,0.9,5,29,OPEN_LOOP,24,384,0,0,0,16,16,16,0,0.0,1.0,240.0,0.0,240.0
1399,29,400.0,15,8,3,0.15,400,OPEN_LOOP,0.25,3.0,0.9,5,29,OPEN_LOOP,11,388,0,0,0,15,12,12,0,0.19999999999999996,2.9166666666666665,110.0,0.0,110.0
1400,29,400.0,15,8,3,0.15,400,OPEN_LOOP,0.25,,0.9,5,29,OPEN_LOOP,21,372,0,0,0,40,40,28,0,0.0,1.0,210.0,0.0,210.0
1343,27,400.0,15,8,3,0.15,400,GOVERNED,0.5,,0.9,5,27,GOVERNED,0,2,396,1,410,108,107,0,0,0.0092592592592593,1.0,0.0,0.0,0.0
1406,29,400.0,15,8,3,0.15,400,COLD_RESTART,0.0,,0.9,5,29,COLD_RESTART,27,400,0,0,0,0,0,0,0,0.0,0.0,270.0,0.0,270.0
1408,29,400.0,15,8,3,0.15,400,COLD_RESTART,0.1,3.0,0.9,5,29,COLD_RESTART,5,361,35,4,12,8,8,0,0,0.0,1.0,50.0,0.0,50.0
1416,29,400.0,15,8,3,0.15,400,CLOSED_LOOP,0.0,1.0,0.9,5,29,CLOSED_LOOP,1,400,0,0,0,0,0,0,0,0.0,0.0,10.0,0.0,10.0
1410,29,400.0,15,8,3,0.15,400,COLD_RESTART,0.25,1.0,0.9,5,29,COLD_RESTART,3,400,0,0,0,0,0,0,0,0.0,0.0,30.0,0.0,30.0
1413,29,400.0,15,8,3,0.15,400,COLD_RESTART,0.5,1.0,0.9,5,29,COLD_RESTART,2,376,17,0,9,8,8,4,0,0.0,1.625,20.0,0.0,20.0
1403,29,400.0,15,8,3,0.15,400,OPEN_LOOP,0.5,,0.9,5,29,OPEN_LOOP,18,353,0,0,0,74,74,47,0,0.0,1.0,180.0,0.0,180.0
1417,29,400.0,15,8,3,0.15,400,CLOSED_LOOP,0.0,3.0,0.9,5,29,CLOSED_LOOP,9,400,0,0,0,0,0,0,0,0.0,0.0,90.0,0.0,90.0
1419,29,400.0,15,8,3,0.15,400,CLOSED_LOOP,0.1,1.0,0.9,5,29,CLOSED_LOOP,1,400,0,0,0,0,0,0,0,0.0,0.0,10.0,0.0,10.0
1420,29,400.0,15,8,3,0.15,400,CLOSED_LOOP,0.1,3.0,0.9,5,29,CLOSED_LOOP,5,361,35,4,12,8,8,0,0,0.0,1.0,50.0,0.0,50.0
1418,29,400.0,15,8,3,0.15,400,CLOSED_LOOP,0.0,,0.9,5,29,CLOSED_LOOP,27,400,0,0,0,0,0,0,0,0.0,0.0,270.0,0.0,270.0
1411,29,400.0,15,8,3,0.15,400,COLD_RESTART,0.25,3.0,0.9,5,29,COLD_RESTART,6,221,164,13,78,40,40,2,1,0.0,1.15,60.0,0.0,60.0
1422,29,400.0,15,8,3,0.15,400,CLOSED_LOOP,0.25,1.0,0.9,5,29,CLOSED_LOOP,3,400,0,0,0,0,0,0,0,0.0,0.0,30.0,0.0,30.0
1423,29,400.0,15,8,3,0.15,400,CLOSED_LOOP,0.25,3.0,0.9,5,29,CLOSED_LOOP,5,277,113,6,33,30,30,2,0,0.0,1.2,50.0,0.0,50.0
1414,29,400.0,15,8,3,0.15,400,COLD_RESTART,0.5,3.0,0.9,5,29,COLD_RESTART,1,309,73,1,33,32,32,10,0,0.0,1.28125,10.0,0.0,10.0
1428,29,400.0,15,8,3,0.15,400,GOVERNED,0.0,1.0,0.9,5,29,GOVERNED,1,400,0,0,0,0,0,0,0,0.0,0.0,10.0,0.0,10.0
1429,29,400.0,15,8,3,0.15,400,GOVERNED,0.0,3.0,0.9,5,29,GOVERNED,9,400,0,0,0,0,0,0,0,0.0,0.0,90.0,0.0,90.0
1426,29,400.0,15,8,3,0.15,400,CLOSED_LOOP,0.5,3.0,0.9,5,29,CLOSED_LOOP,1,309,73,1,33,32,32,10,0,0.0,1.28125,10.0,0.0,10.0
1431,29,400.0,15,8,3,0.15,400,GOVERNED,0.1,1.0,0.9,5,29,GOVERNED,1,400,0,0,0,0,0,0,0,0.0,0.0,10.0,0.0,10.0
1412,29,400.0,15,8,3,0.15,400,COLD_RESTART,0.25,,0.9,5,29,COLD_RESTART,0,82,288,24,87,70,70,5,12,0.0,1.0,0.0,0.0,0.0
1430,29,400.0,15,8,3,0.15,400,GOVERNED,0.0,,0.9,5,29,GOVERNED,27,400,0,0,0,0,0,0,0,0.0,0.0,270.0,0.0,270.0
1434,29,400.0,15,8,3,0.15,400,GOVERNED,0.25,1.0,0.9,5,29,GOVERNED,3,400,0,0,0,0,0,0,0,0.0,0.0,30.0,0.0,30.0
1432,29,400.0,15,8,3,0.15,400,GOVERNED,0.1,3.0,0.9,5,29,GOVERNED,5,361,35,4,12,8,8,0,0,0.0,1.0,50.0,0.0,50.0
1425,29,400.0,15,8,3,0.15,400,CLOSED_LOOP,0.5,1.0,0.9,5,29,CLOSED_LOOP,2,376,17,0,9,8,8,4,0,0.0,1.625,20.0,0.0,20.0
1437,29,400.0,15,8,3,0.15,400,GOVERNED,0.5,1.0,0.9,5,29,GOVERNED,2,376,17,0,9,8,8,4,0,0.0,1.625,20.0,0.0,20.0
1409,29,400.0,15,8,3,0.15,400,COLD_RESTART,0.1,,0.9,5,29,COLD_RESTART,17,265,113,15,24,26,26,6,4,0.0,1.0,170.0,0.0,170.0
1421,29,400.0,15,8,3,0.15,400,CLOSED_LOOP,0.1,,0.9,5,29,CLOSED_LOOP,15,259,119,16,18,26,26,6,0,0.0,1.0,150.0,0.0,150.0
1433,29,400.0,15,8,3,0.15,400,GOVERNED,0.1,,0.9,5,29,GOVERNED,15,259,119,16,18,26,26,6,0,0.0,1.0,150.0,0.0,150.0
1435,29,400.0,15,8,3,0.15,400,GOVERNED,0.25,3.0,0.9,5,29,GOVERNED,5,277,113,6,33,30,30,2,0,0.0,1.2,50.0,0.0,50.0
1424,29,400.0,15,8,3,0.15,400,CLOSED_LOOP,0.25,,0.9,5,29,CLOSED_LOOP,6,104,270,24,107,68,67,1,0,0.014705882352941124,1.0,60.0,0.0,60.0
1438,29,400.0,15,8,3,0.15,400,GOVERNED,0.5,3.0,0.9,5,29,GOVERNED,1,309,73,1,33,32,32,10,0,0.0,1.28125,10.0,0.0,10.0
1436,29,400.0,15,8,3,0.15,400,GOVERNED,0.25,,0.9,5,29,GOVERNED,6,104,270,24,107,68,67,1,0,0.014705882352941124,1.0,60.0,0.0,60.0
1427,29,400.0,15,8,3,0.15,400,CLOSED_LOOP,0.5,,0.9,5,29,CLOSED_LOOP,0,5,391,3,353,114,113,0,0,0.00877192982456143,1.0,0.0,0.0,0.0
1415,29,400.0,15,8,3,0.15,400,COLD_RESTART,0.5,,0.9,5,29,COLD_RESTART,0,5,391,3,353,114,113,0,0,0.00877192982456143,1.0,0.0,0.0,0.0
1439,29,400.0,15,8,3,0.15,400,GOVERNED,0.5,,0.9,5,29,GOVERNED,0,5,391,3,353,114,113,0,0,0.00877192982456143,1.0,0.0,0.0,0.0
