RunId,iteration,Step,size,n_resources,capacidad,densidad_obstaculos,max_steps,policy,lambda_dinamismo,costo_edicion,competencia,radio,rng,politica,entregas,pasos_utiles,pasos_deliberando,n_ediciones,n_ediciones_desperdiciadas,divergencias_reales,divergencias_detectadas,tareas_fallidas,carga_perdida,ceguera,latencia_deteccion,utilidad_bruta,costo_deliberacion,utilidad_neta
0,0,400.0,15,8,3,0.15,400,REFLEX,0.0,0,0.9,3,0,REFLEX,4,404,0,0,0,0,0,0,0,0.0,0.0,40.0,0.0,40.0
2,0,400.0,15,8,3,0.15,400,REFLEX,0.0,5,0.9,3,0,REFLEX,4,404,0,0,0,0,0,0,0,0.0,0.0,40.0,0.0,40.0
1,0,400.0,15,8,3,0.15,400,REFLEX,0.0,2,0.9,3,0,REFLEX,4,404,0,0,0,0,0,0,0,0.0,0.0,40.0,0.0,40.0
3,0,400.0,15,8,3,0.15,400,REFLEX,0.0,10,0.9,3,0,REFLEX,4,404,0,0,0,0,0,0,0,0.0,0.0,40.0,0.0,40.0
5,0,400.0,15,8,3,0.15,400,REFLEX,0.05,2,0.9,3,0,REFLEX,11,407,0,0,0,0,0,0,0,0.0,0.0,110.0,0.0,110.0
8,0,400.0,15,8,3,0.15,400,REFLEX,0.1,0,0.9,3,0,REFLEX,4,404,0,0,0,0,0,0,0,0.0,0.0,40.0,0.0,40.0
7,0,400.0,15,8,3,0.15,400,REFLEX,0.05,10,0.9,3,0,REFLEX,11,407,0,0,0,0,0,0,0,0.0,0.0,110.0,0.0,110.0
4,0,400.0,15,8,3,0.15,400,REFLEX,0.05,0,0.9,3,0,REFLEX,11,407,0,0,0,0,0,0,0,0.0,0.0,110.0,0.0,110.0
6,0,400.0,15,8,3,0.15,400,REFLEX,0.05,5,0.9,3,0,REFLEX,11,407,0,0,0,0,0,0,0,0.0,0.0,110.0,0.0,110.0
12,0,400.0,15,8,3,0.15,400,REFLEX,0.25,0,0.9,3,0,REFLEX,12,407,0,0,0,0,0,0,0,0.0,0.0,120.0,0.0,120.0
13,0,400.0,15,8,3,0.15,400,REFLEX,0.25,2,0.9,3,0,REFLEX,12,407,0,0,0,0,0,0,0,0.0,0.0,120.0,0.0,120.0
14,0,400.0,15,8,3,0.15,400,REFLEX,0.25,5,0.9,3,0,REFLEX,12,407,0,0,0,0,0,0,0,0.0,0.0,120.0,0.0,120.0
11,0,400.0,15,8,3,0.15,400,REFLEX,0.1,10,0.9,3,0,REFLEX,4,404,0,0,0,0,0,0,0,0.0,0.0,40.0,0.0,40.0
9,0,400.0,15,8,3,0.15,400,REFLEX,0.1,2,0.9,3,0,REFLEX,4,404,0,0,0,0,0,0,0,0.0,0.0,40.0,0.0,40.0
16,0,400.0,15,8,3,0.15,400,REFLEX,0.5,0,0.9,3,0,REFLEX,12,407,0,0,0,0,0,0,0,0.0,0.0,120.0,0.0,120.0
17,0,400.0,15,8,3,0.15,400,REFLEX,0.5,2,0.9,3,0,REFLEX,12,407,0,0,0,0,0,0,0,0.0,0.0,120.0,0.0,120.0
18,0,400.0,15,8,3,0.15,400,REFLEX,0.5,5,0.9,3,0,REFLEX,12,407,0,0,0,0,0,0,0,0.0,0.0,120.0,0.0,120.0
19,0,400.0,15,8,3,0.15,400,REFLEX,0.5,10,0.9,3,0,REFLEX,12,407,0,0,0,0,0,0,0,0.0,0.0,120.0,0.0,120.0
10,0,400.0,15,8,3,0.15,400,REFLEX,0.1,5,0.9,3,0,REFLEX,4,404,0,0,0,0,0,0,0,0.0,0.0,40.0,0.0,40.0
24,0,400.0,15,8,3,0.15,400,MODEL_BASED,0.05,0,0.9,3,0,MODEL_BASED,11,407,0,0,0,0,0,0,0,0.0,0.0,110.0,0.0,110.0
15,0,400.0,15,8,3,0.15,400,REFLEX,0.25,10,0.9,3,0,REFLEX,12,407,0,0,0,0,0,0,0,0.0,0.0,120.0,0.0,120.0
22,0,400.0,15,8,3,0.15,400,MODEL_BASED,0.0,5,0.9,3,0,MODEL_BASED,4,404,0,0,0,0,0,0,0,0.0,0.0,40.0,0.0,40.0
26,0,400.0,15,8,3,0.15,400,MODEL_BASED,0.05,5,0.9,3,0,MODEL_BASED,11,407,0,0,0,0,0,0,0,0.0,0.0,110.0,0.0,110.0
29,0,400.0,15,8,3,0.15,400,MODEL_BASED,0.1,2,0.9,3,0,MODEL_BASED,4,404,0,0,0,0,0,0,0,0.0,0.0,40.0,0.0,40.0
23,0,400.0,15,8,3,0.15,400,MODEL_BASED,0.0,10,0.9,3,0,MODEL_BASED,4,404,0,0,0,0,0,0,0,0.0,0.0,40.0,0.0,40.0
20,0,400.0,15,8,3,0.15,400,MODEL_BASED,0.0,0,0.9,3,0,MODEL_BASED,4,404,0,0,0,0,0,0,0,0.0,0.0,40.0,0.0,40.0
25,0,400.0,15,8,3,0.15,400,MODEL_BASED,0.05,2,0.9,3,0,MODEL_BASED,11,407,0,0,0,0,0,0,0,0.0,0.0,110.0,0.0,110.0
31,0,400.0,15,8,3,0.15,400,MODEL_BASED,0.1,10,0.9,3,0,MODEL_BASED,4,404,0,0,0,0,0,0,0,0.0,0.0,40.0,0.0,40.0
30,0,400.0,15,8,3,0.15,400,MODEL_BASED,0.1,5,0.9,3,0,MODEL_BASED,4,404,0,0,0,0,0,0,0,0.0,0.0,40.0,0.0,40.0
27,0,400.0,15,8,3,0.15,400,MODEL_BASED,0.05,10,0.9,3,0,MODEL_BASED,11,407,0,0,0,0,0,0,0,0.0,0.0,110.0,0.0,110.0
32,0,400.0,15,8,3,0.15,400,MODEL_BASED,0.25,0,0.9,3,0,MODEL_BASED,10,406,0,0,0,0,0,0,0,0.0,0.0,100.0,0.0,100.0
28,0,400.0,15,8,3,0.15,400,MODEL_BASED,0.1,0,0.9,3,0,MODEL_BASED,4,404,0,0,0,0,0,0,0,0.0,0.0,40.0,0.0,40.0
21,0,400.0,15,8,3,0.15,400,MODEL_BASED,0.0,2,0.9,3,0,MODEL_BASED,4,404,0,0,0,0,0,0,0,0.0,0.0,40.0,0.0,40.0
35,0,400.0,15,8,3,0.15,400,MODEL_BASED,0.25,10,0.9,3,0,MODEL_BASED,10,406,0,0,0,0,0,0,0,0.0,0.0,100.0,0.0,100.0
36,0,400.0,15,8,3,0.15,400,MODEL_BASED,0.5,0,0.9,3,0,MODEL_BASED,11,409,0,0,0,0,0,0,0,0.0,0.0,110.0,0.0,110.0
40,0,400.0,15,8,3,0.15,400,OPEN_LOOP,0.0,0,0.9,3,0,OPEN_LOOP,12,400,0,0,0,0,0,0,0,0.0,0.0,120.0,0.0,120.0
38,0,400.0,15,8,3,0.15,400,MODEL_BASED,0.5,5,0.9,3,0,MODEL_BASED,11,409,0,0,0,0,0,0,0,0.0,0.0,110.0,0.0,110.0
41,0,400.0,15,8,3,0.15,400,OPEN_LOOP,0.0,2,0.9,3,0,OPEN_LOOP,12,400,0,0,0,0,0,0,0,0.0,0.0,120.0,0.0,120.0
37,0,400.0,15,8,3,0.15,400,MODEL_BASED,0.5,2,0.9,3,0,MODEL_BASED,11,409,0,0,0,0,0,0,0,0.0,0.0,110.0,0.0,110.0
43,0,400.0,15,8,3,0.15,400,OPEN_LOOP,0.0,10,0.9,3,0,OPEN_LOOP,12,400,0,0,0,0,0,0,0,0.0,0.0,120.0,0.0,120.0
46,0,400.0,15,8,3,0.15,400,OPEN_LOOP,0.05,5,0.9,3,0,OPEN_LOOP,12,396,0,0,0,4,4,4,0,0.0,4.5,120.0,0.0,120.0
45,0,400.0,15,8,3,0.15,400,OPEN_LOOP,0.05,2,0.9,3,0,OPEN_LOOP,12,396,0,0,0,4,4,4,0,0.0,4.5,120.0,0.0,120.0
34,0,400.0,15,8,3,0.15,400,MODEL_BASED,0.25,5,0.9,3,0,MODEL_BASED,10,406,0,0,0,0,0,0,0,0.0,0.0,100.0,0.0,100.0
47,0,400.0,15,8,3,0.15,400,OPEN_LOOP,0.05,10,0.9,3,0,OPEN_LOOP,12,396,0,0,0,4,4,4,0,0.0,4.5,120.0,0.0,120.0
33,0,400.0,15,8,3,0.15,400,MODEL_BASED,0.25,2,0.9,3,0,MODEL_BASED,10,406,0,0,0,0,0,0,0,0.0,0.0,100.0,0.0,100.0
44,0,400.0,15,8,3,0.15,400,OPEN_LOOP,0.05,0,0.9,3,0,OPEN_LOOP,12,396,0,0,0,4,4,4,0,0.0,4.5,120.0,0.0,120.0
49,0,400.0,15,8,3,0.15,400,OPEN_LOOP,0.1,2,0.9,3,0,OPEN_LOOP,6,398,0,0,0,3,3,2,0,0.0,1.0,60.0,0.0,60.0
51,0,400.0,15,8,3,0.15,400,OPEN_LOOP,0.1,10,0.9,3,0,OPEN_LOOP,6,398,0,0,0,3,3,2,0,0.0,1.0,60.0,0.0,60.0
50,0,400.0,15,8,3,0.15,400,OPEN_LOOP,0.1,5,0.9,3,0,OPEN_LOOP,6,398,0,0,0,3,3,2,0,0.0,1.0,60.0,0.0,60.0
39,0,400.0,15,8,3,0.15,400,MODEL_BASED,0.5,10,0.9,3,0,MODEL_BASED,11,409,0,0,0,0,0,0,0,0.0,0.0,110.0,0.0,110.0
42,0,400.0,15,8,3,0.15,400,OPEN_LOOP,0.0,5,0.9,3,0,OPEN_LOOP,12,400,0,0,0,0,0,0,0,0.0,0.0,120.0,0.0,120.0
53,0,400.0,15,8,3,0.15,400,OPEN_LOOP,0.25,2,0.9,3,0,OPEN_LOOP,8,396,0,0,0,5,5,4,0,0.0,1.8,80.0,0.0,80.0
48,0,400.0,15,8,3,0.15,400,OPEN_LOOP,0.1,0,0.9,3,0,OPEN_LOOP,6,398,0,0,0,3,3,2,0,0.0,1.0,60.0,0.0,60.0
52,0,400.0,15,8,3,0.15,400,OPEN_LOOP,0.25,0,0.9,3,0,OPEN_LOOP,8,396,0,0,0,5,5,4,0,0.0,1.8,80.0,0.0,80.0
61,0,400.0,15,8,3,0.15,400,COLD_RESTART,0.0,2,0.9,3,0,COLD_RESTART,12,400,0,0,0,0,0,0,0,0.0,0.0,120.0,0.0,120.0
57,0,400.0,15,8,3,0.15,400,OPEN_LOOP,0.5,2,0.9,3,0,OPEN_LOOP,8,394,0,0,0,8,8,6,0,0.0,1.25,80.0,0.0,80.0
55,0,400.0,15,8,3,0.15,400,OPEN_LOOP,0.25,10,0.9,3,0,OPEN_LOOP,8,396,0,0,0,5,5,4,0,0.0,1.8,80.0,0.0,80.0
58,0,400.0,15,8,3,0.15,400,OPEN_LOOP,0.5,5,0.9,3,0,OPEN_LOOP,8,394,0,0,0,8,8,6,0,0.0,1.25,80.0,0.0,80.0
56,0,400.0,15,8,3,0.15,400,OPEN_LOOP,0.5,0,0.9,3,0,OPEN_LOOP,8,394,0,0,0,8,8,6,0,0.0,1.25,80.0,0.0,80.0
60,0,400.0,15,8,3,0.15,400,COLD_RESTART,0.0,0,0.9,3,0,COLD_RESTART,12,400,0,0,0,0,0,0,0,0.0,0.0,120.0,0.0,120.0
54,0,400.0,15,8,3,0.15,400,OPEN_LOOP,0.25,5,0.9,3,0,OPEN_LOOP,8,396,0,0,0,5,5,4,0,0.0,1.8,80.0,0.0,80.0
62,0,400.0,15,8,3,0.15,400,COLD_RESTART,0.0,5,0.9,3,0,COLD_RESTART,12,400,0,0,0,0,0,0,0,0.0,0.0,120.0,0.0,120.0
63,0,400.0,15,8,3,0.15,400,COLD_RESTART,0.0,10,0.9,3,0,COLD_RESTART,12,400,0,0,0,0,0,0,0,0.0,0.0,120.0,0.0,120.0
59,0,400.0,15,8,3,0.15,400,OPEN_LOOP,0.5,10,0.9,3,0,OPEN_LOOP,8,394,0,0,0,8,8,6,0,0.0,1.25,80.0,0.0,80.0
64,0,400.0,15,8,3,0.15,400,COLD_RESTART,0.05,0,0.9,3,0,COLD_RESTART,8,400,0,2,0,2,2,0,0,0.0,1.0,80.0,0.0,80.0
69,0,400.0,15,8,3,0.15,400,COLD_RESTART,0.1,2,0.9,3,0,COLD_RESTART,6,362,26,11,4,16,15,1,2,0.0625,1.1333333333333333,60.0,0.0,60.0
71,0,400.0,15,8,3,0.15,400,COLD_RESTART,0.1,10,0.9,3,0,COLD_RESTART,5,349,45,3,3,7,7,2,0,0.0,3.5714285714285716,50.0,0.0,50.0
65,0,400.0,15,8,3,0.15,400,COLD_RESTART,0.05,2,0.9,3,0,COLD_RESTART,9,368,21,10,2,11,11,1,3,0.0,3.3636363636363638,90.0,0.0,90.0
73,0,400.0,15,8,3,0.15,400,COLD_RESTART,0.25,2,0.9,3,0,COLD_RESTART,6,362,27,10,6,14,14,1,1,0.0,1.6428571428571428,60.0,0.0,60.0
66,0,400.0,15,8,3,0.15,400,COLD_RESTART,0.05,5,0.9,3,0,COLD_RESTART,6,354,37,6,2,9,9,2,1,0.0,3.3333333333333335,60.0,0.0,60.0
72,0,400.0,15,8,3,0.15,400,COLD_RESTART,0.25,0,0.9,3,0,COLD_RESTART,7,397,0,19,2,16,15,3,10,0.0625,3.466666666666667,70.0,0.0,70.0
74,0,400.0,15,8,3,0.15,400,COLD_RESTART,0.25,5,0.9,3,0,COLD_RESTART,6,341,47,5,11,16,16,4,0,0.0,1.0,60.0,0.0,60.0
76,0,400.0,15,8,3,0.15,400,COLD_RESTART,0.5,0,0.9,3,0,COLD_RESTART,6,400,0,34,18,17,16,0,8,0.05882352941176472,1.6875,60.0,0.0,60.0
68,0,400.0,15,8,3,0.15,400,COLD_RESTART,0.1,0,0.9,3,0,COLD_RESTART,13,399,0,13,0,12,12,1,4,0.0,4.25,130.0,0.0,130.0
78,0,400.0,15,8,3,0.15,400,COLD_RESTART,0.5,5,0.9,3,0,COLD_RESTART,3,266,109,6,51,40,39,11,0,0.025000000000000022,1.1282051282051282,30.0,0.0,30.0
67,0,400.0,15,8,3,0.15,400,COLD_RESTART,0.05,10,0.9,3,0,COLD_RESTART,6,350,46,3,2,6,6,1,0,0.0,2.6666666666666665,60.0,0.0,60.0
82,0,400.0,15,8,3,0.15,400,CLOSED_LOOP,0.0,5,0.9,3,0,CLOSED_LOOP,12,400,0,0,0,0,0,0,0,0.0,0.0,120.0,0.0,120.0
70,0,400.0,15,8,3,0.15,400,COLD_RESTART,0.1,5,0.9,3,0,COLD_RESTART,10,338,50,10,2,10,10,2,0,0.0,2.7,100.0,0.0,100.0
77,0,400.0,15,8,3,0.15,400,COLD_RESTART,0.5,2,0.9,3,0,COLD_RESTART,5,297,78,10,62,35,34,8,0,0.02857142857142858,1.1764705882352942,50.0,0.0,50.0
80,0,400.0,15,8,3,0.15,400,CLOSED_LOOP,0.0,0,0.9,3,0,CLOSED_LOOP,12,400,0,0,0,0,0,0,0,0.0,0.0,120.0,0.0,120.0
81,0,400.0,15,8,3,0.15,400,CLOSED_LOOP,0.0,2,0.9,3,0,CLOSED_LOOP,12,400,0,0,0,0,0,0,0,0.0,0.0,120.0,0.0,120.0
84,0,400.0,15,8,3,0.15,400,CLOSED_LOOP,0.05,0,0.9,3,0,CLOSED_LOOP,8,400,0,2,0,2,2,0,0,0.0,1.0,80.0,0.0,80.0
85,0,400.0,15,8,3,0.15,400,CLOSED_LOOP,0.05,2,0.9,3,0,CLOSED_LOOP,10,381,13,6,1,6,6,0,0,0.0,2.5,100.0,0.0,100.0
83,0,400.0,15,8,3,0.15,400,CLOSED_LOOP,0.0,10,0.9,3,0,CLOSED_LOOP,12,400,0,0,0,0,0,0,0,0.0,0.0,120.0,0.0,120.0
75,0,400.0,15,8,3,0.15,400,COLD_RESTART,0.25,10,0.9,3,0,COLD_RESTART,2,102,289,6,98,57,56,1,0,0.01754385964912286,1.0892857142857142,20.0,0.0,20.0
79,0,400.0,15,8,3,0.15,400,COLD_RESTART,0.5,10,0.9,3,0,COLD_RESTART,1,129,255,5,106,63,63,7,1,0.0,1.0317460317460319,10.0,0.0,10.0
89,0,400.0,15,8,3,0.15,400,CLOSED_LOOP,0.1,2,0.9,3,0,CLOSED_LOOP,7,378,14,6,1,9,9,2,0,0.0,1.5555555555555556,70.0,0.0,70.0
90,0,400.0,15,8,3,0.15,400,CLOSED_LOOP,0.1,5,0.9,3,0,CLOSED_LOOP,10,338,50,10,2,10,10,2,0,0.0,2.7,100.0,0.0,100.0
86,0,400.0,15,8,3,0.15,400,CLOSED_LOOP,0.05,5,0.9,3,0,CLOSED_LOOP,7,359,34,6,2,8,8,1,0,0.0,3.625,70.0,0.0,70.0
87,0,400.0,15,8,3,0.15,400,CLOSED_LOOP,0.05,10,0.9,3,0,CLOSED_LOOP,6,350,46,3,2,6,6,1,0,0.0,2.6666666666666665,60.0,0.0,60.0
91,0,400.0,15,8,3,0.15,400,CLOSED_LOOP,0.1,10,0.9,3,0,CLOSED_LOOP,5,349,45,3,3,7,7,2,0,0.0,3.5714285714285716,50.0,0.0,50.0
93,0,400.0,15,8,3,0.15,400,CLOSED_LOOP,0.25,2,0.9,3,0,CLOSED_LOOP,7,361,28,10,12,15,15,1,0,0.0,2.0,70.0,0.0,70.0
101,0,400.0,15,8,3,0.15,400,GOVERNED,0.0,2,0.9,3,0,GOVERNED,12,400,0,0,0,0,0,0,0,0.0,0.0,120.0,0.0,120.0
94,0,400.0,15,8,3,0.15,400,CLOSED_LOOP,0.25,5,0.9,3,0,CLOSED_LOOP,6,341,47,5,11,16,16,4,0,0.0,1.0,60.0,0.0,60.0
102,0,400.0,15,8,3,0.15,400,GOVERNED,0.0,5,0.9,3,0,GOVERNED,12,400,0,0,0,0,0,0,0,0.0,0.0,120.0,0.0,120.0
95,0,400.0,15,8,3,0.15,400,CLOSED_LOOP,0.25,10,0.9,3,0,CLOSED_LOOP,2,102,289,6,98,57,56,1,0,0.01754385964912286,1.0892857142857142,20.0,0.0,20.0
88,0,400.0,15,8,3,0.15,400,CLOSED_LOOP,0.1,0,0.9,3,0,CLOSED_LOOP,12,400,0,13,1,10,10,0,0,0.0,3.2,120.0,0.0,120.0
103,0,400.0,15,8,3,0.15,400,GOVERNED,0.0,10,0.9,3,0,GOVERNED,12,400,0,0,0,0,0,0,0,0.0,0.0,120.0,0.0,120.0
97,0,400.0,15,8,3,0.15,400,CLOSED_LOOP,0.5,2,0.9,3,0,CLOSED_LOOP,5,297,78,10,62,35,34,8,0,0.02857142857142858,1.1764705882352942,50.0,0.0,50.0
100,0,400.0,15,8,3,0.15,400,GOVERNED,0.0,0,0.9,3,0,GOVERNED,12,400,0,0,0,0,0,0,0,0.0,0.0,120.0,0.0,120.0
98,0,400.0,15,8,3,0.15,400,CLOSED_LOOP,0.5,5,0.9,3,0,CLOSED_LOOP,3,266,109,6,51,40,39,11,0,0.025000000000000022,1.1282051282051282,30.0,0.0,30.0
96,0,400.0,15,8,3,0.15,400,CLOSED_LOOP,0.5,0,0.9,3,0,CLOSED_LOOP,10,400,0,23,12,12,11,0,0,0.08333333333333337,2.090909090909091,100.0,0.0,100.0
105,0,400.0,15,8,3,0.15,400,GOVERNED,0.05,2,0.9,3,0,GOVERNED,10,381,13,6,1,6,6,0,0,0.0,2.5,100.0,0.0,100.0
92,0,400.0,15,8,3,0.15,400,CLOSED_LOOP,0.25,0,0.9,3,0,CLOSED_LOOP,10,400,0,19,5,13,12,0,0,0.07692307692307687,3.4166666666666665,100.0,0.0,100.0
109,0,400.0,15,8,3,0.15,400,GOVERNED,0.1,2,0.9,3,0,GOVERNED,7,378,14,6,1,9,9,2,0,0.0,1.5555555555555556,70.0,0.0,70.0
99,0,400.0,15,8,3,0.15,400,CLOSED_LOOP,0.5,10,0.9,3,0,CLOSED_LOOP,1,130,254,6,86,59,58,7,0,0.016949152542372836,1.0344827586206897,10.0,0.0,10.0
107,0,400.0,15,8,3,0.15,400,GOVERNED,0.05,10,0.9,3,0,GOVERNED,6,350,46,3,2,6,6,1,0,0.0,2.6666666666666665,60.0,0.0,60.0
111,0,400.0,15,8,3,0.15,400,GOVERNED,0.1,10,0.9,3,0,GOVERNED,5,349,45,3,3,7,7,2,0,0.0,3.5714285714285716,50.0,0.0,50.0
110,0,400.0,15,8,3,0.15,400,GOVERNED,0.1,5,0.9,3,0,GOVERNED,10,338,50,10,2,10,10,2,0,0.0,2.7,100.0,0.0,100.0
108,0,400.0,15,8,3,0.15,400,GOVERNED,0.1,0,0.9,3,0,GOVERNED,12,400,0,13,1,10,10,0,0,0.0,3.2,120.0,0.0,120.0
113,0,400.0,15,8,3,0.15,400,GOVERNED,0.25,2,0.9,3,0,GOVERNED,7,361,28,10,12,15,15,1,0,0.0,2.0,70.0,0.0,70.0
104,0,400.0,15,8,3,0.15,400,GOVERNED,0.05,0,0.9,3,0,GOVERNED,8,400,0,2,0,2,2,0,0,0.0,1.0,80.0,0.0,80.0
106,0,400.0,15,8,3,0.15,400,GOVERNED,0.05,5,0.9,3,0,GOVERNED,7,359,34,6,2,8,8,1,0,0.0,3.625,70.0,0.0,70.0
112,0,400.0,15,8,3,0.15,400,GOVERNED,0.25,0,0.9,3,0,GOVERNED,10,400,0,19,5,13,12,0,0,0.07692307692307687,3.4166666666666665,100.0,0.0,100.0
122,1,400.0,15,8,3,0.15,400,REFLEX,0.0,5,0.9,3,1,REFLEX,10,406,0,0,0,0,0,0,0,0.0,0.0,100.0,0.0,100.0
123,1,400.0,15,8,3,0.15,400,REFLEX,0.0,10,0.9,3,1,REFLEX,10,406,0,0,0,0,0,0,0,0.0,0.0,100.0,0.0,100.0
116,0,400.0,15,8,3,0.15,400,GOVERNED,0.5,0,0.9,3,0,GOVERNED,10,400,0,23,12,12,11,0,0,0.08333333333333337,2.090909090909091,100.0,0.0,100.0
120,1,400.0,15,8,3,0.15,400,REFLEX,0.0,0,0.9,3,1,REFLEX,10,406,0,0,0,0,0,0,0,0.0,0.0,100.0,0.0,100.0
114,0,400.0,15,8,3,0.15,400,GOVERNED,0.25,5,0.9,3,0,GOVERNED,6,341,47,5,11,16,16,4,0,0.0,1.0,60.0,0.0,60.0
117,0,400.0,15,8,3,0.15,400,GOVERNED,0.5,2,0.9,3,0,GOVERNED,5,297,78,10,62,35,34,8,0,0.02857142857142858,1.1764705882352942,50.0,0.0,50.0
115,0,400.0,15,8,3,0.15,400,GOVERNED,0.25,10,0.9,3,0,GOVERNED,2,102,289,6,98,57,56,1,0,0.01754385964912286,1.0892857142857142,20.0,0.0,20.0
119,0,400.0,15,8,3,0.15,400,GOVERNED,0.5,10,0.9,3,0,GOVERNED,1,130,254,6,86,59,58,7,0,0.016949152542372836,1.0344827586206897,10.0,0.0,10.0
125,1,400.0,15,8,3,0.15,400,REFLEX,0.05,2,0.9,3,1,REFLEX,10,405,0,0,0,0,0,0,0,0.0,0.0,100.0,0.0,100.0
126,1,400.0,15,8,3,0.15,400,REFLEX,0.05,5,0.9,3,1,REFLEX,10,405,0,0,0,0,0,0,0,0.0,0.0,100.0,0.0,100.0
130,1,400.0,15,8,3,0.15,400,REFLEX,0.1,5,0.9,3,1,REFLEX,13,407,0,0,0,0,0,0,0,0.0,0.0,130.0,0.0,130.0
129,1,400.0,15,8,3,0.15,400,REFLEX,0.1,2,0.9,3,1,REFLEX,13,407,0,0,0,0,0,0,0,0.0,0.0,130.0,0.0,130.0
127,1,400.0,15,8,3,0.15,400,REFLEX,0.05,10,0.9,3,1,REFLEX,10,405,0,0,0,0,0,0,0,0.0,0.0,100.0,0.0,100.0
128,1,400.0,15,8,3,0.15,400,REFLEX,0.1,0,0.9,3,1,REFLEX,13,407,0,0,0,0,0,0,0,0.0,0.0,130.0,0.0,130.0
124,1,400.0,15,8,3,0.15,400,REFLEX,0.05,0,0.9,3,1,REFLEX,10,405,0,0,0,0,0,0,0,0.0,0.0,100.0,0.0,100.0
121,1,400.0,15,8,3,0.15,400,REFLEX,0.0,2,0.9,3,1,REFLEX,10,406,0,0,0,0,0,0,0,0.0,0.0,100.0,0.0,100.0
131,1,400.0,15,8,3,0.15,400,REFLEX,0.1,10,0.9,3,1,REFLEX,13,407,0,0,0,0,0,0,0,0.0,0.0,130.0,0.0,130.0
132,1,400.0,15,8,3,0.15,400,REFLEX,0.25,0,0.9,3,1,REFLEX,7,407,0,0,0,0,0,0,0,0.0,0.0,70.0,0.0,70.0
134,1,400.0,15,8,3,0.15,400,REFLEX,0.25,5,0.9,3,1,REFLEX,7,407,0,0,0,0,0,0,0,0.0,0.0,70.0,0.0,70.0
118,0,400.0,15,8,3,0.15,400,GOVERNED,0.5,5,0.9,3,0,GOVERNED,3,266,109,6,51,40,39,11,0,0.025000000000000022,1.1282051282051282,30.0,0.0,30.0
138,1,400.0,15,8,3,0.15,400,REFLEX,0.5,5,0.9,3,1,REFLEX,11,390,0,0,0,0,0,0,0,0.0,0.0,110.0,0.0,110.0
140,1,400.0,15,8,3,0.15,400,MODEL_BASED,0.0,0,0.9,3,1,MODEL_BASED,11,407,0,0,0,0,0,0,0,0.0,0.0,110.0,0.0,110.0
141,1,400.0,15,8,3,0.15,400,MODEL_BASED,0.0,2,0.9,3,1,MODEL_BASED,11,407,0,0,0,0,0,0,0,0.0,0.0,110.0,0.0,110.0
139,1,400.0,15,8,3,0.15,400,REFLEX,0.5,10,0.9,3,1,REFLEX,11,390,0,0,0,0,0,0,0,0.0,0.0,110.0,0.0,110.0
135,1,400.0,15,8,3,0.15,400,REFLEX,0.25,10,0.9,3,1,REFLEX,7,407,0,0,0,0,0,0,0,0.0,0.0,70.0,0.0,70.0
136,1,400.0,15,8,3,0.15,400,REFLEX,0.5,0,0.9,3,1,REFLEX,11,390,0,0,0,0,0,0,0,0.0,0.0,110.0,0.0,110.0
137,1,400.0,15,8,3,0.15,400,REFLEX,0.5,2,0.9,3,1,REFLEX,11,390,0,0,0,0,0,0,0,0.0,0.0,110.0,0.0,110.0
147,1,400.0,15,8,3,0.15,400,MODEL_BASED,0.05,10,0.9,3,1,MODEL_BASED,11,404,0,0,0,0,0,0,0,0.0,0.0,110.0,0.0,110.0
148,1,400.0,15,8,3,0.15,400,MODEL_BASED,0.1,0,0.9,3,1,MODEL_BASED,14,392,0,0,0,0,0,0,0,0.0,0.0,140.0,0.0,140.0
143,1,400.0,15,8,3,0.15,400,MODEL_BASED,0.0,10,0.9,3,1,MODEL_BASED,11,407,0,0,0,0,0,0,0,0.0,0.0,110.0,0.0,110.0
133,1,400.0,15,8,3,0.15,400,REFLEX,0.25,2,0.9,3,1,REFLEX,7,407,0,0,0,0,0,0,0,0.0,0.0,70.0,0.0,70.0
146,1,400.0,15,8,3,0.15,400,MODEL_BASED,0.05,5,0.9,3,1,MODEL_BASED,11,404,0,0,0,0,0,0,0,0.0,0.0,110.0,0.0,110.0
144,1,400.0,15,8,3,0.15,400,MODEL_BASED,0.05,0,0.9,3,1,MODEL_BASED,11,404,0,0,0,0,0,0,0,0.0,0.0,110.0,0.0,110.0
149,1,400.0,15,8,3,0.15,400,MODEL_BASED,0.1,2,0.9,3,1,MODEL_BASED,14,392,0,0,0,0,0,0,0,0.0,0.0,140.0,0.0,140.0
142,1,400.0,15,8,3,0.15,400,MODEL_BASED,0.0,5,0.9,3,1,MODEL_BASED,11,407,0,0,0,0,0,0,0,0.0,0.0,110.0,0.0,110.0
150,1,400.0,15,8,3,0.15,400,MODEL_BASED,0.1,5,0.9,3,1,MODEL_BASED,14,392,0,0,0,0,0,0,0,0.0,0.0,140.0,0.0,140.0
145,1,400.0,15,8,3,0.15,400,MODEL_BASED,0.05,2,0.9,3,1,MODEL_BASED,11,404,0,0,0,0,0,0,0,0.0,0.0,110.0,0.0,110.0
153,1,400.0,15,8,3,0.15,400,MODEL_BASED,0.25,2,0.9,3,1,MODEL_BASED,8,405,0,0,0,0,0,0,0,0.0,0.0,80.0,0.0,80.0
154,1,400.0,15,8,3,0.15,400,MODEL_BASED,0.25,5,0.9,3,1,MODEL_BASED,8,405,0,0,0,0,0,0,0,0.0,0.0,80.0,0.0,80.0
155,1,400.0,15,8,3,0.15,400,MODEL_BASED,0.25,10,0.9,3,1,MODEL_BASED,8,405,0,0,0,0,0,0,0,0.0,0.0,80.0,0.0,80.0
159,1,400.0,15,8,3,0.15,400,MODEL_BASED,0.5,10,0.9,3,1,MODEL_BASED,16,407,0,0,0,0,0,0,0,0.0,0.0,160.0,0.0,160.0
160,1,400.0,15,8,3,0.15,400,OPEN_LOOP,0.0,0,0.9,3,1,OPEN_LOOP,7,400,0,0,0,0,0,0,0,0.0,0.0,70.0,0.0,70.0
157,1,400.0,15,8,3,0.15,400,MODEL_BASED,0.5,2,0.9,3,1,MODEL_BASED,16,407,0,0,0,0,0,0,0,0.0,0.0,160.0,0.0,160.0
156,1,400.0,15,8,3,0.15,400,MODEL_BASED,0.5,0,0.9,3,1,MODEL_BASED,16,407,0,0,0,0,0,0,0,0.0,0.0,160.0,0.0,160.0
158,1,400.0,15,8,3,0.15,400,MODEL_BASED,0.5,5,0.9,3,1,MODEL_BASED,16,407,0,0,0,0,0,0,0,0.0,0.0,160.0,0.0,160.0
161,1,400.0,15,8,3,0.15,400,OPEN_LOOP,0.0,2,0.9,3,1,OPEN_LOOP,7,400,0,0,0,0,0,0,0,0.0,0.0,70.0,0.0,70.0
162,1,400.0,15,8,3,0.15,400,OPEN_LOOP,0.0,5,0.9,3,1,OPEN_LOOP,7,400,0,0,0,0,0,0,0,0.0,0.0,70.0,0.0,70.0
164,1,400.0,15,8,3,0.15,400,OPEN_LOOP,0.05,0,0.9,3,1,OPEN_LOOP,11,397,0,0,0,2,1,3,0,0.5,12.0,110.0,0.0,110.0
165,1,400.0,15,8,3,0.15,400,OPEN_LOOP,0.05,2,0.9,3,1,OPEN_LOOP,11,397,0,0,0,2,1,3,0,0.5,12.0,110.0,0.0,110.0
167,1,400.0,15,8,3,0.15,400,OPEN_LOOP,0.05,10,0.9,3,1,OPEN_LOOP,11,397,0,0,0,2,1,3,0,0.5,12.0,110.0,0.0,110.0
163,1,400.0,15,8,3,0.15,400,OPEN_LOOP,0.0,10,0.9,3,1,OPEN_LOOP,7,400,0,0,0,0,0,0,0,0.0,0.0,70.0,0.0,70.0
151,1,400.0,15,8,3,0.15,400,MODEL_BASED,0.1,10,0.9,3,1,MODEL_BASED,14,392,0,0,0,0,0,0,0,0.0,0.0,140.0,0.0,140.0
152,1,400.0,15,8,3,0.15,400,MODEL_BASED,0.25,0,0.9,3,1,MODEL_BASED,8,405,0,0,0,0,0,0,0,0.0,0.0,80.0,0.0,80.0
168,1,400.0,15,8,3,0.15,400,OPEN_LOOP,0.1,0,0.9,3,1,OPEN_LOOP,18,387,0,0,0,15,14,13,0,0.06666666666666665,3.0,180.0,0.0,180.0
170,1,400.0,15,8,3,0.15,400,OPEN_LOOP,0.1,5,0.9,3,1,OPEN_LOOP,18,387,0,0,0,15,14,13,0,0.06666666666666665,3.0,180.0,0.0,180.0
169,1,400.0,15,8,3,0.15,400,OPEN_LOOP,0.1,2,0.9,3,1,OPEN_LOOP,18,387,0,0,0,15,14,13,0,0.06666666666666665,3.0,180.0,0.0,180.0
166,1,400.0,15,8,3,0.15,400,OPEN_LOOP,0.05,5,0.9,3,1,OPEN_LOOP,11,397,0,0,0,2,1,3,0,0.5,12.0,110.0,0.0,110.0
174,1,400.0,15,8,3,0.15,400,OPEN_LOOP,0.25,5,0.9,3,1,OPEN_LOOP,18,378,0,0,0,22,22,22,0,0.0,1.6818181818181819,180.0,0.0,180.0
175,1,400.0,15,8,3,0.15,400,OPEN_LOOP,0.25,10,0.9,3,1,OPEN_LOOP,18,378,0,0,0,22,22,22,0,0.0,1.6818181818181819,180.0,0.0,180.0
171,1,400.0,15,8,3,0.15,400,OPEN_LOOP,0.1,10,0.9,3,1,OPEN_LOOP,18,387,0,0,0,15,14,13,0,0.06666666666666665,3.0,180.0,0.0,180.0
180,1,400.0,15,8,3,0.15,400,COLD_RESTART,0.0,0,0.9,3,1,COLD_RESTART,7,400,0,0,0,0,0,0,0,0.0,0.0,70.0,0.0,70.0
181,1,400.0,15,8,3,0.15,400,COLD_RESTART,0.0,2,0.9,3,1,COLD_RESTART,7,400,0,0,0,0,0,0,0,0.0,0.0,70.0,0.0,70.0
173,1,400.0,15,8,3,0.15,400,OPEN_LOOP,0.25,2,0.9,3,1,OPEN_LOOP,18,378,0,0,0,22,22,22,0,0.0,1.6818181818181819,180.0,0.0,180.0
183,1,400.0,15,8,3,0.15,400,COLD_RESTART,0.0,10,0.9,3,1,COLD_RESTART,7,400,0,0,0,0,0,0,0,0.0,0.0,70.0,0.0,70.0
172,1,400.0,15,8,3,0.15,400,OPEN_LOOP,0.25,0,0.9,3,1,OPEN_LOOP,18,378,0,0,0,22,22,22,0,0.0,1.6818181818181819,180.0,0.0,180.0
176,1,400.0,15,8,3,0.15,400,OPEN_LOOP,0.5,0,0.9,3,1,OPEN_LOOP,10,365,0,0,0,47,46,35,0,0.021276595744680882,1.6304347826086956,100.0,0.0,100.0
185,1,400.0,15,8,3,0.15,400,COLD_RESTART,0.05,2,0.9,3,1,COLD_RESTART,9,390,6,3,2,4,3,1,0,0.25,4.666666666666667,90.0,0.0,90.0
178,1,400.0,15,8,3,0.15,400,OPEN_LOOP,0.5,5,0.9,3,1,OPEN_LOOP,10,365,0,0,0,47,46,35,0,0.021276595744680882,1.6304347826086956,100.0,0.0,100.0
184,1,400.0,15,8,3,0.15,400,COLD_RESTART,0.05,0,0.9,3,1,COLD_RESTART,10,399,0,2,0,3,2,1,0,0.33333333333333337,13.5,100.0,0.0,100.0
186,1,400.0,15,8,3,0.15,400,COLD_RESTART,0.05,5,0.9,3,1,COLD_RESTART,8,386,10,2,0,3,2,2,1,0.33333333333333337,8.0,80.0,0.0,80.0
187,1,400.0,15,8,3,0.15,400,COLD_RESTART,0.05,10,0.9,3,1,COLD_RESTART,9,378,20,1,1,3,2,1,0,0.33333333333333337,6.5,90.0,0.0,90.0
179,1,400.0,15,8,3,0.15,400,OPEN_LOOP,0.5,10,0.9,3,1,OPEN_LOOP,10,365,0,0,0,47,46,35,0,0.021276595744680882,1.6304347826086956,100.0,0.0,100.0
188,1,400.0,15,8,3,0.15,400,COLD_RESTART,0.1,0,0.9,3,1,COLD_RESTART,7,399,0,3,0,4,4,1,1,0.0,1.0,70.0,0.0,70.0
190,1,400.0,15,8,3,0.15,400,COLD_RESTART,0.1,5,0.9,3,1,COLD_RESTART,8,357,34,6,4,10,10,2,2,0.0,2.9,80.0,0.0,80.0
182,1,400.0,15,8,3,0.15,400,COLD_RESTART,0.0,5,0.9,3,1,COLD_RESTART,7,400,0,0,0,0,0,0,0,0.0,0.0,70.0,0.0,70.0
177,1,400.0,15,8,3,0.15,400,OPEN_LOOP,0.5,2,0.9,3,1,OPEN_LOOP,10,365,0,0,0,47,46,35,0,0.021276595744680882,1.6304347826086956,100.0,0.0,100.0
193,1,400.0,15,8,3,0.15,400,COLD_RESTART,0.25,2,0.9,3,1,COLD_RESTART,7,347,36,13,12,20,20,3,1,0.0,1.35,70.0,0.0,70.0
200,1,400.0,15,8,3,0.15,400,CLOSED_LOOP,0.0,0,0.9,3,1,CLOSED_LOOP,7,400,0,0,0,0,0,0,0,0.0,0.0,70.0,0.0,70.0
189,1,400.0,15,8,3,0.15,400,COLD_RESTART,0.1,2,0.9,3,1,COLD_RESTART,9,380,14,6,3,9,7,0,1,0.2222222222222222,2.857142857142857,90.0,0.0,90.0
191,1,400.0,15,8,3,0.15,400,COLD_RESTART,0.1,10,0.9,3,1,COLD_RESTART,8,366,30,2,2,6,6,1,0,0.0,2.8333333333333335,80.0,0.0,80.0
192,1,400.0,15,8,3,0.15,400,COLD_RESTART,0.25,0,0.9,3,1,COLD_RESTART,12,399,0,10,1,10,10,1,0,0.0,1.0,120.0,0.0,120.0
199,1,400.0,15,8,3,0.15,400,COLD_RESTART,0.5,10,0.9,3,1,COLD_RESTART,2,226,151,4,64,44,44,11,0,0.0,1.2727272727272727,20.0,0.0,20.0
201,1,400.0,15,8,3,0.15,400,CLOSED_LOOP,0.0,2,0.9,3,1,CLOSED_LOOP,7,400,0,0,0,0,0,0,0,0.0,0.0,70.0,0.0,70.0
202,1,400.0,15,8,3,0.15,400,CLOSED_LOOP,0.0,5,0.9,3,1,CLOSED_LOOP,7,400,0,0,0,0,0,0,0,0.0,0.0,70.0,0.0,70.0
203,1,400.0,15,8,3,0.15,400,CLOSED_LOOP,0.0,10,0.9,3,1,CLOSED_LOOP,7,400,0,0,0,0,0,0,0,0.0,0.0,70.0,0.0,70.0
205,1,400.0,15,8,3,0.15,400,CLOSED_LOOP,0.05,2,0.9,3,1,CLOSED_LOOP,9,390,6,3,2,4,3,1,0,0.25,4.666666666666667,90.0,0.0,90.0
204,1,400.0,15,8,3,0.15,400,CLOSED_LOOP,0.05,0,0.9,3,1,CLOSED_LOOP,10,399,0,2,0,3,2,1,0,0.33333333333333337,13.5,100.0,0.0,100.0
195,1,400.0,15,8,3,0.15,400,COLD_RESTART,0.25,10,0.9,3,1,COLD_RESTART,3,131,259,4,64,54,54,3,1,0.0,1.1111111111111112,30.0,0.0,30.0
194,1,400.0,15,8,3,0.15,400,COLD_RESTART,0.25,5,0.9,3,1,COLD_RESTART,2,112,260,23,110,64,64,4,2,0.0,1.4375,20.0,0.0,20.0
198,1,400.0,15,8,3,0.15,400,COLD_RESTART,0.5,5,0.9,3,1,COLD_RESTART,2,208,163,4,91,59,59,13,0,0.0,1.0677966101694916,20.0,0.0,20.0
208,1,400.0,15,8,3,0.15,400,CLOSED_LOOP,0.1,0,0.9,3,1,CLOSED_LOOP,11,398,0,6,0,10,10,2,0,0.0,4.1,110.0,0.0,110.0
197,1,400.0,15,8,3,0.15,400,COLD_RESTART,0.5,2,0.9,3,1,COLD_RESTART,5,261,106,22,72,46,45,9,1,0.021739130434782594,1.1111111111111112,50.0,0.0,50.0
210,1,400.0,15,8,3,0.15,400,CLOSED_LOOP,0.1,5,0.9,3,1,CLOSED_LOOP,8,362,31,6,1,6,6,1,0,0.0,3.0,80.0,0.0,80.0
209,1,400.0,15,8,3,0.15,400,CLOSED_LOOP,0.1,2,0.9,3,1,CLOSED_LOOP,9,376,16,7,1,12,10,1,0,0.16666666666666663,3.6,90.0,0.0,90.0
206,1,400.0,15,8,3,0.15,400,CLOSED_LOOP,0.05,5,0.9,3,1,CLOSED_LOOP,8,386,10,2,0,3,2,2,0,0.33333333333333337,8.0,80.0,0.0,80.0
211,1,400.0,15,8,3,0.15,400,CLOSED_LOOP,0.1,10,0.9,3,1,CLOSED_LOOP,8,366,30,2,2,6,6,1,0,0.0,2.8333333333333335,80.0,0.0,80.0
207,1,400.0,15,8,3,0.15,400,CLOSED_LOOP,0.05,10,0.9,3,1,CLOSED_LOOP,9,378,20,1,1,3,2,1,0,0.33333333333333337,6.5,90.0,0.0,90.0
212,1,400.0,15,8,3,0.15,400,CLOSED_LOOP,0.25,0,0.9,3,1,CLOSED_LOOP,12,399,0,10,1,10,10,1,0,0.0,1.0,120.0,0.0,120.0
221,1,400.0,15,8,3,0.15,400,GOVERNED,0.0,2,0.9,3,1,GOVERNED,7,400,0,0,0,0,0,0,0,0.0,0.0,70.0,0.0,70.0
196,1,400.0,15,8,3,0.15,400,COLD_RESTART,0.5,0,0.9,3,1,COLD_RESTART,6,399,0,42,17,26,26,1,10,0.0,2.3461538461538463,60.0,0.0,60.0
216,1,400.0,15,8,3,0.15,400,CLOSED_LOOP,0.5,0,0.9,3,1,CLOSED_LOOP,12,400,0,44,20,24,24,0,0,0.0,3.0833333333333335,120.0,0.0,120.0
219,1,400.0,15,8,3,0.15,400,CLOSED_LOOP,0.5,10,0.9,3,1,CLOSED_LOOP,2,226,151,4,64,44,44,11,0,0.0,1.2727272727272727,20.0,0.0,20.0
218,1,400.0,15,8,3,0.15,400,CLOSED_LOOP,0.5,5,0.9,3,1,CLOSED_LOOP,2,208,163,4,91,59,59,13,0,0.0,1.0677966101694916,20.0,0.0,20.0
213,1,400.0,15,8,3,0.15,400,CLOSED_LOOP,0.25,2,0.9,3,1,CLOSED_LOOP,7,351,35,12,17,18,18,1,0,0.0,1.0555555555555556,70.0,0.0,70.0
214,1,400.0,15,8,3,0.15,400,CLOSED_LOOP,0.25,5,0.9,3,1,CLOSED_LOOP,8,226,152,18,49,39,39,3,0,0.0,1.4102564102564104,80.0,0.0,80.0
215,1,400.0,15,8,3,0.15,400,CLOSED_LOOP,0.25,10,0.9,3,1,CLOSED_LOOP,6,115,275,2,82,64,64,4,0,0.0,1.015625,60.0,0.0,60.0
224,1,400.0,15,8,3,0.15,400,GOVERNED,0.05,0,0.9,3,1,GOVERNED,10,399,0,2,0,3,2,1,0,0.33333333333333337,13.5,100.0,0.0,100.0
222,1,400.0,15,8,3,0.15,400,GOVERNED,0.0,5,0.9,3,1,GOVERNED,7,400,0,0,0,0,0,0,0,0.0,0.0,70.0,0.0,70.0
225,1,400.0,15,8,3,0.15,400,GOVERNED,0.05,2,0.9,3,1,GOVERNED,9,390,6,3,2,4,3,1,0,0.25,4.666666666666667,90.0,0.0,90.0
220,1,400.0,15,8,3,0.15,400,GOVERNED,0.0,0,0.9,3,1,GOVERNED,7,400,0,0,0,0,0,0,0,0.0,0.0,70.0,0.0,70.0
226,1,400.0,15,8,3,0.15,400,GOVERNED,0.05,5,0.9,3,1,GOVERNED,8,386,10,2,0,3,2,2,0,0.33333333333333337,8.0,80.0,0.0,80.0
227,1,400.0,15,8,3,0.15,400,GOVERNED,0.05,10,0.9,3,1,GOVERNED,9,378,20,1,1,3,2,1,0,0.33333333333333337,6.5,90.0,0.0,90.0
228,1,400.0,15,8,3,0.15,400,GOVERNED,0.1,0,0.9,3,1,GOVERNED,11,398,0,6,0,10,10,2,0,0.0,4.1,110.0,0.0,110.0
232,1,400.0,15,8,3,0.15,400,GOVERNED,0.25,0,0.9,3,1,GOVERNED,12,399,0,10,1,10,10,1,0,0.0,1.0,120.0,0.0,120.0
217,1,400.0,15,8,3,0.15,400,CLOSED_LOOP,0.5,2,0.9,3,1,CLOSED_LOOP,6,269,102,20,73,45,44,7,0,0.022222222222222254,1.1363636363636365,60.0,0.0,60.0
223,1,400.0,15,8,3,0.15,400,GOVERNED,0.0,10,0.9,3,1,GOVERNED,7,400,0,0,0,0,0,0,0,0.0,0.0,70.0,0.0,70.0
229,1,400.0,15,8,3,0.15,400,GOVERNED,0.1,2,0.9,3,1,GOVERNED,9,376,16,7,1,12,10,1,0,0.16666666666666663,3.6,90.0,0.0,90.0
233,1,400.0,15,8,3,0.15,400,GOVERNED,0.25,2,0.9,3,1,GOVERNED,7,351,35,12,17,18,18,1,0,0.0,1.0555555555555556,70.0,0.0,70.0
231,1,400.0,15,8,3,0.15,400,GOVERNED,0.1,10,0.9,3,1,GOVERNED,8,366,30,2,2,6,6,1,0,0.0,2.8333333333333335,80.0,0.0,80.0
235,1,400.0,15,8,3,0.15,400,GOVERNED,0.25,10,0.9,3,1,GOVERNED,6,115,275,2,82,64,64,4,0,0.0,1.015625,60.0,0.0,60.0
241,2,400.0,15,8,3,0.15,400,REFLEX,0.0,2,0.9,3,2,REFLEX,0,400,0,0,0,0,0,0,0,0.0,0.0,0.0,0.0,0.0
237,1,400.0,15,8,3,0.15,400,GOVERNED,0.5,2,0.9,3,1,GOVERNED,6,269,102,20,73,45,44,7,0,0.022222222222222254,1.1363636363636365,60.0,0.0,60.0
234,1,400.0,15,8,3,0.15,400,GOVERNED,0.25,5,0.9,3,1,GOVERNED,8,226,152,18,49,39,39,3,0,0.0,1.4102564102564104,80.0,0.0,80.0
242,2,400.0,15,8,3,0.15,400,REFLEX,0.0,5,0.9,3,2,REFLEX,0,400,0,0,0,0,0,0,0,0.0,0.0,0.0,0.0,0.0
230,1,400.0,15,8,3,0.15,400,GOVERNED,0.1,5,0.9,3,1,GOVERNED,8,362,31,6,1,6,6,1,0,0.0,3.0,80.0,0.0,80.0
236,1,400.0,15,8,3,0.15,400,GOVERNED,0.5,0,0.9,3,1,GOVERNED,12,400,0,44,20,24,24,0,0,0.0,3.0833333333333335,120.0,0.0,120.0
245,2,400.0,15,8,3,0.15,400,REFLEX,0.05,2,0.9,3,2,REFLEX,9,407,0,0,0,0,0,0,0,0.0,0.0,90.0,0.0,90.0
243,2,400.0,15,8,3,0.15,400,REFLEX,0.0,10,0.9,3,2,REFLEX,0,400,0,0,0,0,0,0,0,0.0,0.0,0.0,0.0,0.0
240,2,400.0,15,8,3,0.15,400,REFLEX,0.0,0,0.9,3,2,REFLEX,0,400,0,0,0,0,0,0,0,0.0,0.0,0.0,0.0,0.0
248,2,400.0,15,8,3,0.15,400,REFLEX,0.1,0,0.9,3,2,REFLEX,2,402,0,0,0,0,0,0,0,0.0,0.0,20.0,0.0,20.0
246,2,400.0,15,8,3,0.15,400,REFLEX,0.05,5,0.9,3,2,REFLEX,9,407,0,0,0,0,0,0,0,0.0,0.0,90.0,0.0,90.0
239,1,400.0,15,8,3,0.15,400,GOVERNED,0.5,10,0.9,3,1,GOVERNED,2,226,151,4,64,44,44,11,0,0.0,1.2727272727272727,20.0,0.0,20.0
249,2,400.0,15,8,3,0.15,400,REFLEX,0.1,2,0.9,3,2,REFLEX,2,402,0,0,0,0,0,0,0,0.0,0.0,20.0,0.0,20.0
247,2,400.0,15,8,3,0.15,400,REFLEX,0.05,10,0.9,3,2,REFLEX,9,407,0,0,0,0,0,0,0,0.0,0.0,90.0,0.0,90.0
244,2,400.0,15,8,3,0.15,400,REFLEX,0.05,0,0.9,3,2,REFLEX,9,407,0,0,0,0,0,0,0,0.0,0.0,90.0,0.0,90.0
250,2,400.0,15,8,3,0.15,400,REFLEX,0.1,5,0.9,3,2,REFLEX,2,402,0,0,0,0,0,0,0,0.0,0.0,20.0,0.0,20.0
252,2,400.0,15,8,3,0.15,400,REFLEX,0.25,0,0.9,3,2,REFLEX,5,403,0,0,0,0,0,0,0,0.0,0.0,50.0,0.0,50.0
256,2,400.0,15,8,3,0.15,400,REFLEX,0.5,0,0.9,3,2,REFLEX,7,403,0,0,0,0,0,0,0,0.0,0.0,70.0,0.0,70.0
257,2,400.0,15,8,3,0.15,400,REFLEX,0.5,2,0.9,3,2,REFLEX,7,403,0,0,0,0,0,0,0,0.0,0.0,70.0,0.0,70.0
255,2,400.0,15,8,3,0.15,400,REFLEX,0.25,10,0.9,3,2,REFLEX,5,403,0,0,0,0,0,0,0,0.0,0.0,50.0,0.0,50.0
260,2,400.0,15,8,3,0.15,400,MODEL_BASED,0.0,0,0.9,3,2,MODEL_BASED,0,400,0,0,0,0,0,0,0,0.0,0.0,0.0,0.0,0.0
258,2,400.0,15,8,3,0.15,400,REFLEX,0.5,5,0.9,3,2,REFLEX,7,403,0,0,0,0,0,0,0,0.0,0.0,70.0,0.0,70.0
251,2,400.0,15,8,3,0.15,400,REFLEX,0.1,10,0.9,3,2,REFLEX,2,402,0,0,0,0,0,0,0,0.0,0.0,20.0,0.0,20.0
259,2,400.0,15,8,3,0.15,400,REFLEX,0.5,10,0.9,3,2,REFLEX,7,403,0,0,0,0,0,0,0,0.0,0.0,70.0,0.0,70.0
262,2,400.0,15,8,3,0.15,400,MODEL_BASED,0.0,5,0.9,3,2,MODEL_BASED,0,400,0,0,0,0,0,0,0,0.0,0.0,0.0,0.0,0.0
253,2,400.0,15,8,3,0.15,400,REFLEX,0.25,2,0.9,3,2,REFLEX,5,403,0,0,0,0,0,0,0,0.0,0.0,50.0,0.0,50.0
261,2,400.0,15,8,3,0.15,400,MODEL_BASED,0.0,2,0.9,3,2,MODEL_BASED,0,400,0,0,0,0,0,0,0,0.0,0.0,0.0,0.0,0.0
238,1,400.0,15,8,3,0.15,400,GOVERNED,0.5,5,0.9,3,1,GOVERNED,2,208,163,4,91,59,59,13,0,0.0,1.0677966101694916,20.0,0.0,20.0
263,2,400.0,15,8,3,0.15,400,MODEL_BASED,0.0,10,0.9,3,2,MODEL_BASED,0,400,0,0,0,0,0,0,0,0.0,0.0,0.0,0.0,0.0
254,2,400.0,15,8,3,0.15,400,REFLEX,0.25,5,0.9,3,2,REFLEX,5,403,0,0,0,0,0,0,0,0.0,0.0,50.0,0.0,50.0
268,2,400.0,15,8,3,0.15,400,MODEL_BASED,0.1,0,0.9,3,2,MODEL_BASED,2,402,0,0,0,0,0,0,0,0.0,0.0,20.0,0.0,20.0
270,2,400.0,15,8,3,0.15,400,MODEL_BASED,0.1,5,0.9,3,2,MODEL_BASED,2,402,0,0,0,0,0,0,0,0.0,0.0,20.0,0.0,20.0
265,2,400.0,15,8,3,0.15,400,MODEL_BASED,0.05,2,0.9,3,2,MODEL_BASED,6,404,0,0,0,0,0,0,0,0.0,0.0,60.0,0.0,60.0
269,2,400.0,15,8,3,0.15,400,MODEL_BASED,0.1,2,0.9,3,2,MODEL_BASED,2,402,0,0,0,0,0,0,0,0.0,0.0,20.0,0.0,20.0
271,2,400.0,15,8,3,0.15,400,MODEL_BASED,0.1,10,0.9,3,2,MODEL_BASED,2,402,0,0,0,0,0,0,0,0.0,0.0,20.0,0.0,20.0
264,2,400.0,15,8,3,0.15,400,MODEL_BASED,0.05,0,0.9,3,2,MODEL_BASED,6,404,0,0,0,0,0,0,0,0.0,0.0,60.0,0.0,60.0
267,2,400.0,15,8,3,0.15,400,MODEL_BASED,0.05,10,0.9,3,2,MODEL_BASED,6,404,0,0,0,0,0,0,0,0.0,0.0,60.0,0.0,60.0
272,2,400.0,15,8,3,0.15,400,MODEL_BASED,0.25,0,0.9,3,2,MODEL_BASED,11,405,0,0,0,0,0,0,0,0.0,0.0,110.0,0.0,110.0
273,2,400.0,15,8,3,0.15,400,MODEL_BASED,0.25,2,0.9,3,2,MODEL_BASED,11,405,0,0,0,0,0,0,0,0.0,0.0,110.0,0.0,110.0
266,2,400.0,15,8,3,0.15,400,MODEL_BASED,0.05,5,0.9,3,2,MODEL_BASED,6,404,0,0,0,0,0,0,0,0.0,0.0,60.0,0.0,60.0
275,2,400.0,15,8,3,0.15,400,MODEL_BASED,0.25,10,0.9,3,2,MODEL_BASED,11,405,0,0,0,0,0,0,0,0.0,0.0,110.0,0.0,110.0
274,2,400.0,15,8,3,0.15,400,MODEL_BASED,0.25,5,0.9,3,2,MODEL_BASED,11,405,0,0,0,0,0,0,0,0.0,0.0,110.0,0.0,110.0
280,2,400.0,15,8,3,0.15,400,OPEN_LOOP,0.0,0,0.9,3,2,OPEN_LOOP,15,400,0,0,0,0,0,0,0,0.0,0.0,150.0,0.0,150.0
281,2,400.0,15,8,3,0.15,400,OPEN_LOOP,0.0,2,0.9,3,2,OPEN_LOOP,15,400,0,0,0,0,0,0,0,0.0,0.0,150.0,0.0,150.0
283,2,400.0,15,8,3,0.15,400,OPEN_LOOP,0.0,10,0.9,3,2,OPEN_LOOP,15,400,0,0,0,0,0,0,0,0.0,0.0,150.0,0.0,150.0
279,2,400.0,15,8,3,0.15,400,MODEL_BASED,0.5,10,0.9,3,2,MODEL_BASED,11,406,0,0,0,0,0,0,0,0.0,0.0,110.0,0.0,110.0
286,2,400.0,15,8,3,0.15,400,OPEN_LOOP,0.05,5,0.9,3,2,OPEN_LOOP,15,392,0,0,0,7,7,8,0,0.0,8.714285714285714,150.0,0.0,150.0
278,2,400.0,15,8,3,0.15,400,MODEL_BASED,0.5,5,0.9,3,2,MODEL_BASED,11,406,0,0,0,0,0,0,0,0.0,0.0,110.0,0.0,110.0
277,2,400.0,15,8,3,0.15,400,MODEL_BASED,0.5,2,0.9,3,2,MODEL_BASED,11,406,0,0,0,0,0,0,0,0.0,0.0,110.0,0.0,110.0
284,2,400.0,15,8,3,0.15,400,OPEN_LOOP,0.05,0,0.9,3,2,OPEN_LOOP,15,392,0,0,0,7,7,8,0,0.0,8.714285714285714,150.0,0.0,150.0
287,2,400.0,15,8,3,0.15,400,OPEN_LOOP,0.05,10,0.9,3,2,OPEN_LOOP,15,392,0,0,0,7,7,8,0,0.0,8.714285714285714,150.0,0.0,150.0
285,2,400.0,15,8,3,0.15,400,OPEN_LOOP,0.05,2,0.9,3,2,OPEN_LOOP,15,392,0,0,0,7,7,8,0,0.0,8.714285714285714,150.0,0.0,150.0
288,2,400.0,15,8,3,0.15,400,OPEN_LOOP,0.1,0,0.9,3,2,OPEN_LOOP,6,399,0,0,0,1,1,1,0,0.0,1.0,60.0,0.0,60.0
282,2,400.0,15,8,3,0.15,400,OPEN_LOOP,0.0,5,0.9,3,2,OPEN_LOOP,15,400,0,0,0,0,0,0,0,0.0,0.0,150.0,0.0,150.0
290,2,400.0,15,8,3,0.15,400,OPEN_LOOP,0.1,5,0.9,3,2,OPEN_LOOP,6,399,0,0,0,1,1,1,0,0.0,1.0,60.0,0.0,60.0
292,2,400.0,15,8,3,0.15,400,OPEN_LOOP,0.25,0,0.9,3,2,OPEN_LOOP,9,381,0,0,0,19,19,19,0,0.0,2.0,90.0,0.0,90.0
295,2,400.0,15,8,3,0.15,400,OPEN_LOOP,0.25,10,0.9,3,2,OPEN_LOOP,9,381,0,0,0,19,19,19,0,0.0,2.0,90.0,0.0,90.0
276,2,400.0,15,8,3,0.15,400,MODEL_BASED,0.5,0,0.9,3,2,MODEL_BASED,11,406,0,0,0,0,0,0,0,0.0,0.0,110.0,0.0,110.0
293,2,400.0,15,8,3,0.15,400,OPEN_LOOP,0.25,2,0.9,3,2,OPEN_LOOP,9,381,0,0,0,19,19,19,0,0.0,2.0,90.0,0.0,90.0
294,2,400.0,15,8,3,0.15,400,OPEN_LOOP,0.25,5,0.9,3,2,OPEN_LOOP,9,381,0,0,0,19,19,19,0,0.0,2.0,90.0,0.0,90.0
289,2,400.0,15,8,3,0.15,400,OPEN_LOOP,0.1,2,0.9,3,2,OPEN_LOOP,6,399,0,0,0,1,1,1,0,0.0,1.0,60.0,0.0,60.0
298,2,400.0,15,8,3,0.15,400,OPEN_LOOP,0.5,5,0.9,3,2,OPEN_LOOP,10,376,0,0,0,29,28,24,0,0.03448275862068961,1.1428571428571428,100.0,0.0,100.0
291,2,400.0,15,8,3,0.15,400,OPEN_LOOP,0.1,10,0.9,3,2,OPEN_LOOP,6,399,0,0,0,1,1,1,0,0.0,1.0,60.0,0.0,60.0
296,2,400.0,15,8,3,0.15,400,OPEN_LOOP,0.5,0,0.9,3,2,OPEN_LOOP,10,376,0,0,0,29,28,24,0,0.03448275862068961,1.1428571428571428,100.0,0.0,100.0
301,2,400.0,15,8,3,0.15,400,COLD_RESTART,0.0,2,0.9,3,2,COLD_RESTART,15,400,0,0,0,0,0,0,0,0.0,0.0,150.0,0.0,150.0
299,2,400.0,15,8,3,0.15,400,OPEN_LOOP,0.5,10,0.9,3,2,OPEN_LOOP,10,376,0,0,0,29,28,24,0,0.03448275862068961,1.1428571428571428,100.0,0.0,100.0
297,2,400.0,15,8,3,0.15,400,OPEN_LOOP,0.5,2,0.9,3,2,OPEN_LOOP,10,376,0,0,0,29,28,24,0,0.03448275862068961,1.1428571428571428,100.0,0.0,100.0
300,2,400.0,15,8,3,0.15,400,COLD_RESTART,0.0,0,0.9,3,2,COLD_RESTART,15,400,0,0,0,0,0,0,0,0.0,0.0,150.0,0.0,150.0
307,2,400.0,15,8,3,0.15,400,COLD_RESTART,0.05,10,0.9,3,2,COLD_RESTART,8,292,102,6,12,12,12,0,0,0.0,1.3333333333333333,80.0,0.0,80.0
306,2,400.0,15,8,3,0.15,400,COLD_RESTART,0.05,5,0.9,3,2,COLD_RESTART,11,349,43,7,6,10,10,1,1,0.0,4.2,110.0,0.0,110.0
303,2,400.0,15,8,3,0.15,400,COLD_RESTART,0.0,10,0.9,3,2,COLD_RESTART,15,400,0,0,0,0,0,0,0,0.0,0.0,150.0,0.0,150.0
309,2,400.0,15,8,3,0.15,400,COLD_RESTART,0.1,2,0.9,3,2,COLD_RESTART,6,393,4,2,0,2,2,1,0,0.0,1.0,60.0,0.0,60.0
304,2,400.0,15,8,3,0.15,400,COLD_RESTART,0.05,0,0.9,3,2,COLD_RESTART,13,397,0,5,0,6,6,3,2,0.0,5.333333333333333,130.0,0.0,130.0
308,2,400.0,15,8,3,0.15,400,COLD_RESTART,0.1,0,0.9,3,2,COLD_RESTART,3,398,0,3,0,4,4,2,1,0.0,4.0,30.0,0.0,30.0
310,2,400.0,15,8,3,0.15,400,COLD_RESTART,0.1,5,0.9,3,2,COLD_RESTART,3,371,26,3,7,7,6,0,1,0.1428571428571429,1.0,30.0,0.0,30.0
302,2,400.0,15,8,3,0.15,400,COLD_RESTART,0.0,5,0.9,3,2,COLD_RESTART,15,400,0,0,0,0,0,0,0,0.0,0.0,150.0,0.0,150.0
311,2,400.0,15,8,3,0.15,400,COLD_RESTART,0.1,10,0.9,3,2,COLD_RESTART,5,343,53,2,8,10,9,1,1,0.09999999999999998,1.4444444444444444,50.0,0.0,50.0
305,2,400.0,15,8,3,0.15,400,COLD_RESTART,0.05,2,0.9,3,2,COLD_RESTART,13,363,24,11,4,14,12,1,4,0.1428571428571429,4.583333333333333,130.0,0.0,130.0
315,2,400.0,15,8,3,0.15,400,COLD_RESTART,0.25,10,0.9,3,2,COLD_RESTART,2,243,144,0,41,38,37,6,0,0.02631578947368418,1.027027027027027,20.0,0.0,20.0
312,2,400.0,15,8,3,0.15,400,COLD_RESTART,0.25,0,0.9,3,2,COLD_RESTART,6,399,0,8,3,7,6,1,2,0.1428571428571429,3.0,60.0,0.0,60.0
316,2,400.0,15,8,3,0.15,400,COLD_RESTART,0.5,0,0.9,3,2,COLD_RESTART,9,399,0,31,18,18,16,1,8,0.11111111111111116,2.875,90.0,0.0,90.0
317,2,400.0,15,8,3,0.15,400,COLD_RESTART,0.5,2,0.9,3,2,COLD_RESTART,2,286,88,18,78,38,38,5,1,0.0,1.4736842105263157,20.0,0.0,20.0
321,2,400.0,15,8,3,0.15,400,CLOSED_LOOP,0.0,2,0.9,3,2,CLOSED_LOOP,15,400,0,0,0,0,0,0,0,0.0,0.0,150.0,0.0,150.0
314,2,400.0,15,8,3,0.15,400,COLD_RESTART,0.25,5,0.9,3,2,COLD_RESTART,2,265,121,9,50,31,30,3,0,0.032258064516129004,1.6,20.0,0.0,20.0
319,2,400.0,15,8,3,0.15,400,COLD_RESTART,0.5,10,0.9,3,2,COLD_RESTART,0,156,232,5,93,57,57,3,0,0.0,1.1754385964912282,0.0,0.0,0.0
324,2,400.0,15,8,3,0.15,400,CLOSED_LOOP,0.05,0,0.9,3,2,CLOSED_LOOP,12,398,0,5,0,6,6,2,0,0.0,4.5,120.0,0.0,120.0
323,2,400.0,15,8,3,0.15,400,CLOSED_LOOP,0.0,10,0.9,3,2,CLOSED_LOOP,15,400,0,0,0,0,0,0,0,0.0,0.0,150.0,0.0,150.0
313,2,400.0,15,8,3,0.15,400,COLD_RESTART,0.25,2,0.9,3,2,COLD_RESTART,5,374,19,6,8,8,8,1,0,0.0,1.75,50.0,0.0,50.0
322,2,400.0,15,8,3,0.15,400,CLOSED_LOOP,0.0,5,0.9,3,2,CLOSED_LOOP,15,400,0,0,0,0,0,0,0,0.0,0.0,150.0,0.0,150.0
320,2,400.0,15,8,3,0.15,400,CLOSED_LOOP,0.0,0,0.9,3,2,CLOSED_LOOP,15,400,0,0,0,0,0,0,0,0.0,0.0,150.0,0.0,150.0
327,2,400.0,15,8,3,0.15,400,CLOSED_LOOP,0.05,10,0.9,3,2,CLOSED_LOOP,8,292,102,6,12,12,12,0,0,0.0,1.3333333333333333,80.0,0.0,80.0
326,2,400.0,15,8,3,0.15,400,CLOSED_LOOP,0.05,5,0.9,3,2,CLOSED_LOOP,13,370,25,4,5,5,5,1,0,0.0,3.8,130.0,0.0,130.0
331,2,400.0,15,8,3,0.15,400,CLOSED_LOOP,0.1,10,0.9,3,2,CLOSED_LOOP,4,348,50,2,7,7,7,0,0,0.0,1.0,40.0,0.0,40.0
333,2,400.0,15,8,3,0.15,400,CLOSED_LOOP,0.25,2,0.9,3,2,CLOSED_LOOP,5,374,19,6,8,8,8,1,0,0.0,1.75,50.0,0.0,50.0
332,2,400.0,15,8,3,0.15,400,CLOSED_LOOP,0.25,0,0.9,3,2,CLOSED_LOOP,8,398,0,13,2,12,12,2,0,0.0,1.9166666666666667,80.0,0.0,80.0
325,2,400.0,15,8,3,0.15,400,CLOSED_LOOP,0.05,2,0.9,3,2,CLOSED_LOOP,11,375,17,8,1,9,9,0,0,0.0,2.888888888888889,110.0,0.0,110.0
328,2,400.0,15,8,3,0.15,400,CLOSED_LOOP,0.1,0,0.9,3,2,CLOSED_LOOP,6,398,0,2,0,3,3,2,0,0.0,6.333333333333333,60.0,0.0,60.0
318,2,400.0,15,8,3,0.15,400,COLD_RESTART,0.5,5,0.9,3,2,COLD_RESTART,0,160,224,9,146,64,64,4,0,0.0,1.15625,0.0,0.0,0.0
336,2,400.0,15,8,3,0.15,400,CLOSED_LOOP,0.5,0,0.9,3,2,CLOSED_LOOP,8,399,0,19,7,15,12,1,0,0.19999999999999996,1.1666666666666667,80.0,0.0,80.0
334,2,400.0,15,8,3,0.15,400,CLOSED_LOOP,0.25,5,0.9,3,2,CLOSED_LOOP,2,265,121,9,50,31,30,3,0,0.032258064516129004,1.6,20.0,0.0,20.0
340,2,400.0,15,8,3,0.15,400,GOVERNED,0.0,0,0.9,3,2,GOVERNED,15,400,0,0,0,0,0,0,0,0.0,0.0,150.0,0.0,150.0
341,2,400.0,15,8,3,0.15,400,GOVERNED,0.0,2,0.9,3,2,GOVERNED,15,400,0,0,0,0,0,0,0,0.0,0.0,150.0,0.0,150.0
335,2,400.0,15,8,3,0.15,400,CLOSED_LOOP,0.25,10,0.9,3,2,CLOSED_LOOP,2,243,144,0,41,38,37,6,0,0.02631578947368418,1.027027027027027,20.0,0.0,20.0
330,2,400.0,15,8,3,0.15,400,CLOSED_LOOP,0.1,5,0.9,3,2,CLOSED_LOOP,3,365,31,4,7,7,7,0,0,0.0,1.0,30.0,0.0,30.0
338,2,400.0,15,8,3,0.15,400,CLOSED_LOOP,0.5,5,0.9,3,2,CLOSED_LOOP,0,160,224,9,146,64,64,4,0,0.0,1.15625,0.0,0.0,0.0
329,2,400.0,15,8,3,0.15,400,CLOSED_LOOP,0.1,2,0.9,3,2,CLOSED_LOOP,6,393,4,2,0,2,2,1,0,0.0,1.0,60.0,0.0,60.0
344,2,400.0,15,8,3,0.15,400,GOVERNED,0.05,0,0.9,3,2,GOVERNED,12,398,0,5,0,6,6,2,0,0.0,4.5,120.0,0.0,120.0
339,2,400.0,15,8,3,0.15,400,CLOSED_LOOP,0.5,10,0.9,3,2,CLOSED_LOOP,0,156,232,5,93,57,57,3,0,0.0,1.1754385964912282,0.0,0.0,0.0
343,2,400.0,15,8,3,0.15,400,GOVERNED,0.0,10,0.9,3,2,GOVERNED,15,400,0,0,0,0,0,0,0,0.0,0.0,150.0,0.0,150.0
345,2,400.0,15,8,3,0.15,400,GOVERNED,0.05,2,0.9,3,2,GOVERNED,11,375,17,8,1,9,9,0,0,0.0,2.888888888888889,110.0,0.0,110.0
347,2,400.0,15,8,3,0.15,400,GOVERNED,0.05,10,0.9,3,2,GOVERNED,8,292,102,6,12,12,12,0,0,0.0,1.3333333333333333,80.0,0.0,80.0
337,2,400.0,15,8,3,0.15,400,CLOSED_LOOP,0.5,2,0.9,3,2,CLOSED_LOOP,1,290,89,16,69,40,40,3,0,0.0,1.375,10.0,0.0,10.0
348,2,400.0,15,8,3,0.15,400,GOVERNED,0.1,0,0.9,3,2,GOVERNED,6,398,0,2,0,3,3,2,0,0.0,6.333333333333333,60.0,0.0,60.0
350,2,400.0,15,8,3,0.15,400,GOVERNED,0.1,5,0.9,3,2,GOVERNED,3,365,31,4,7,7,7,0,0,0.0,1.0,30.0,0.0,30.0
346,2,400.0,15,8,3,0.15,400,GOVERNED,0.05,5,0.9,3,2,GOVERNED,13,370,25,4,5,5,5,1,0,0.0,3.8,130.0,0.0,130.0
353,2,400.0,15,8,3,0.15,400,GOVERNED,0.25,2,0.9,3,2,GOVERNED,5,374,19,6,8,8,8,1,0,0.0,1.75,50.0,0.0,50.0
342,2,400.0,15,8,3,0.15,400,GOVERNED,0.0,5,0.9,3,2,GOVERNED,15,400,0,0,0,0,0,0,0,0.0,0.0,150.0,0.0,150.0
349,2,400.0,15,8,3,0.15,400,GOVERNED,0.1,2,0.9,3,2,GOVERNED,6,393,4,2,0,2,2,1,0,0.0,1.0,60.0,0.0,60.0
351,2,400.0,15,8,3,0.15,400,GOVERNED,0.1,10,0.9,3,2,GOVERNED,4,348,50,2,7,7,7,0,0,0.0,1.0,40.0,0.0,40.0
355,2,400.0,15,8,3,0.15,400,GOVERNED,0.25,10,0.9,3,2,GOVERNED,2,243,144,0,41,38,37,6,0,0.02631578947368418,1.027027027027027,20.0,0.0,20.0
352,2,400.0,15,8,3,0.15,400,GOVERNED,0.25,0,0.9,3,2,GOVERNED,8,398,0,13,2,12,12,2,0,0.0,1.9166666666666667,80.0,0.0,80.0
356,2,400.0,15,8,3,0.15,400,GOVERNED,0.5,0,0.9,3,2,GOVERNED,8,399,0,19,7,15,12,1,0,0.19999999999999996,1.1666666666666667,80.0,0.0,80.0
361,3,400.0,15,8,3,0.15,400,REFLEX,0.0,2,0.9,3,3,REFLEX,9,405,0,0,0,0,0,0,0,0.0,0.0,90.0,0.0,90.0
362,3,400.0,15,8,3,0.15,400,REFLEX,0.0,5,0.9,3,3,REFLEX,9,405,0,0,0,0,0,0,0,0.0,0.0,90.0,0.0,90.0
363,3,400.0,15,8,3,0.15,400,REFLEX,0.0,10,0.9,3,3,REFLEX,9,405,0,0,0,0,0,0,0,0.0,0.0,90.0,0.0,90.0
360,3,400.0,15,8,3,0.15,400,REFLEX,0.0,0,0.9,3,3,REFLEX,9,405,0,0,0,0,0,0,0,0.0,0.0,90.0,0.0,90.0
357,2,400.0,15,8,3,0.15,400,GOVERNED,0.5,2,0.9,3,2,GOVERNED,1,290,89,16,69,40,40,3,0,0.0,1.375,10.0,0.0,10.0
366,3,400.0,15,8,3,0.15,400,REFLEX,0.05,5,0.9,3,3,REFLEX,5,403,0,0,0,0,0,0,0,0.0,0.0,50.0,0.0,50.0
364,3,400.0,15,8,3,0.15,400,REFLEX,0.05,0,0.9,3,3,REFLEX,5,403,0,0,0,0,0,0,0,0.0,0.0,50.0,0.0,50.0
368,3,400.0,15,8,3,0.15,400,REFLEX,0.1,0,0.9,3,3,REFLEX,9,401,0,0,0,0,0,0,0,0.0,0.0,90.0,0.0,90.0
367,3,400.0,15,8,3,0.15,400,REFLEX,0.05,10,0.9,3,3,REFLEX,5,403,0,0,0,0,0,0,0,0.0,0.0,50.0,0.0,50.0
369,3,400.0,15,8,3,0.15,400,REFLEX,0.1,2,0.9,3,3,REFLEX,9,401,0,0,0,0,0,0,0,0.0,0.0,90.0,0.0,90.0
370,3,400.0,15,8,3,0.15,400,REFLEX,0.1,5,0.9,3,3,REFLEX,9,401,0,0,0,0,0,0,0,0.0,0.0,90.0,0.0,90.0
354,2,400.0,15,8,3,0.15,400,GOVERNED,0.25,5,0.9,3,2,GOVERNED,2,265,121,9,50,31,30,3,0,0.032258064516129004,1.6,20.0,0.0,20.0
372,3,400.0,15,8,3,0.15,400,REFLEX,0.25,0,0.9,3,3,REFLEX,10,405,0,0,0,0,0,0,0,0.0,0.0,100.0,0.0,100.0
371,3,400.0,15,8,3,0.15,400,REFLEX,0.1,10,0.9,3,3,REFLEX,9,401,0,0,0,0,0,0,0,0.0,0.0,90.0,0.0,90.0
358,2,400.0,15,8,3,0.15,400,GOVERNED,0.5,5,0.9,3,2,GOVERNED,0,160,224,9,146,64,64,4,0,0.0,1.15625,0.0,0.0,0.0
365,3,400.0,15,8,3,0.15,400,REFLEX,0.05,2,0.9,3,3,REFLEX,5,403,0,0,0,0,0,0,0,0.0,0.0,50.0,0.0,50.0
373,3,400.0,15,8,3,0.15,400,REFLEX,0.25,2,0.9,3,3,REFLEX,10,405,0,0,0,0,0,0,0,0.0,0.0,100.0,0.0,100.0
359,2,400.0,15,8,3,0.15,400,GOVERNED,0.5,10,0.9,3,2,GOVERNED,0,156,232,5,93,57,57,3,0,0.0,1.1754385964912282,0.0,0.0,0.0
380,3,400.0,15,8,3,0.15,400,MODEL_BASED,0.0,0,0.9,3,3,MODEL_BASED,13,405,0,0,0,0,0,0,0,0.0,0.0,130.0,0.0,130.0
375,3,400.0,15,8,3,0.15,400,REFLEX,0.25,10,0.9,3,3,REFLEX,10,405,0,0,0,0,0,0,0,0.0,0.0,100.0,0.0,100.0
381,3,400.0,15,8,3,0.15,400,MODEL_BASED,0.0,2,0.9,3,3,MODEL_BASED,13,405,0,0,0,0,0,0,0,0.0,0.0,130.0,0.0,130.0
382,3,400.0,15,8,3,0.15,400,MODEL_BASED,0.0,5,0.9,3,3,MODEL_BASED,13,405,0,0,0,0,0,0,0,0.0,0.0,130.0,0.0,130.0
377,3,400.0,15,8,3,0.15,400,REFLEX,0.5,2,0.9,3,3,REFLEX,6,241,0,0,0,0,0,0,0,0.0,0.0,60.0,0.0,60.0
383,3,400.0,15,8,3,0.15,400,MODEL_BASED,0.0,10,0.9,3,3,MODEL_BASED,13,405,0,0,0,0,0,0,0,0.0,0.0,130.0,0.0,130.0
379,3,400.0,15,8,3,0.15,400,REFLEX,0.5,10,0.9,3,3,REFLEX,6,241,0,0,0,0,0,0,0,0.0,0.0,60.0,0.0,60.0
384,3,400.0,15,8,3,0.15,400,MODEL_BASED,0.05,0,0.9,3,3,MODEL_BASED,3,401,0,0,0,0,0,0,0,0.0,0.0,30.0,0.0,30.0
374,3,400.0,15,8,3,0.15,400,REFLEX,0.25,5,0.9,3,3,REFLEX,10,405,0,0,0,0,0,0,0,0.0,0.0,100.0,0.0,100.0
388,3,400.0,15,8,3,0.15,400,MODEL_BASED,0.1,0,0.9,3,3,MODEL_BASED,11,405,0,0,0,0,0,0,0,0.0,0.0,110.0,0.0,110.0
389,3,400.0,15,8,3,0.15,400,MODEL_BASED,0.1,2,0.9,3,3,MODEL_BASED,11,405,0,0,0,0,0,0,0,0.0,0.0,110.0,0.0,110.0
385,3,400.0,15,8,3,0.15,400,MODEL_BASED,0.05,2,0.9,3,3,MODEL_BASED,3,401,0,0,0,0,0,0,0,0.0,0.0,30.0,0.0,30.0
390,3,400.0,15,8,3,0.15,400,MODEL_BASED,0.1,5,0.9,3,3,MODEL_BASED,11,405,0,0,0,0,0,0,0,0.0,0.0,110.0,0.0,110.0
386,3,400.0,15,8,3,0.15,400,MODEL_BASED,0.05,5,0.9,3,3,MODEL_BASED,3,401,0,0,0,0,0,0,0,0.0,0.0,30.0,0.0,30.0
378,3,400.0,15,8,3,0.15,400,REFLEX,0.5,5,0.9,3,3,REFLEX,6,241,0,0,0,0,0,0,0,0.0,0.0,60.0,0.0,60.0
376,3,400.0,15,8,3,0.15,400,REFLEX,0.5,0,0.9,3,3,REFLEX,6,241,0,0,0,0,0,0,0,0.0,0.0,60.0,0.0,60.0
392,3,400.0,15,8,3,0.15,400,MODEL_BASED,0.25,0,0.9,3,3,MODEL_BASED,6,402,0,0,0,0,0,0,0,0.0,0.0,60.0,0.0,60.0
394,3,400.0,15,8,3,0.15,400,MODEL_BASED,0.25,5,0.9,3,3,MODEL_BASED,6,402,0,0,0,0,0,0,0,0.0,0.0,60.0,0.0,60.0
391,3,400.0,15,8,3,0.15,400,MODEL_BASED,0.1,10,0.9,3,3,MODEL_BASED,11,405,0,0,0,0,0,0,0,0.0,0.0,110.0,0.0,110.0
387,3,400.0,15,8,3,0.15,400,MODEL_BASED,0.05,10,0.9,3,3,MODEL_BASED,3,401,0,0,0,0,0,0,0,0.0,0.0,30.0,0.0,30.0
395,3,400.0,15,8,3,0.15,400,MODEL_BASED,0.25,10,0.9,3,3,MODEL_BASED,6,402,0,0,0,0,0,0,0,0.0,0.0,60.0,0.0,60.0
398,3,400.0,15,8,3,0.15,400,MODEL_BASED,0.5,5,0.9,3,3,MODEL_BASED,3,230,0,0,0,0,0,0,0,0.0,0.0,30.0,0.0,30.0
393,3,400.0,15,8,3,0.15,400,MODEL_BASED,0.25,2,0.9,3,3,MODEL_BASED,6,402,0,0,0,0,0,0,0,0.0,0.0,60.0,0.0,60.0
400,3,400.0,15,8,3,0.15,400,OPEN_LOOP,0.0,0,0.9,3,3,OPEN_LOOP,11,400,0,0,0,0,0,0,0,0.0,0.0,110.0,0.0,110.0
399,3,400.0,15,8,3,0.15,400,MODEL_BASED,0.5,10,0.9,3,3,MODEL_BASED,3,230,0,0,0,0,0,0,0,0.0,0.0,30.0,0.0,30.0
404,3,400.0,15,8,3,0.15,400,OPEN_LOOP,0.05,0,0.9,3,3,OPEN_LOOP,7,399,0,0,0,1,1,1,0,0.0,4.0,70.0,0.0,70.0
403,3,400.0,15,8,3,0.15,400,OPEN_LOOP,0.0,10,0.9,3,3,OPEN_LOOP,11,400,0,0,0,0,0,0,0,0.0,0.0,110.0,0.0,110.0
397,3,400.0,15,8,3,0.15,400,MODEL_BASED,0.5,2,0.9,3,3,MODEL_BASED,3,230,0,0,0,0,0,0,0,0.0,0.0,30.0,0.0,30.0
405,3,400.0,15,8,3,0.15,400,OPEN_LOOP,0.05,2,0.9,3,3,OPEN_LOOP,7,399,0,0,0,1,1,1,0,0.0,4.0,70.0,0.0,70.0
401,3,400.0,15,8,3,0.15,400,OPEN_LOOP,0.0,2,0.9,3,3,OPEN_LOOP,11,400,0,0,0,0,0,0,0,0.0,0.0,110.0,0.0,110.0
406,3,400.0,15,8,3,0.15,400,OPEN_LOOP,0.05,5,0.9,3,3,OPEN_LOOP,7,399,0,0,0,1,1,1,0,0.0,4.0,70.0,0.0,70.0
396,3,400.0,15,8,3,0.15,400,MODEL_BASED,0.5,0,0.9,3,3,MODEL_BASED,3,230,0,0,0,0,0,0,0,0.0,0.0,30.0,0.0,30.0
402,3,400.0,15,8,3,0.15,400,OPEN_LOOP,0.0,5,0.9,3,3,OPEN_LOOP,11,400,0,0,0,0,0,0,0,0.0,0.0,110.0,0.0,110.0
408,3,400.0,15,8,3,0.15,400,OPEN_LOOP,0.1,0,0.9,3,3,OPEN_LOOP,19,384,0,0,0,17,17,16,0,0.0,5.647058823529412,190.0,0.0,190.0
407,3,400.0,15,8,3,0.15,400,OPEN_LOOP,0.05,10,0.9,3,3,OPEN_LOOP,7,399,0,0,0,1,1,1,0,0.0,4.0,70.0,0.0,70.0
413,3,400.0,15,8,3,0.15,400,OPEN_LOOP,0.25,2,0.9,3,3,OPEN_LOOP,14,386,0,0,0,17,17,14,0,0.0,1.6470588235294117,140.0,0.0,140.0
414,3,400.0,15,8,3,0.15,400,OPEN_LOOP,0.25,5,0.9,3,3,OPEN_LOOP,14,386,0,0,0,17,17,14,0,0.0,1.6470588235294117,140.0,0.0,140.0
409,3,400.0,15,8,3,0.15,400,OPEN_LOOP,0.1,2,0.9,3,3,OPEN_LOOP,19,384,0,0,0,17,17,16,0,0.0,5.647058823529412,190.0,0.0,190.0
411,3,400.0,15,8,3,0.15,400,OPEN_LOOP,0.1,10,0.9,3,3,OPEN_LOOP,19,384,0,0,0,17,17,16,0,0.0,5.647058823529412,190.0,0.0,190.0
416,3,400.0,15,8,3,0.15,400,OPEN_LOOP,0.5,0,0.9,3,3,OPEN_LOOP,14,373,0,0,0,37,35,27,0,0.05405405405405406,1.3714285714285714,140.0,0.0,140.0
421,3,400.0,15,8,3,0.15,400,COLD_RESTART,0.0,2,0.9,3,3,COLD_RESTART,11,400,0,0,0,0,0,0,0,0.0,0.0,110.0,0.0,110.0
420,3,400.0,15,8,3,0.15,400,COLD_RESTART,0.0,0,0.9,3,3,COLD_RESTART,11,400,0,0,0,0,0,0,0,0.0,0.0,110.0,0.0,110.0
423,3,400.0,15,8,3,0.15,400,COLD_RESTART,0.0,10,0.9,3,3,COLD_RESTART,11,400,0,0,0,0,0,0,0,0.0,0.0,110.0,0.0,110.0
417,3,400.0,15,8,3,0.15,400,OPEN_LOOP,0.5,2,0.9,3,3,OPEN_LOOP,14,373,0,0,0,37,35,27,0,0.05405405405405406,1.3714285714285714,140.0,0.0,140.0
419,3,400.0,15,8,3,0.15,400,OPEN_LOOP,0.5,10,0.9,3,3,OPEN_LOOP,14,373,0,0,0,37,35,27,0,0.05405405405405406,1.3714285714285714,140.0,0.0,140.0
422,3,400.0,15,8,3,0.15,400,COLD_RESTART,0.0,5,0.9,3,3,COLD_RESTART,11,400,0,0,0,0,0,0,0,0.0,0.0,110.0,0.0,110.0
412,3,400.0,15,8,3,0.15,400,OPEN_LOOP,0.25,0,0.9,3,3,OPEN_LOOP,14,386,0,0,0,17,17,14,0,0.0,1.6470588235294117,140.0,0.0,140.0
424,3,400.0,15,8,3,0.15,400,COLD_RESTART,0.05,0,0.9,3,3,COLD_RESTART,13,398,0,4,0,4,4,2,2,0.0,6.75,130.0,0.0,130.0
410,3,400.0,15,8,3,0.15,400,OPEN_LOOP,0.1,5,0.9,3,3,OPEN_LOOP,19,384,0,0,0,17,17,16,0,0.0,5.647058823529412,190.0,0.0,190.0
426,3,400.0,15,8,3,0.15,400,COLD_RESTART,0.05,5,0.9,3,3,COLD_RESTART,12,381,15,3,0,4,4,1,0,0.0,4.25,120.0,0.0,120.0
425,3,400.0,15,8,3,0.15,400,COLD_RESTART,0.05,2,0.9,3,3,COLD_RESTART,11,362,26,12,4,15,14,0,4,0.06666666666666665,5.357142857142857,110.0,0.0,110.0
415,3,400.0,15,8,3,0.15,400,OPEN_LOOP,0.25,10,0.9,3,3,OPEN_LOOP,14,386,0,0,0,17,17,14,0,0.0,1.6470588235294117,140.0,0.0,140.0
418,3,400.0,15,8,3,0.15,400,OPEN_LOOP,0.5,5,0.9,3,3,OPEN_LOOP,14,373,0,0,0,37,35,27,0,0.05405405405405406,1.3714285714285714,140.0,0.0,140.0
430,3,400.0,15,8,3,0.15,400,COLD_RESTART,0.1,5,0.9,3,3,COLD_RESTART,8,308,76,12,10,19,19,4,4,0.0,2.263157894736842,80.0,0.0,80.0
429,3,400.0,15,8,3,0.15,400,COLD_RESTART,0.1,2,0.9,3,3,COLD_RESTART,13,324,50,23,6,28,26,2,10,0.0714285714285714,3.269230769230769,130.0,0.0,130.0
433,3,400.0,15,8,3,0.15,400,COLD_RESTART,0.25,2,0.9,3,3,COLD_RESTART,7,352,34,13,16,19,17,1,0,0.10526315789473684,2.1176470588235294,70.0,0.0,70.0
431,3,400.0,15,8,3,0.15,400,COLD_RESTART,0.1,10,0.9,3,3,COLD_RESTART,7,329,63,4,8,11,11,3,0,0.0,1.1818181818181819,70.0,0.0,70.0
428,3,400.0,15,8,3,0.15,400,COLD_RESTART,0.1,0,0.9,3,3,COLD_RESTART,7,399,0,4,0,6,5,1,0,0.16666666666666663,4.2,70.0,0.0,70.0
432,3,400.0,15,8,3,0.15,400,COLD_RESTART,0.25,0,0.9,3,3,COLD_RESTART,8,399,0,15,2,16,14,1,3,0.125,2.642857142857143,80.0,0.0,80.0
427,3,400.0,15,8,3,0.15,400,COLD_RESTART,0.05,10,0.9,3,3,COLD_RESTART,8,317,74,6,4,10,10,1,3,0.0,3.0,80.0,0.0,80.0
434,3,400.0,15,8,3,0.15,400,COLD_RESTART,0.25,5,0.9,3,3,COLD_RESTART,5,155,211,21,67,54,53,10,8,0.01851851851851849,1.150943396226415,50.0,0.0,50.0
440,3,400.0,15,8,3,0.15,400,CLOSED_LOOP,0.0,0,0.9,3,3,CLOSED_LOOP,11,400,0,0,0,0,0,0,0,0.0,0.0,110.0,0.0,110.0
435,3,400.0,15,8,3,0.15,400,COLD_RESTART,0.25,10,0.9,3,3,COLD_RESTART,2,156,229,6,70,42,42,5,0,0.0,1.1428571428571428,20.0,0.0,20.0
441,3,400.0,15,8,3,0.15,400,CLOSED_LOOP,0.0,2,0.9,3,3,CLOSED_LOOP,11,400,0,0,0,0,0,0,0,0.0,0.0,110.0,0.0,110.0
442,3,400.0,15,8,3,0.15,400,CLOSED_LOOP,0.0,5,0.9,3,3,CLOSED_LOOP,11,400,0,0,0,0,0,0,0,0.0,0.0,110.0,0.0,110.0
444,3,400.0,15,8,3,0.15,400,CLOSED_LOOP,0.05,0,0.9,3,3,CLOSED_LOOP,13,399,0,7,0,7,6,1,0,0.1428571428571429,5.166666666666667,130.0,0.0,130.0
446,3,400.0,15,8,3,0.15,400,CLOSED_LOOP,0.05,5,0.9,3,3,CLOSED_LOOP,12,381,15,3,0,4,4,1,0,0.0,4.25,120.0,0.0,120.0
448,3,400.0,15,8,3,0.15,400,CLOSED_LOOP,0.1,0,0.9,3,3,CLOSED_LOOP,7,399,0,4,0,6,5,1,0,0.16666666666666663,4.2,70.0,0.0,70.0
443,3,400.0,15,8,3,0.15,400,CLOSED_LOOP,0.0,10,0.9,3,3,CLOSED_LOOP,11,400,0,0,0,0,0,0,0,0.0,0.0,110.0,0.0,110.0
439,3,400.0,15,8,3,0.15,400,COLD_RESTART,0.5,10,0.9,3,3,COLD_RESTART,0,5,390,4,203,79,78,0,0,0.012658227848101222,1.0,0.0,0.0,0.0
447,3,400.0,15,8,3,0.15,400,CLOSED_LOOP,0.05,10,0.9,3,3,CLOSED_LOOP,11,356,39,3,1,6,5,1,0,0.16666666666666663,5.0,110.0,0.0,110.0
445,3,400.0,15,8,3,0.15,400,CLOSED_LOOP,0.05,2,0.9,3,3,CLOSED_LOOP,14,388,8,4,0,5,4,0,0,0.19999999999999996,3.75,140.0,0.0,140.0
452,3,400.0,15,8,3,0.15,400,CLOSED_LOOP,0.25,0,0.9,3,3,CLOSED_LOOP,10,399,0,13,2,13,13,1,0,0.0,2.6923076923076925,100.0,0.0,100.0
451,3,400.0,15,8,3,0.15,400,CLOSED_LOOP,0.1,10,0.9,3,3,CLOSED_LOOP,7,329,63,4,8,11,11,3,0,0.0,1.1818181818181819,70.0,0.0,70.0
454,3,400.0,15,8,3,0.15,400,CLOSED_LOOP,0.25,5,0.9,3,3,CLOSED_LOOP,10,348,40,7,7,13,12,4,0,0.07692307692307687,1.9166666666666667,100.0,0.0,100.0
438,3,400.0,15,8,3,0.15,400,COLD_RESTART,0.5,5,0.9,3,3,COLD_RESTART,0,35,343,17,239,88,88,4,0,0.0,1.0340909090909092,0.0,0.0,0.0
450,3,400.0,15,8,3,0.15,400,CLOSED_LOOP,0.1,5,0.9,3,3,CLOSED_LOOP,7,323,68,8,18,18,17,1,0,0.05555555555555558,2.176470588235294,70.0,0.0,70.0
461,3,400.0,15,8,3,0.15,400,GOVERNED,0.0,2,0.9,3,3,GOVERNED,11,400,0,0,0,0,0,0,0,0.0,0.0,110.0,0.0,110.0
456,3,400.0,15,8,3,0.15,400,CLOSED_LOOP,0.5,0,0.9,3,3,CLOSED_LOOP,11,399,0,18,4,17,15,1,0,0.11764705882352944,1.2,110.0,0.0,110.0
449,3,400.0,15,8,3,0.15,400,CLOSED_LOOP,0.1,2,0.9,3,3,CLOSED_LOOP,12,365,24,10,2,13,13,1,0,0.0,2.3076923076923075,120.0,0.0,120.0
436,3,400.0,15,8,3,0.15,400,COLD_RESTART,0.5,0,0.9,3,3,COLD_RESTART,10,398,0,109,55,55,54,2,29,0.018181818181818188,1.5925925925925926,100.0,0.0,100.0
462,3,400.0,15,8,3,0.15,400,GOVERNED,0.0,5,0.9,3,3,GOVERNED,11,400,0,0,0,0,0,0,0,0.0,0.0,110.0,0.0,110.0
458,3,400.0,15,8,3,0.15,400,CLOSED_LOOP,0.5,5,0.9,3,3,CLOSED_LOOP,0,35,343,17,239,88,88,4,0,0.0,1.0340909090909092,0.0,0.0,0.0
453,3,400.0,15,8,3,0.15,400,CLOSED_LOOP,0.25,2,0.9,3,3,CLOSED_LOOP,7,352,34,13,16,19,17,1,0,0.10526315789473684,2.1176470588235294,70.0,0.0,70.0
466,3,400.0,15,8,3,0.15,400,GOVERNED,0.05,5,0.9,3,3,GOVERNED,12,381,15,3,0,4,4,1,0,0.0,4.25,120.0,0.0,120.0
463,3,400.0,15,8,3,0.15,400,GOVERNED,0.0,10,0.9,3,3,GOVERNED,11,400,0,0,0,0,0,0,0,0.0,0.0,110.0,0.0,110.0
464,3,400.0,15,8,3,0.15,400,GOVERNED,0.05,0,0.9,3,3,GOVERNED,13,399,0,7,0,7,6,1,0,0.1428571428571429,5.166666666666667,130.0,0.0,130.0
465,3,400.0,15,8,3,0.15,400,GOVERNED,0.05,2,0.9,3,3,GOVERNED,14,388,8,4,0,5,4,0,0,0.19999999999999996,3.75,140.0,0.0,140.0
469,3,400.0,15,8,3,0.15,400,GOVERNED,0.1,2,0.9,3,3,GOVERNED,12,365,24,10,2,13,13,1,0,0.0,2.3076923076923075,120.0,0.0,120.0
472,3,400.0,15,8,3,0.15,400,GOVERNED,0.25,0,0.9,3,3,GOVERNED,10,399,0,13,2,13,13,1,0,0.0,2.6923076923076925,100.0,0.0,100.0
459,3,400.0,15,8,3,0.15,400,CLOSED_LOOP,0.5,10,0.9,3,3,CLOSED_LOOP,0,5,390,4,203,79,78,0,0,0.012658227848101222,1.0,0.0,0.0,0.0
455,3,400.0,15,8,3,0.15,400,CLOSED_LOOP,0.25,10,0.9,3,3,CLOSED_LOOP,2,156,229,6,70,42,42,5,0,0.0,1.1428571428571428,20.0,0.0,20.0
468,3,400.0,15,8,3,0.15,400,GOVERNED,0.1,0,0.9,3,3,GOVERNED,7,399,0,4,0,6,5,1,0,0.16666666666666663,4.2,70.0,0.0,70.0
473,3,400.0,15,8,3,0.15,400,GOVERNED,0.25,2,0.9,3,3,GOVERNED,7,352,34,13,16,19,17,1,0,0.10526315789473684,2.1176470588235294,70.0,0.0,70.0
437,3,400.0,15,8,3,0.15,400,COLD_RESTART,0.5,2,0.9,3,3,COLD_RESTART,0,62,266,66,245,101,101,5,10,0.0,1.0297029702970297,0.0,0.0,0.0
460,3,400.0,15,8,3,0.15,400,GOVERNED,0.0,0,0.9,3,3,GOVERNED,11,400,0,0,0,0,0,0,0,0.0,0.0,110.0,0.0,110.0
474,3,400.0,15,8,3,0.15,400,GOVERNED,0.25,5,0.9,3,3,GOVERNED,10,348,40,7,7,13,12,4,0,0.07692307692307687,1.9166666666666667,100.0,0.0,100.0
477,3,400.0,15,8,3,0.15,400,GOVERNED,0.5,2,0.9,3,3,GOVERNED,4,191,164,35,149,65,64,6,0,0.01538461538461533,1.046875,40.0,0.0,40.0
471,3,400.0,15,8,3,0.15,400,GOVERNED,0.1,10,0.9,3,3,GOVERNED,7,329,63,4,8,11,11,3,0,0.0,1.1818181818181819,70.0,0.0,70.0
481,4,400.0,15,8,3,0.15,400,REFLEX,0.0,2,0.9,3,4,REFLEX,4,402,0,0,0,0,0,0,0,0.0,0.0,40.0,0.0,40.0
479,3,400.0,15,8,3,0.15,400,GOVERNED,0.5,10,0.9,3,3,GOVERNED,0,5,390,4,203,79,78,0,0,0.012658227848101222,1.0,0.0,0.0,0.0
483,4,400.0,15,8,3,0.15,400,REFLEX,0.0,10,0.9,3,4,REFLEX,4,402,0,0,0,0,0,0,0,0.0,0.0,40.0,0.0,40.0
484,4,400.0,15,8,3,0.15,400,REFLEX,0.05,0,0.9,3,4,REFLEX,6,405,0,0,0,0,0,0,0,0.0,0.0,60.0,0.0,60.0
482,4,400.0,15,8,3,0.15,400,REFLEX,0.0,5,0.9,3,4,REFLEX,4,402,0,0,0,0,0,0,0,0.0,0.0,40.0,0.0,40.0
485,4,400.0,15,8,3,0.15,400,REFLEX,0.05,2,0.9,3,4,REFLEX,6,405,0,0,0,0,0,0,0,0.0,0.0,60.0,0.0,60.0
476,3,400.0,15,8,3,0.15,400,GOVERNED,0.5,0,0.9,3,3,GOVERNED,11,399,0,18,4,17,15,1,0,0.11764705882352944,1.2,110.0,0.0,110.0
487,4,400.0,15,8,3,0.15,400,REFLEX,0.05,10,0.9,3,4,REFLEX,6,405,0,0,0,0,0,0,0,0.0,0.0,60.0,0.0,60.0
467,3,400.0,15,8,3,0.15,400,GOVERNED,0.05,10,0.9,3,3,GOVERNED,11,356,39,3,1,6,5,1,0,0.16666666666666663,5.0,110.0,0.0,110.0
488,4,400.0,15,8,3,0.15,400,REFLEX,0.1,0,0.9,3,4,REFLEX,7,404,0,0,0,0,0,0,0,0.0,0.0,70.0,0.0,70.0
480,4,400.0,15,8,3,0.15,400,REFLEX,0.0,0,0.9,3,4,REFLEX,4,402,0,0,0,0,0,0,0,0.0,0.0,40.0,0.0,40.0
457,3,400.0,15,8,3,0.15,400,CLOSED_LOOP,0.5,2,0.9,3,3,CLOSED_LOOP,4,191,164,35,149,65,64,6,0,0.01538461538461533,1.046875,40.0,0.0,40.0
486,4,400.0,15,8,3,0.15,400,REFLEX,0.05,5,0.9,3,4,REFLEX,6,405,0,0,0,0,0,0,0,0.0,0.0,60.0,0.0,60.0
491,4,400.0,15,8,3,0.15,400,REFLEX,0.1,10,0.9,3,4,REFLEX,7,404,0,0,0,0,0,0,0,0.0,0.0,70.0,0.0,70.0
490,4,400.0,15,8,3,0.15,400,REFLEX,0.1,5,0.9,3,4,REFLEX,7,404,0,0,0,0,0,0,0,0.0,0.0,70.0,0.0,70.0
489,4,400.0,15,8,3,0.15,400,REFLEX,0.1,2,0.9,3,4,REFLEX,7,404,0,0,0,0,0,0,0,0.0,0.0,70.0,0.0,70.0
478,3,400.0,15,8,3,0.15,400,GOVERNED,0.5,5,0.9,3,3,GOVERNED,0,35,343,17,239,88,88,4,0,0.0,1.0340909090909092,0.0,0.0,0.0
494,4,400.0,15,8,3,0.15,400,REFLEX,0.25,5,0.9,3,4,REFLEX,10,406,0,0,0,0,0,0,0,0.0,0.0,100.0,0.0,100.0
495,4,400.0,15,8,3,0.15,400,REFLEX,0.25,10,0.9,3,4,REFLEX,10,406,0,0,0,0,0,0,0,0.0,0.0,100.0,0.0,100.0
475,3,400.0,15,8,3,0.15,400,GOVERNED,0.25,10,0.9,3,3,GOVERNED,2,156,229,6,70,42,42,5,0,0.0,1.1428571428571428,20.0,0.0,20.0
470,3,400.0,15,8,3,0.15,400,GOVERNED,0.1,5,0.9,3,3,GOVERNED,7,323,68,8,18,18,17,1,0,0.05555555555555558,2.176470588235294,70.0,0.0,70.0
500,4,400.0,15,8,3,0.15,400,MODEL_BASED,0.0,0,0.9,3,4,MODEL_BASED,13,405,0,0,0,0,0,0,0,0.0,0.0,130.0,0.0,130.0
493,4,400.0,15,8,3,0.15,400,REFLEX,0.25,2,0.9,3,4,REFLEX,10,406,0,0,0,0,0,0,0,0.0,0.0,100.0,0.0,100.0
498,4,400.0,15,8,3,0.15,400,REFLEX,0.5,5,0.9,3,4,REFLEX,10,407,0,0,0,0,0,0,0,0.0,0.0,100.0,0.0,100.0
502,4,400.0,15,8,3,0.15,400,MODEL_BASED,0.0,5,0.9,3,4,MODEL_BASED,13,405,0,0,0,0,0,0,0,0.0,0.0,130.0,0.0,130.0
503,4,400.0,15,8,3,0.15,400,MODEL_BASED,0.0,10,0.9,3,4,MODEL_BASED,13,405,0,0,0,0,0,0,0,0.0,0.0,130.0,0.0,130.0
492,4,400.0,15,8,3,0.15,400,REFLEX,0.25,0,0.9,3,4,REFLEX,10,406,0,0,0,0,0,0,0,0.0,0.0,100.0,0.0,100.0
501,4,400.0,15,8,3,0.15,400,MODEL_BASED,0.0,2,0.9,3,4,MODEL_BASED,13,405,0,0,0,0,0,0,0,0.0,0.0,130.0,0.0,130.0
496,4,400.0,15,8,3,0.15,400,REFLEX,0.5,0,0.9,3,4,REFLEX,10,407,0,0,0,0,0,0,0,0.0,0.0,100.0,0.0,100.0
504,4,400.0,15,8,3,0.15,400,MODEL_BASED,0.05,0,0.9,3,4,MODEL_BASED,4,403,0,0,0,0,0,0,0,0.0,0.0,40.0,0.0,40.0
505,4,400.0,15,8,3,0.15,400,MODEL_BASED,0.05,2,0.9,3,4,MODEL_BASED,4,403,0,0,0,0,0,0,0,0.0,0.0,40.0,0.0,40.0
499,4,400.0,15,8,3,0.15,400,REFLEX,0.5,10,0.9,3,4,REFLEX,10,407,0,0,0,0,0,0,0,0.0,0.0,100.0,0.0,100.0
506,4,400.0,15,8,3,0.15,400,MODEL_BASED,0.05,5,0.9,3,4,MODEL_BASED,4,403,0,0,0,0,0,0,0,0.0,0.0,40.0,0.0,40.0
507,4,400.0,15,8,3,0.15,400,MODEL_BASED,0.05,10,0.9,3,4,MODEL_BASED,4,403,0,0,0,0,0,0,0,0.0,0.0,40.0,0.0,40.0
508,4,400.0,15,8,3,0.15,400,MODEL_BASED,0.1,0,0.9,3,4,MODEL_BASED,14,405,0,0,0,0,0,0,0,0.0,0.0,140.0,0.0,140.0
497,4,400.0,15,8,3,0.15,400,REFLEX,0.5,2,0.9,3,4,REFLEX,10,407,0,0,0,0,0,0,0,0.0,0.0,100.0,0.0,100.0
510,4,400.0,15,8,3,0.15,400,MODEL_BASED,0.1,5,0.9,3,4,MODEL_BASED,14,405,0,0,0,0,0,0,0,0.0,0.0,140.0,0.0,140.0
513,4,400.0,15,8,3,0.15,400,MODEL_BASED,0.25,2,0.9,3,4,MODEL_BASED,9,230,0,0,0,0,0,0,0,0.0,0.0,90.0,0.0,90.0
518,4,400.0,15,8,3,0.15,400,MODEL_BASED,0.5,5,0.9,3,4,MODEL_BASED,9,342,0,0,0,0,0,0,0,0.0,0.0,90.0,0.0,90.0
519,4,400.0,15,8,3,0.15,400,MODEL_BASED,0.5,10,0.9,3,4,MODEL_BASED,9,342,0,0,0,0,0,0,0,0.0,0.0,90.0,0.0,90.0
521,4,400.0,15,8,3,0.15,400,OPEN_LOOP,0.0,2,0.9,3,4,OPEN_LOOP,5,400,0,0,0,0,0,0,0,0.0,0.0,50.0,0.0,50.0
516,4,400.0,15,8,3,0.15,400,MODEL_BASED,0.5,0,0.9,3,4,MODEL_BASED,9,342,0,0,0,0,0,0,0,0.0,0.0,90.0,0.0,90.0
522,4,400.0,15,8,3,0.15,400,OPEN_LOOP,0.0,5,0.9,3,4,OPEN_LOOP,5,400,0,0,0,0,0,0,0,0.0,0.0,50.0,0.0,50.0
515,4,400.0,15,8,3,0.15,400,MODEL_BASED,0.25,10,0.9,3,4,MODEL_BASED,9,230,0,0,0,0,0,0,0,0.0,0.0,90.0,0.0,90.0
520,4,400.0,15,8,3,0.15,400,OPEN_LOOP,0.0,0,0.9,3,4,OPEN_LOOP,5,400,0,0,0,0,0,0,0,0.0,0.0,50.0,0.0,50.0
514,4,400.0,15,8,3,0.15,400,MODEL_BASED,0.25,5,0.9,3,4,MODEL_BASED,9,230,0,0,0,0,0,0,0,0.0,0.0,90.0,0.0,90.0
509,4,400.0,15,8,3,0.15,400,MODEL_BASED,0.1,2,0.9,3,4,MODEL_BASED,14,405,0,0,0,0,0,0,0,0.0,0.0,140.0,0.0,140.0
528,4,400.0,15,8,3,0.15,400,OPEN_LOOP,0.1,0,0.9,3,4,OPEN_LOOP,16,384,0,0,0,18,18,16,0,0.0,3.8333333333333335,160.0,0.0,160.0
525,4,400.0,15,8,3,0.15,400,OPEN_LOOP,0.05,2,0.9,3,4,OPEN_LOOP,18,390,0,0,0,11,11,10,0,0.0,6.363636363636363,180.0,0.0,180.0
527,4,400.0,15,8,3,0.15,400,OPEN_LOOP,0.05,10,0.9,3,4,OPEN_LOOP,18,390,0,0,0,11,11,10,0,0.0,6.363636363636363,180.0,0.0,180.0
511,4,400.0,15,8,3,0.15,400,MODEL_BASED,0.1,10,0.9,3,4,MODEL_BASED,14,405,0,0,0,0,0,0,0,0.0,0.0,140.0,0.0,140.0
517,4,400.0,15,8,3,0.15,400,MODEL_BASED,0.5,2,0.9,3,4,MODEL_BASED,9,342,0,0,0,0,0,0,0,0.0,0.0,90.0,0.0,90.0
523,4,400.0,15,8,3,0.15,400,OPEN_LOOP,0.0,10,0.9,3,4,OPEN_LOOP,5,400,0,0,0,0,0,0,0,0.0,0.0,50.0,0.0,50.0
530,4,400.0,15,8,3,0.15,400,OPEN_LOOP,0.1,5,0.9,3,4,OPEN_LOOP,16,384,0,0,0,18,18,16,0,0.0,3.8333333333333335,160.0,0.0,160.0
526,4,400.0,15,8,3,0.15,400,OPEN_LOOP,0.05,5,0.9,3,4,OPEN_LOOP,18,390,0,0,0,11,11,10,0,0.0,6.363636363636363,180.0,0.0,180.0
533,4,400.0,15,8,3,0.15,400,OPEN_LOOP,0.25,2,0.9,3,4,OPEN_LOOP,5,395,0,0,0,7,7,5,0,0.0,2.2857142857142856,50.0,0.0,50.0
512,4,400.0,15,8,3,0.15,400,MODEL_BASED,0.25,0,0.9,3,4,MODEL_BASED,9,230,0,0,0,0,0,0,0,0.0,0.0,90.0,0.0,90.0
534,4,400.0,15,8,3,0.15,400,OPEN_LOOP,0.25,5,0.9,3,4,OPEN_LOOP,5,395,0,0,0,7,7,5,0,0.0,2.2857142857142856,50.0,0.0,50.0
535,4,400.0,15,8,3,0.15,400,OPEN_LOOP,0.25,10,0.9,3,4,OPEN_LOOP,5,395,0,0,0,7,7,5,0,0.0,2.2857142857142856,50.0,0.0,50.0
532,4,400.0,15,8,3,0.15,400,OPEN_LOOP,0.25,0,0.9,3,4,OPEN_LOOP,5,395,0,0,0,7,7,5,0,0.0,2.2857142857142856,50.0,0.0,50.0
531,4,400.0,15,8,3,0.15,400,OPEN_LOOP,0.1,10,0.9,3,4,OPEN_LOOP,16,384,0,0,0,18,18,16,0,0.0,3.8333333333333335,160.0,0.0,160.0
529,4,400.0,15,8,3,0.15,400,OPEN_LOOP,0.1,2,0.9,3,4,OPEN_LOOP,16,384,0,0,0,18,18,16,0,0.0,3.8333333333333335,160.0,0.0,160.0
540,4,400.0,15,8,3,0.15,400,COLD_RESTART,0.0,0,0.9,3,4,COLD_RESTART,5,400,0,0,0,0,0,0,0,0.0,0.0,50.0,0.0,50.0
542,4,400.0,15,8,3,0.15,400,COLD_RESTART,0.0,5,0.9,3,4,COLD_RESTART,5,400,0,0,0,0,0,0,0,0.0,0.0,50.0,0.0,50.0
538,4,400.0,15,8,3,0.15,400,OPEN_LOOP,0.5,5,0.9,3,4,OPEN_LOOP,11,379,0,0,0,25,24,21,0,0.040000000000000036,1.5,110.0,0.0,110.0
543,4,400.0,15,8,3,0.15,400,COLD_RESTART,0.0,10,0.9,3,4,COLD_RESTART,5,400,0,0,0,0,0,0,0,0.0,0.0,50.0,0.0,50.0
536,4,400.0,15,8,3,0.15,400,OPEN_LOOP,0.5,0,0.9,3,4,OPEN_LOOP,11,379,0,0,0,25,24,21,0,0.040000000000000036,1.5,110.0,0.0,110.0
545,4,400.0,15,8,3,0.15,400,COLD_RESTART,0.05,2,0.9,3,4,COLD_RESTART,5,397,2,1,0,1,1,0,0,0.0,4.0,50.0,0.0,50.0
544,4,400.0,15,8,3,0.15,400,COLD_RESTART,0.05,0,0.9,3,4,COLD_RESTART,5,399,0,2,0,3,3,1,0,0.0,3.3333333333333335,50.0,0.0,50.0
546,4,400.0,15,8,3,0.15,400,COLD_RESTART,0.05,5,0.9,3,4,COLD_RESTART,12,393,5,1,0,2,2,1,0,0.0,4.0,120.0,0.0,120.0
524,4,400.0,15,8,3,0.15,400,OPEN_LOOP,0.05,0,0.9,3,4,OPEN_LOOP,18,390,0,0,0,11,11,10,0,0.0,6.363636363636363,180.0,0.0,180.0
547,4,400.0,15,8,3,0.15,400,COLD_RESTART,0.05,10,0.9,3,4,COLD_RESTART,8,334,62,4,4,9,8,0,2,0.11111111111111116,2.75,80.0,0.0,80.0
548,4,400.0,15,8,3,0.15,400,COLD_RESTART,0.1,0,0.9,3,4,COLD_RESTART,6,399,0,4,1,5,5,1,1,0.0,5.0,60.0,0.0,60.0
550,4,400.0,15,8,3,0.15,400,COLD_RESTART,0.1,5,0.9,3,4,COLD_RESTART,7,368,27,3,3,9,9,1,0,0.0,3.6666666666666665,70.0,0.0,70.0
541,4,400.0,15,8,3,0.15,400,COLD_RESTART,0.0,2,0.9,3,4,COLD_RESTART,5,400,0,0,0,0,0,0,0,0.0,0.0,50.0,0.0,50.0
549,4,400.0,15,8,3,0.15,400,COLD_RESTART,0.1,2,0.9,3,4,COLD_RESTART,7,384,10,4,2,8,8,2,0,0.0,2.625,70.0,0.0,70.0
537,4,400.0,15,8,3,0.15,400,OPEN_LOOP,0.5,2,0.9,3,4,OPEN_LOOP,11,379,0,0,0,25,24,21,0,0.040000000000000036,1.5,110.0,0.0,110.0
552,4,400.0,15,8,3,0.15,400,COLD_RESTART,0.25,0,0.9,3,4,COLD_RESTART,4,400,0,3,2,1,1,0,0,0.0,1.0,40.0,0.0,40.0
539,4,400.0,15,8,3,0.15,400,OPEN_LOOP,0.5,10,0.9,3,4,OPEN_LOOP,11,379,0,0,0,25,24,21,0,0.040000000000000036,1.5,110.0,0.0,110.0
551,4,400.0,15,8,3,0.15,400,COLD_RESTART,0.1,10,0.9,3,4,COLD_RESTART,5,309,82,5,12,14,14,4,1,0.0,2.2857142857142856,50.0,0.0,50.0
556,4,400.0,15,8,3,0.15,400,COLD_RESTART,0.5,0,0.9,3,4,COLD_RESTART,8,400,0,23,12,12,12,0,1,0.0,2.4166666666666665,80.0,0.0,80.0
562,4,400.0,15,8,3,0.15,400,CLOSED_LOOP,0.0,5,0.9,3,4,CLOSED_LOOP,5,400,0,0,0,0,0,0,0,0.0,0.0,50.0,0.0,50.0
563,4,400.0,15,8,3,0.15,400,CLOSED_LOOP,0.0,10,0.9,3,4,CLOSED_LOOP,5,400,0,0,0,0,0,0,0,0.0,0.0,50.0,0.0,50.0
561,4,400.0,15,8,3,0.15,400,CLOSED_LOOP,0.0,2,0.9,3,4,CLOSED_LOOP,5,400,0,0,0,0,0,0,0,0.0,0.0,50.0,0.0,50.0
557,4,400.0,15,8,3,0.15,400,COLD_RESTART,0.5,2,0.9,3,4,COLD_RESTART,4,218,138,31,114,55,55,7,3,0.0,1.0909090909090908,40.0,0.0,40.0
558,4,400.0,15,8,3,0.15,400,COLD_RESTART,0.5,5,0.9,3,4,COLD_RESTART,0,204,178,6,99,50,50,9,0,0.0,1.14,0.0,0.0,0.0
560,4,400.0,15,8,3,0.15,400,CLOSED_LOOP,0.0,0,0.9,3,4,CLOSED_LOOP,5,400,0,0,0,0,0,0,0,0.0,0.0,50.0,0.0,50.0
565,4,400.0,15,8,3,0.15,400,CLOSED_LOOP,0.05,2,0.9,3,4,CLOSED_LOOP,5,397,2,1,0,1,1,0,0,0.0,4.0,50.0,0.0,50.0
553,4,400.0,15,8,3,0.15,400,COLD_RESTART,0.25,2,0.9,3,4,COLD_RESTART,2,389,7,2,2,6,6,2,0,0.0,3.1666666666666665,20.0,0.0,20.0
566,4,400.0,15,8,3,0.15,400,CLOSED_LOOP,0.05,5,0.9,3,4,CLOSED_LOOP,12,393,5,1,0,2,2,1,0,0.0,4.0,120.0,0.0,120.0
567,4,400.0,15,8,3,0.15,400,CLOSED_LOOP,0.05,10,0.9,3,4,CLOSED_LOOP,8,353,43,3,2,5,5,1,0,0.0,3.8,80.0,0.0,80.0
568,4,400.0,15,8,3,0.15,400,CLOSED_LOOP,0.1,0,0.9,3,4,CLOSED_LOOP,6,399,0,2,0,4,4,1,0,0.0,4.25,60.0,0.0,60.0
559,4,400.0,15,8,3,0.15,400,COLD_RESTART,0.5,10,0.9,3,4,COLD_RESTART,0,74,316,4,131,71,71,4,0,0.0,1.0140845070422535,0.0,0.0,0.0
570,4,400.0,15,8,3,0.15,400,CLOSED_LOOP,0.1,5,0.9,3,4,CLOSED_LOOP,7,368,27,3,3,9,9,1,0,0.0,3.6666666666666665,70.0,0.0,70.0
564,4,400.0,15,8,3,0.15,400,CLOSED_LOOP,0.05,0,0.9,3,4,CLOSED_LOOP,5,399,0,2,0,3,3,1,0,0.0,3.3333333333333335,50.0,0.0,50.0
555,4,400.0,15,8,3,0.15,400,COLD_RESTART,0.25,10,0.9,3,4,COLD_RESTART,1,94,291,13,84,45,44,2,1,0.022222222222222254,1.0909090909090908,10.0,0.0,10.0
571,4,400.0,15,8,3,0.15,400,CLOSED_LOOP,0.1,10,0.9,3,4,CLOSED_LOOP,6,352,43,3,2,7,7,2,0,0.0,3.5714285714285716,60.0,0.0,60.0
572,4,400.0,15,8,3,0.15,400,CLOSED_LOOP,0.25,0,0.9,3,4,CLOSED_LOOP,4,400,0,3,2,1,1,0,0,0.0,1.0,40.0,0.0,40.0
554,4,400.0,15,8,3,0.15,400,COLD_RESTART,0.25,5,0.9,3,4,COLD_RESTART,0,131,239,23,78,59,59,6,8,0.0,1.0169491525423728,0.0,0.0,0.0
569,4,400.0,15,8,3,0.15,400,CLOSED_LOOP,0.1,2,0.9,3,4,CLOSED_LOOP,7,384,10,4,2,8,8,2,0,0.0,2.625,70.0,0.0,70.0
573,4,400.0,15,8,3,0.15,400,CLOSED_LOOP,0.25,2,0.9,3,4,CLOSED_LOOP,2,389,7,2,2,6,6,2,0,0.0,3.1666666666666665,20.0,0.0,20.0
575,4,400.0,15,8,3,0.15,400,CLOSED_LOOP,0.25,10,0.9,3,4,CLOSED_LOOP,5,183,203,9,55,30,29,4,0,0.033333333333333326,1.4482758620689655,50.0,0.0,50.0
581,4,400.0,15,8,3,0.15,400,GOVERNED,0.0,2,0.9,3,4,GOVERNED,5,400,0,0,0,0,0,0,0,0.0,0.0,50.0,0.0,50.0
582,4,400.0,15,8,3,0.15,400,GOVERNED,0.0,5,0.9,3,4,GOVERNED,5,400,0,0,0,0,0,0,0,0.0,0.0,50.0,0.0,50.0
580,4,400.0,15,8,3,0.15,400,GOVERNED,0.0,0,0.9,3,4,GOVERNED,5,400,0,0,0,0,0,0,0,0.0,0.0,50.0,0.0,50.0
578,4,400.0,15,8,3,0.15,400,CLOSED_LOOP,0.5,5,0.9,3,4,CLOSED_LOOP,0,204,178,6,99,50,50,9,0,0.0,1.14,0.0,0.0,0.0
577,4,400.0,15,8,3,0.15,400,CLOSED_LOOP,0.5,2,0.9,3,4,CLOSED_LOOP,6,367,23,8,11,11,10,2,0,0.09090909090909094,1.5,60.0,0.0,60.0
583,4,400.0,15,8,3,0.15,400,GOVERNED,0.0,10,0.9,3,4,GOVERNED,5,400,0,0,0,0,0,0,0,0.0,0.0,50.0,0.0,50.0
576,4,400.0,15,8,3,0.15,400,CLOSED_LOOP,0.5,0,0.9,3,4,CLOSED_LOOP,14,399,0,34,20,17,14,1,0,0.17647058823529416,3.0,140.0,0.0,140.0
585,4,400.0,15,8,3,0.15,400,GOVERNED,0.05,2,0.9,3,4,GOVERNED,5,397,2,1,0,1,1,0,0,0.0,4.0,50.0,0.0,50.0
586,4,400.0,15,8,3,0.15,400,GOVERNED,0.05,5,0.9,3,4,GOVERNED,12,393,5,1,0,2,2,1,0,0.0,4.0,120.0,0.0,120.0
588,4,400.0,15,8,3,0.15,400,GOVERNED,0.1,0,0.9,3,4,GOVERNED,6,399,0,2,0,4,4,1,0,0.0,4.25,60.0,0.0,60.0
587,4,400.0,15,8,3,0.15,400,GOVERNED,0.05,10,0.9,3,4,GOVERNED,8,353,43,3,2,5,5,1,0,0.0,3.8,80.0,0.0,80.0
584,4,400.0,15,8,3,0.15,400,GOVERNED,0.05,0,0.9,3,4,GOVERNED,5,399,0,2,0,3,3,1,0,0.0,3.3333333333333335,50.0,0.0,50.0
589,4,400.0,15,8,3,0.15,400,GOVERNED,0.1,2,0.9,3,4,GOVERNED,7,384,10,4,2,8,8,2,0,0.0,2.625,70.0,0.0,70.0
593,4,400.0,15,8,3,0.15,400,GOVERNED,0.25,2,0.9,3,4,GOVERNED,2,389,7,2,2,6,6,2,0,0.0,3.1666666666666665,20.0,0.0,20.0
574,4,400.0,15,8,3,0.15,400,CLOSED_LOOP,0.25,5,0.9,3,4,CLOSED_LOOP,2,290,97,11,32,27,27,2,0,0.0,1.2962962962962963,20.0,0.0,20.0
590,4,400.0,15,8,3,0.15,400,GOVERNED,0.1,5,0.9,3,4,GOVERNED,7,368,27,3,3,9,9,1,0,0.0,3.6666666666666665,70.0,0.0,70.0
594,4,400.0,15,8,3,0.15,400,GOVERNED,0.25,5,0.9,3,4,GOVERNED,2,290,97,11,32,27,27,2,0,0.0,1.2962962962962963,20.0,0.0,20.0
595,4,400.0,15,8,3,0.15,400,GOVERNED,0.25,10,0.9,3,4,GOVERNED,5,183,203,9,55,30,29,4,0,0.033333333333333326,1.4482758620689655,50.0,0.0,50.0
597,4,400.0,15,8,3,0.15,400,GOVERNED,0.5,2,0.9,3,4,GOVERNED,6,367,23,8,11,11,10,2,0,0.09090909090909094,1.5,60.0,0.0,60.0
592,4,400.0,15,8,3,0.15,400,GOVERNED,0.25,0,0.9,3,4,GOVERNED,4,400,0,3,2,1,1,0,0,0.0,1.0,40.0,0.0,40.0
600,5,400.0,15,8,3,0.15,400,REFLEX,0.0,0,0.9,3,5,REFLEX,4,404,0,0,0,0,0,0,0,0.0,0.0,40.0,0.0,40.0
596,4,400.0,15,8,3,0.15,400,GOVERNED,0.5,0,0.9,3,4,GOVERNED,14,399,0,34,20,17,14,1,0,0.17647058823529416,3.0,140.0,0.0,140.0
601,5,400.0,15,8,3,0.15,400,REFLEX,0.0,2,0.9,3,5,REFLEX,4,404,0,0,0,0,0,0,0,0.0,0.0,40.0,0.0,40.0
603,5,400.0,15,8,3,0.15,400,REFLEX,0.0,10,0.9,3,5,REFLEX,4,404,0,0,0,0,0,0,0,0.0,0.0,40.0,0.0,40.0
604,5,400.0,15,8,3,0.15,400,REFLEX,0.05,0,0.9,3,5,REFLEX,8,404,0,0,0,0,0,0,0,0.0,0.0,80.0,0.0,80.0
605,5,400.0,15,8,3,0.15,400,REFLEX,0.05,2,0.9,3,5,REFLEX,8,404,0,0,0,0,0,0,0,0.0,0.0,80.0,0.0,80.0
591,4,400.0,15,8,3,0.15,400,GOVERNED,0.1,10,0.9,3,4,GOVERNED,6,352,43,3,2,7,7,2,0,0.0,3.5714285714285716,60.0,0.0,60.0
599,4,400.0,15,8,3,0.15,400,GOVERNED,0.5,10,0.9,3,4,GOVERNED,0,74,316,4,131,71,71,4,0,0.0,1.0140845070422535,0.0,0.0,0.0
608,5,400.0,15,8,3,0.15,400,REFLEX,0.1,0,0.9,3,5,REFLEX,8,405,0,0,0,0,0,0,0,0.0,0.0,80.0,0.0,80.0
609,5,400.0,15,8,3,0.15,400,REFLEX,0.1,2,0.9,3,5,REFLEX,8,405,0,0,0,0,0,0,0,0.0,0.0,80.0,0.0,80.0
579,4,400.0,15,8,3,0.15,400,CLOSED_LOOP,0.5,10,0.9,3,4,CLOSED_LOOP,0,74,316,4,131,71,71,4,0,0.0,1.0140845070422535,0.0,0.0,0.0
611,5,400.0,15,8,3,0.15,400,REFLEX,0.1,10,0.9,3,5,REFLEX,8,405,0,0,0,0,0,0,0,0.0,0.0,80.0,0.0,80.0
598,4,400.0,15,8,3,0.15,400,GOVERNED,0.5,5,0.9,3,4,GOVERNED,0,204,178,6,99,50,50,9,0,0.0,1.14,0.0,0.0,0.0
607,5,400.0,15,8,3,0.15,400,REFLEX,0.05,10,0.9,3,5,REFLEX,8,404,0,0,0,0,0,0,0,0.0,0.0,80.0,0.0,80.0
602,5,400.0,15,8,3,0.15,400,REFLEX,0.0,5,0.9,3,5,REFLEX,4,404,0,0,0,0,0,0,0,0.0,0.0,40.0,0.0,40.0
612,5,400.0,15,8,3,0.15,400,REFLEX,0.25,0,0.9,3,5,REFLEX,7,405,0,0,0,0,0,0,0,0.0,0.0,70.0,0.0,70.0
614,5,400.0,15,8,3,0.15,400,REFLEX,0.25,5,0.9,3,5,REFLEX,7,405,0,0,0,0,0,0,0,0.0,0.0,70.0,0.0,70.0
615,5,400.0,15,8,3,0.15,400,REFLEX,0.25,10,0.9,3,5,REFLEX,7,405,0,0,0,0,0,0,0,0.0,0.0,70.0,0.0,70.0
617,5,400.0,15,8,3,0.15,400,REFLEX,0.5,2,0.9,3,5,REFLEX,6,377,0,0,0,0,0,0,0,0.0,0.0,60.0,0.0,60.0
606,5,400.0,15,8,3,0.15,400,REFLEX,0.05,5,0.9,3,5,REFLEX,8,404,0,0,0,0,0,0,0,0.0,0.0,80.0,0.0,80.0
613,5,400.0,15,8,3,0.15,400,REFLEX,0.25,2,0.9,3,5,REFLEX,7,405,0,0,0,0,0,0,0,0.0,0.0,70.0,0.0,70.0
622,5,400.0,15,8,3,0.15,400,MODEL_BASED,0.0,5,0.9,3,5,MODEL_BASED,7,406,0,0,0,0,0,0,0,0.0,0.0,70.0,0.0,70.0
618,5,400.0,15,8,3,0.15,400,REFLEX,0.5,5,0.9,3,5,REFLEX,6,377,0,0,0,0,0,0,0,0.0,0.0,60.0,0.0,60.0
619,5,400.0,15,8,3,0.15,400,REFLEX,0.5,10,0.9,3,5,REFLEX,6,377,0,0,0,0,0,0,0,0.0,0.0,60.0,0.0,60.0
623,5,400.0,15,8,3,0.15,400,MODEL_BASED,0.0,10,0.9,3,5,MODEL_BASED,7,406,0,0,0,0,0,0,0,0.0,0.0,70.0,0.0,70.0
610,5,400.0,15,8,3,0.15,400,REFLEX,0.1,5,0.9,3,5,REFLEX,8,405,0,0,0,0,0,0,0,0.0,0.0,80.0,0.0,80.0
620,5,400.0,15,8,3,0.15,400,MODEL_BASED,0.0,0,0.9,3,5,MODEL_BASED,7,406,0,0,0,0,0,0,0,0.0,0.0,70.0,0.0,70.0
621,5,400.0,15,8,3,0.15,400,MODEL_BASED,0.0,2,0.9,3,5,MODEL_BASED,7,406,0,0,0,0,0,0,0,0.0,0.0,70.0,0.0,70.0
625,5,400.0,15,8,3,0.15,400,MODEL_BASED,0.05,2,0.9,3,5,MODEL_BASED,4,403,0,0,0,0,0,0,0,0.0,0.0,40.0,0.0,40.0
624,5,400.0,15,8,3,0.15,400,MODEL_BASED,0.05,0,0.9,3,5,MODEL_BASED,4,403,0,0,0,0,0,0,0,0.0,0.0,40.0,0.0,40.0
627,5,400.0,15,8,3,0.15,400,MODEL_BASED,0.05,10,0.9,3,5,MODEL_BASED,4,403,0,0,0,0,0,0,0,0.0,0.0,40.0,0.0,40.0
628,5,400.0,15,8,3,0.15,400,MODEL_BASED,0.1,0,0.9,3,5,MODEL_BASED,3,402,0,0,0,0,0,0,0,0.0,0.0,30.0,0.0,30.0
616,5,400.0,15,8,3,0.15,400,REFLEX,0.5,0,0.9,3,5,REFLEX,6,377,0,0,0,0,0,0,0,0.0,0.0,60.0,0.0,60.0
631,5,400.0,15,8,3,0.15,400,MODEL_BASED,0.1,10,0.9,3,5,MODEL_BASED,3,402,0,0,0,0,0,0,0,0.0,0.0,30.0,0.0,30.0
630,5,400.0,15,8,3,0.15,400,MODEL_BASED,0.1,5,0.9,3,5,MODEL_BASED,3,402,0,0,0,0,0,0,0,0.0,0.0,30.0,0.0,30.0
632,5,400.0,15,8,3,0.15,400,MODEL_BASED,0.25,0,0.9,3,5,MODEL_BASED,16,396,0,0,0,0,0,0,0,0.0,0.0,160.0,0.0,160.0
629,5,400.0,15,8,3,0.15,400,MODEL_BASED,0.1,2,0.9,3,5,MODEL_BASED,3,402,0,0,0,0,0,0,0,0.0,0.0,30.0,0.0,30.0
626,5,400.0,15,8,3,0.15,400,MODEL_BASED,0.05,5,0.9,3,5,MODEL_BASED,4,403,0,0,0,0,0,0,0,0.0,0.0,40.0,0.0,40.0
635,5,400.0,15,8,3,0.15,400,MODEL_BASED,0.25,10,0.9,3,5,MODEL_BASED,16,396,0,0,0,0,0,0,0,0.0,0.0,160.0,0.0,160.0
633,5,400.0,15,8,3,0.15,400,MODEL_BASED,0.25,2,0.9,3,5,MODEL_BASED,16,396,0,0,0,0,0,0,0,0.0,0.0,160.0,0.0,160.0
637,5,400.0,15,8,3,0.15,400,MODEL_BASED,0.5,2,0.9,3,5,MODEL_BASED,13,407,0,0,0,0,0,0,0,0.0,0.0,130.0,0.0,130.0
641,5,400.0,15,8,3,0.15,400,OPEN_LOOP,0.0,2,0.9,3,5,OPEN_LOOP,5,400,0,0,0,0,0,0,0,0.0,0.0,50.0,0.0,50.0
640,5,400.0,15,8,3,0.15,400,OPEN_LOOP,0.0,0,0.9,3,5,OPEN_LOOP,5,400,0,0,0,0,0,0,0,0.0,0.0,50.0,0.0,50.0
642,5,400.0,15,8,3,0.15,400,OPEN_LOOP,0.0,5,0.9,3,5,OPEN_LOOP,5,400,0,0,0,0,0,0,0,0.0,0.0,50.0,0.0,50.0
634,5,400.0,15,8,3,0.15,400,MODEL_BASED,0.25,5,0.9,3,5,MODEL_BASED,16,396,0,0,0,0,0,0,0,0.0,0.0,160.0,0.0,160.0
645,5,400.0,15,8,3,0.15,400,OPEN_LOOP,0.05,2,0.9,3,5,OPEN_LOOP,12,395,0,0,0,5,5,5,0,0.0,5.0,120.0,0.0,120.0
638,5,400.0,15,8,3,0.15,400,MODEL_BASED,0.5,5,0.9,3,5,MODEL_BASED,13,407,0,0,0,0,0,0,0,0.0,0.0,130.0,0.0,130.0
647,5,400.0,15,8,3,0.15,400,OPEN_LOOP,0.05,10,0.9,3,5,OPEN_LOOP,12,395,0,0,0,5,5,5,0,0.0,5.0,120.0,0.0,120.0
643,5,400.0,15,8,3,0.15,400,OPEN_LOOP,0.0,10,0.9,3,5,OPEN_LOOP,5,400,0,0,0,0,0,0,0,0.0,0.0,50.0,0.0,50.0
639,5,400.0,15,8,3,0.15,400,MODEL_BASED,0.5,10,0.9,3,5,MODEL_BASED,13,407,0,0,0,0,0,0,0,0.0,0.0,130.0,0.0,130.0
649,5,400.0,15,8,3,0.15,400,OPEN_LOOP,0.1,2,0.9,3,5,OPEN_LOOP,16,391,0,0,0,13,11,9,0,0.15384615384615385,2.5454545454545454,160.0,0.0,160.0
646,5,400.0,15,8,3,0.15,400,OPEN_LOOP,0.05,5,0.9,3,5,OPEN_LOOP,12,395,0,0,0,5,5,5,0,0.0,5.0,120.0,0.0,120.0
644,5,400.0,15,8,3,0.15,400,OPEN_LOOP,0.05,0,0.9,3,5,OPEN_LOOP,12,395,0,0,0,5,5,5,0,0.0,5.0,120.0,0.0,120.0
650,5,400.0,15,8,3,0.15,400,OPEN_LOOP,0.1,5,0.9,3,5,OPEN_LOOP,16,391,0,0,0,13,11,9,0,0.15384615384615385,2.5454545454545454,160.0,0.0,160.0
648,5,400.0,15,8,3,0.15,400,OPEN_LOOP,0.1,0,0.9,3,5,OPEN_LOOP,16,391,0,0,0,13,11,9,0,0.15384615384615385,2.5454545454545454,160.0,0.0,160.0
654,5,400.0,15,8,3,0.15,400,OPEN_LOOP,0.25,5,0.9,3,5,OPEN_LOOP,6,398,0,0,0,3,3,2,0,0.0,5.0,60.0,0.0,60.0
652,5,400.0,15,8,3,0.15,400,OPEN_LOOP,0.25,0,0.9,3,5,OPEN_LOOP,6,398,0,0,0,3,3,2,0,0.0,5.0,60.0,0.0,60.0
653,5,400.0,15,8,3,0.15,400,OPEN_LOOP,0.25,2,0.9,3,5,OPEN_LOOP,6,398,0,0,0,3,3,2,0,0.0,5.0,60.0,0.0,60.0
636,5,400.0,15,8,3,0.15,400,MODEL_BASED,0.5,0,0.9,3,5,MODEL_BASED,13,407,0,0,0,0,0,0,0,0.0,0.0,130.0,0.0,130.0
651,5,400.0,15,8,3,0.15,400,OPEN_LOOP,0.1,10,0.9,3,5,OPEN_LOOP,16,391,0,0,0,13,11,9,0,0.15384615384615385,2.5454545454545454,160.0,0.0,160.0
660,5,400.0,15,8,3,0.15,400,COLD_RESTART,0.0,0,0.9,3,5,COLD_RESTART,5,400,0,0,0,0,0,0,0,0.0,0.0,50.0,0.0,50.0
662,5,400.0,15,8,3,0.15,400,COLD_RESTART,0.0,5,0.9,3,5,COLD_RESTART,5,400,0,0,0,0,0,0,0,0.0,0.0,50.0,0.0,50.0
657,5,400.0,15,8,3,0.15,400,OPEN_LOOP,0.5,2,0.9,3,5,OPEN_LOOP,12,385,0,0,0,22,21,15,0,0.045454545454545414,2.380952380952381,120.0,0.0,120.0
663,5,400.0,15,8,3,0.15,400,COLD_RESTART,0.0,10,0.9,3,5,COLD_RESTART,5,400,0,0,0,0,0,0,0,0.0,0.0,50.0,0.0,50.0
659,5,400.0,15,8,3,0.15,400,OPEN_LOOP,0.5,10,0.9,3,5,OPEN_LOOP,12,385,0,0,0,22,21,15,0,0.045454545454545414,2.380952380952381,120.0,0.0,120.0
655,5,400.0,15,8,3,0.15,400,OPEN_LOOP,0.25,10,0.9,3,5,OPEN_LOOP,6,398,0,0,0,3,3,2,0,0.0,5.0,60.0,0.0,60.0
665,5,400.0,15,8,3,0.15,400,COLD_RESTART,0.05,2,0.9,3,5,COLD_RESTART,6,394,3,1,1,2,2,1,0,0.0,8.0,60.0,0.0,60.0
656,5,400.0,15,8,3,0.15,400,OPEN_LOOP,0.5,0,0.9,3,5,OPEN_LOOP,12,385,0,0,0,22,21,15,0,0.045454545454545414,2.380952380952381,120.0,0.0,120.0
667,5,400.0,15,8,3,0.15,400,COLD_RESTART,0.05,10,0.9,3,5,COLD_RESTART,6,385,11,1,1,3,2,2,0,0.33333333333333337,8.0,60.0,0.0,60.0
658,5,400.0,15,8,3,0.15,400,OPEN_LOOP,0.5,5,0.9,3,5,OPEN_LOOP,12,385,0,0,0,22,21,15,0,0.045454545454545414,2.380952380952381,120.0,0.0,120.0
669,5,400.0,15,8,3,0.15,400,COLD_RESTART,0.1,2,0.9,3,5,COLD_RESTART,8,384,10,5,0,6,6,1,0,0.0,3.6666666666666665,80.0,0.0,80.0
666,5,400.0,15,8,3,0.15,400,COLD_RESTART,0.05,5,0.9,3,5,COLD_RESTART,7,385,11,2,1,3,3,1,0,0.0,8.333333333333334,70.0,0.0,70.0
668,5,400.0,15,8,3,0.15,400,COLD_RESTART,0.1,0,0.9,3,5,COLD_RESTART,10,400,0,3,0,4,3,0,0,0.25,4.666666666666667,100.0,0.0,100.0
661,5,400.0,15,8,3,0.15,400,COLD_RESTART,0.0,2,0.9,3,5,COLD_RESTART,5,400,0,0,0,0,0,0,0,0.0,0.0,50.0,0.0,50.0
670,5,400.0,15,8,3,0.15,400,COLD_RESTART,0.1,5,0.9,3,5,COLD_RESTART,7,391,5,1,0,4,4,3,0,0.0,4.5,70.0,0.0,70.0
672,5,400.0,15,8,3,0.15,400,COLD_RESTART,0.25,0,0.9,3,5,COLD_RESTART,8,400,0,6,1,6,5,0,1,0.16666666666666663,1.0,80.0,0.0,80.0
671,5,400.0,15,8,3,0.15,400,COLD_RESTART,0.1,10,0.9,3,5,COLD_RESTART,7,250,138,7,25,18,18,3,4,0.0,1.2222222222222223,70.0,0.0,70.0
673,5,400.0,15,8,3,0.15,400,COLD_RESTART,0.25,2,0.9,3,5,COLD_RESTART,5,343,39,16,15,21,18,1,5,0.1428571428571429,1.7777777777777777,50.0,0.0,50.0
674,5,400.0,15,8,3,0.15,400,COLD_RESTART,0.25,5,0.9,3,5,COLD_RESTART,4,355,41,3,9,9,9,0,0,0.0,1.0,40.0,0.0,40.0
675,5,400.0,15,8,3,0.15,400,COLD_RESTART,0.25,10,0.9,3,5,COLD_RESTART,3,283,114,0,31,26,24,1,0,0.07692307692307687,1.0,30.0,0.0,30.0
681,5,400.0,15,8,3,0.15,400,CLOSED_LOOP,0.0,2,0.9,3,5,CLOSED_LOOP,5,400,0,0,0,0,0,0,0,0.0,0.0,50.0,0.0,50.0
664,5,400.0,15,8,3,0.15,400,COLD_RESTART,0.05,0,0.9,3,5,COLD_RESTART,7,400,0,3,1,2,2,0,0,0.0,8.0,70.0,0.0,70.0
680,5,400.0,15,8,3,0.15,400,CLOSED_LOOP,0.0,0,0.9,3,5,CLOSED_LOOP,5,400,0,0,0,0,0,0,0,0.0,0.0,50.0,0.0,50.0
683,5,400.0,15,8,3,0.15,400,CLOSED_LOOP,0.0,10,0.9,3,5,CLOSED_LOOP,5,400,0,0,0,0,0,0,0,0.0,0.0,50.0,0.0,50.0
676,5,400.0,15,8,3,0.15,400,COLD_RESTART,0.5,0,0.9,3,5,COLD_RESTART,12,396,0,48,18,32,30,4,17,0.0625,1.7666666666666666,120.0,0.0,120.0
684,5,400.0,15,8,3,0.15,400,CLOSED_LOOP,0.05,0,0.9,3,5,CLOSED_LOOP,7,400,0,3,1,2,2,0,0,0.0,8.0,70.0,0.0,70.0
678,5,400.0,15,8,3,0.15,400,COLD_RESTART,0.5,5,0.9,3,5,COLD_RESTART,0,128,253,11,140,71,71,5,0,0.0,1.028169014084507,0.0,0.0,0.0
682,5,400.0,15,8,3,0.15,400,CLOSED_LOOP,0.0,5,0.9,3,5,CLOSED_LOOP,5,400,0,0,0,0,0,0,0,0.0,0.0,50.0,0.0,50.0
685,5,400.0,15,8,3,0.15,400,CLOSED_LOOP,0.05,2,0.9,3,5,CLOSED_LOOP,6,394,3,1,1,2,2,1,0,0.0,8.0,60.0,0.0,60.0
687,5,400.0,15,8,3,0.15,400,CLOSED_LOOP,0.05,10,0.9,3,5,CLOSED_LOOP,6,385,11,1,1,3,2,2,0,0.33333333333333337,8.0,60.0,0.0,60.0
677,5,400.0,15,8,3,0.15,400,COLD_RESTART,0.5,2,0.9,3,5,COLD_RESTART,4,234,127,30,110,51,51,6,3,0.0,1.2549019607843137,40.0,0.0,40.0
690,5,400.0,15,8,3,0.15,400,CLOSED_LOOP,0.1,5,0.9,3,5,CLOSED_LOOP,7,391,5,1,0,4,4,3,0,0.0,4.5,70.0,0.0,70.0
691,5,400.0,15,8,3,0.15,400,CLOSED_LOOP,0.1,10,0.9,3,5,CLOSED_LOOP,7,360,36,2,3,6,6,1,0,0.0,1.8333333333333333,70.0,0.0,70.0
686,5,400.0,15,8,3,0.15,400,CLOSED_LOOP,0.05,5,0.9,3,5,CLOSED_LOOP,7,385,11,2,1,3,3,1,0,0.0,8.333333333333334,70.0,0.0,70.0
679,5,400.0,15,8,3,0.15,400,COLD_RESTART,0.5,10,0.9,3,5,COLD_RESTART,1,119,271,2,144,69,69,4,0,0.0,1.0144927536231885,10.0,0.0,10.0
692,5,400.0,15,8,3,0.15,400,CLOSED_LOOP,0.25,0,0.9,3,5,CLOSED_LOOP,8,400,0,6,1,6,5,0,0,0.16666666666666663,1.0,80.0,0.0,80.0
688,5,400.0,15,8,3,0.15,400,CLOSED_LOOP,0.1,0,0.9,3,5,CLOSED_LOOP,10,400,0,3,0,4,3,0,0,0.25,4.666666666666667,100.0,0.0,100.0
695,5,400.0,15,8,3,0.15,400,CLOSED_LOOP,0.25,10,0.9,3,5,CLOSED_LOOP,3,283,114,0,31,26,24,1,0,0.07692307692307687,1.0,30.0,0.0,30.0
696,5,400.0,15,8,3,0.15,400,CLOSED_LOOP,0.5,0,0.9,3,5,CLOSED_LOOP,12,400,0,26,9,17,17,0,0,0.0,1.4705882352941178,120.0,0.0,120.0
694,5,400.0,15,8,3,0.15,400,CLOSED_LOOP,0.25,5,0.9,3,5,CLOSED_LOOP,4,355,41,3,9,9,9,0,0,0.0,1.0,40.0,0.0,40.0
700,5,400.0,15,8,3,0.15,400,GOVERNED,0.0,0,0.9,3,5,GOVERNED,5,400,0,0,0,0,0,0,0,0.0,0.0,50.0,0.0,50.0
693,5,400.0,15,8,3,0.15,400,CLOSED_LOOP,0.25,2,0.9,3,5,CLOSED_LOOP,7,356,32,12,14,14,14,0,0,0.0,3.357142857142857,70.0,0.0,70.0
689,5,400.0,15,8,3,0.15,400,CLOSED_LOOP,0.1,2,0.9,3,5,CLOSED_LOOP,8,384,10,5,0,6,6,1,0,0.0,3.6666666666666665,80.0,0.0,80.0
703,5,400.0,15,8,3,0.15,400,GOVERNED,0.0,10,0.9,3,5,GOVERNED,5,400,0,0,0,0,0,0,0,0.0,0.0,50.0,0.0,50.0
702,5,400.0,15,8,3,0.15,400,GOVERNED,0.0,5,0.9,3,5,GOVERNED,5,400,0,0,0,0,0,0,0,0.0,0.0,50.0,0.0,50.0
701,5,400.0,15,8,3,0.15,400,GOVERNED,0.0,2,0.9,3,5,GOVERNED,5,400,0,0,0,0,0,0,0,0.0,0.0,50.0,0.0,50.0
705,5,400.0,15,8,3,0.15,400,GOVERNED,0.05,2,0.9,3,5,GOVERNED,6,394,3,1,1,2,2,1,0,0.0,8.0,60.0,0.0,60.0
698,5,400.0,15,8,3,0.15,400,CLOSED_LOOP,0.5,5,0.9,3,5,CLOSED_LOOP,0,128,253,11,140,71,71,5,0,0.0,1.028169014084507,0.0,0.0,0.0
704,5,400.0,15,8,3,0.15,400,GOVERNED,0.05,0,0.9,3,5,GOVERNED,7,400,0,3,1,2,2,0,0,0.0,8.0,70.0,0.0,70.0
707,5,400.0,15,8,3,0.15,400,GOVERNED,0.05,10,0.9,3,5,GOVERNED,6,385,11,1,1,3,2,2,0,0.33333333333333337,8.0,60.0,0.0,60.0
710,5,400.0,15,8,3,0.15,400,GOVERNED,0.1,5,0.9,3,5,GOVERNED,7,391,5,1,0,4,4,3,0,0.0,4.5,70.0,0.0,70.0
697,5,400.0,15,8,3,0.15,400,CLOSED_LOOP,0.5,2,0.9,3,5,CLOSED_LOOP,6,263,106,25,80,45,44,4,0,0.022222222222222254,1.7727272727272727,60.0,0.0,60.0
708,5,400.0,15,8,3,0.15,400,GOVERNED,0.1,0,0.9,3,5,GOVERNED,10,400,0,3,0,4,3,0,0,0.25,4.666666666666667,100.0,0.0,100.0
706,5,400.0,15,8,3,0.15,400,GOVERNED,0.05,5,0.9,3,5,GOVERNED,7,385,11,2,1,3,3,1,0,0.0,8.333333333333334,70.0,0.0,70.0
711,5,400.0,15,8,3,0.15,400,GOVERNED,0.1,10,0.9,3,5,GOVERNED,7,360,36,2,3,6,6,1,0,0.0,1.8333333333333333,70.0,0.0,70.0
712,5,400.0,15,8,3,0.15,400,GOVERNED,0.25,0,0.9,3,5,GOVERNED,8,400,0,6,1,6,5,0,0,0.16666666666666663,1.0,80.0,0.0,80.0
699,5,400.0,15,8,3,0.15,400,CLOSED_LOOP,0.5,10,0.9,3,5,CLOSED_LOOP,1,119,271,2,144,69,69,4,0,0.0,1.0144927536231885,10.0,0.0,10.0
709,5,400.0,15,8,3,0.15,400,GOVERNED,0.1,2,0.9,3,5,GOVERNED,8,384,10,5,0,6,6,1,0,0.0,3.6666666666666665,80.0,0.0,80.0
714,5,400.0,15,8,3,0.15,400,GOVERNED,0.25,5,0.9,3,5,GOVERNED,4,355,41,3,9,9,9,0,0,0.0,1.0,40.0,0.0,40.0
720,6,400.0,15,8,3,0.15,400,REFLEX,0.0,0,0.9,3,6,REFLEX,7,405,0,0,0,0,0,0,0,0.0,0.0,70.0,0.0,70.0
713,5,400.0,15,8,3,0.15,400,GOVERNED,0.25,2,0.9,3,5,GOVERNED,7,356,32,12,14,14,14,0,0,0.0,3.357142857142857,70.0,0.0,70.0
723,6,400.0,15,8,3,0.15,400,REFLEX,0.0,10,0.9,3,6,REFLEX,7,405,0,0,0,0,0,0,0,0.0,0.0,70.0,0.0,70.0
715,5,400.0,15,8,3,0.15,400,GOVERNED,0.25,10,0.9,3,5,GOVERNED,3,283,114,0,31,26,24,1,0,0.07692307692307687,1.0,30.0,0.0,30.0
724,6,400.0,15,8,3,0.15,400,REFLEX,0.05,0,0.9,3,6,REFLEX,2,402,0,0,0,0,0,0,0,0.0,0.0,20.0,0.0,20.0
727,6,400.0,15,8,3,0.15,400,REFLEX,0.05,10,0.9,3,6,REFLEX,2,402,0,0,0,0,0,0,0,0.0,0.0,20.0,0.0,20.0
728,6,400.0,15,8,3,0.15,400,REFLEX,0.1,0,0.9,3,6,REFLEX,7,404,0,0,0,0,0,0,0,0.0,0.0,70.0,0.0,70.0
716,5,400.0,15,8,3,0.15,400,GOVERNED,0.5,0,0.9,3,5,GOVERNED,12,400,0,26,9,17,17,0,0,0.0,1.4705882352941178,120.0,0.0,120.0
730,6,400.0,15,8,3,0.15,400,REFLEX,0.1,5,0.9,3,6,REFLEX,7,404,0,0,0,0,0,0,0,0.0,0.0,70.0,0.0,70.0
722,6,400.0,15,8,3,0.15,400,REFLEX,0.0,5,0.9,3,6,REFLEX,7,405,0,0,0,0,0,0,0,0.0,0.0,70.0,0.0,70.0
721,6,400.0,15,8,3,0.15,400,REFLEX,0.0,2,0.9,3,6,REFLEX,7,405,0,0,0,0,0,0,0,0.0,0.0,70.0,0.0,70.0
725,6,400.0,15,8,3,0.15,400,REFLEX,0.05,2,0.9,3,6,REFLEX,2,402,0,0,0,0,0,0,0,0.0,0.0,20.0,0.0,20.0
731,6,400.0,15,8,3,0.15,400,REFLEX,0.1,10,0.9,3,6,REFLEX,7,404,0,0,0,0,0,0,0,0.0,0.0,70.0,0.0,70.0
732,6,400.0,15,8,3,0.15,400,REFLEX,0.25,0,0.9,3,6,REFLEX,9,366,0,0,0,0,0,0,0,0.0,0.0,90.0,0.0,90.0
726,6,400.0,15,8,3,0.15,400,REFLEX,0.05,5,0.9,3,6,REFLEX,2,402,0,0,0,0,0,0,0,0.0,0.0,20.0,0.0,20.0
719,5,400.0,15,8,3,0.15,400,GOVERNED,0.5,10,0.9,3,5,GOVERNED,1,119,271,2,144,69,69,4,0,0.0,1.0144927536231885,10.0,0.0,10.0
729,6,400.0,15,8,3,0.15,400,REFLEX,0.1,2,0.9,3,6,REFLEX,7,404,0,0,0,0,0,0,0,0.0,0.0,70.0,0.0,70.0
733,6,400.0,15,8,3,0.15,400,REFLEX,0.25,2,0.9,3,6,REFLEX,9,366,0,0,0,0,0,0,0,0.0,0.0,90.0,0.0,90.0
735,6,400.0,15,8,3,0.15,400,REFLEX,0.25,10,0.9,3,6,REFLEX,9,366,0,0,0,0,0,0,0,0.0,0.0,90.0,0.0,90.0
718,5,400.0,15,8,3,0.15,400,GOVERNED,0.5,5,0.9,3,5,GOVERNED,0,128,253,11,140,71,71,5,0,0.0,1.028169014084507,0.0,0.0,0.0
734,6,400.0,15,8,3,0.15,400,REFLEX,0.25,5,0.9,3,6,REFLEX,9,366,0,0,0,0,0,0,0,0.0,0.0,90.0,0.0,90.0
717,5,400.0,15,8,3,0.15,400,GOVERNED,0.5,2,0.9,3,5,GOVERNED,6,263,106,25,80,45,44,4,0,0.022222222222222254,1.7727272727272727,60.0,0.0,60.0
740,6,400.0,15,8,3,0.15,400,MODEL_BASED,0.0,0,0.9,3,6,MODEL_BASED,3,402,0,0,0,0,0,0,0,0.0,0.0,30.0,0.0,30.0
741,6,400.0,15,8,3,0.15,400,MODEL_BASED,0.0,2,0.9,3,6,MODEL_BASED,3,402,0,0,0,0,0,0,0,0.0,0.0,30.0,0.0,30.0
742,6,400.0,15,8,3,0.15,400,MODEL_BASED,0.0,5,0.9,3,6,MODEL_BASED,3,402,0,0,0,0,0,0,0,0.0,0.0,30.0,0.0,30.0
743,6,400.0,15,8,3,0.15,400,MODEL_BASED,0.0,10,0.9,3,6,MODEL_BASED,3,402,0,0,0,0,0,0,0,0.0,0.0,30.0,0.0,30.0
737,6,400.0,15,8,3,0.15,400,REFLEX,0.5,2,0.9,3,6,REFLEX,12,408,0,0,0,0,0,0,0,0.0,0.0,120.0,0.0,120.0
744,6,400.0,15,8,3,0.15,400,MODEL_BASED,0.05,0,0.9,3,6,MODEL_BASED,8,404,0,0,0,0,0,0,0,0.0,0.0,80.0,0.0,80.0
736,6,400.0,15,8,3,0.15,400,REFLEX,0.5,0,0.9,3,6,REFLEX,12,408,0,0,0,0,0,0,0,0.0,0.0,120.0,0.0,120.0
745,6,400.0,15,8,3,0.15,400,MODEL_BASED,0.05,2,0.9,3,6,MODEL_BASED,8,404,0,0,0,0,0,0,0,0.0,0.0,80.0,0.0,80.0
748,6,400.0,15,8,3,0.15,400,MODEL_BASED,0.1,0,0.9,3,6,MODEL_BASED,7,404,0,0,0,0,0,0,0,0.0,0.0,70.0,0.0,70.0
750,6,400.0,15,8,3,0.15,400,MODEL_BASED,0.1,5,0.9,3,6,MODEL_BASED,7,404,0,0,0,0,0,0,0,0.0,0.0,70.0,0.0,70.0
739,6,400.0,15,8,3,0.15,400,REFLEX,0.5,10,0.9,3,6,REFLEX,12,408,0,0,0,0,0,0,0,0.0,0.0,120.0,0.0,120.0
738,6,400.0,15,8,3,0.15,400,REFLEX,0.5,5,0.9,3,6,REFLEX,12,408,0,0,0,0,0,0,0,0.0,0.0,120.0,0.0,120.0
747,6,400.0,15,8,3,0.15,400,MODEL_BASED,0.05,10,0.9,3,6,MODEL_BASED,8,404,0,0,0,0,0,0,0,0.0,0.0,80.0,0.0,80.0
749,6,400.0,15,8,3,0.15,400,MODEL_BASED,0.1,2,0.9,3,6,MODEL_BASED,7,404,0,0,0,0,0,0,0,0.0,0.0,70.0,0.0,70.0
746,6,400.0,15,8,3,0.15,400,MODEL_BASED,0.05,5,0.9,3,6,MODEL_BASED,8,404,0,0,0,0,0,0,0,0.0,0.0,80.0,0.0,80.0
751,6,400.0,15,8,3,0.15,400,MODEL_BASED,0.1,10,0.9,3,6,MODEL_BASED,7,404,0,0,0,0,0,0,0,0.0,0.0,70.0,0.0,70.0
755,6,400.0,15,8,3,0.15,400,MODEL_BASED,0.25,10,0.9,3,6,MODEL_BASED,4,404,0,0,0,0,0,0,0,0.0,0.0,40.0,0.0,40.0
758,6,400.0,15,8,3,0.15,400,MODEL_BASED,0.5,5,0.9,3,6,MODEL_BASED,18,401,0,0,0,0,0,0,0,0.0,0.0,180.0,0.0,180.0
759,6,400.0,15,8,3,0.15,400,MODEL_BASED,0.5,10,0.9,3,6,MODEL_BASED,18,401,0,0,0,0,0,0,0,0.0,0.0,180.0,0.0,180.0
753,6,400.0,15,8,3,0.15,400,MODEL_BASED,0.25,2,0.9,3,6,MODEL_BASED,4,404,0,0,0,0,0,0,0,0.0,0.0,40.0,0.0,40.0
761,6,400.0,15,8,3,0.15,400,OPEN_LOOP,0.0,2,0.9,3,6,OPEN_LOOP,6,400,0,0,0,0,0,0,0,0.0,0.0,60.0,0.0,60.0
760,6,400.0,15,8,3,0.15,400,OPEN_LOOP,0.0,0,0.9,3,6,OPEN_LOOP,6,400,0,0,0,0,0,0,0,0.0,0.0,60.0,0.0,60.0
754,6,400.0,15,8,3,0.15,400,MODEL_BASED,0.25,5,0.9,3,6,MODEL_BASED,4,404,0,0,0,0,0,0,0,0.0,0.0,40.0,0.0,40.0
762,6,400.0,15,8,3,0.15,400,OPEN_LOOP,0.0,5,0.9,3,6,OPEN_LOOP,6,400,0,0,0,0,0,0,0,0.0,0.0,60.0,0.0,60.0
752,6,400.0,15,8,3,0.15,400,MODEL_BASED,0.25,0,0.9,3,6,MODEL_BASED,4,404,0,0,0,0,0,0,0,0.0,0.0,40.0,0.0,40.0
756,6,400.0,15,8,3,0.15,400,MODEL_BASED,0.5,0,0.9,3,6,MODEL_BASED,18,401,0,0,0,0,0,0,0,0.0,0.0,180.0,0.0,180.0
764,6,400.0,15,8,3,0.15,400,OPEN_LOOP,0.05,0,0.9,3,6,OPEN_LOOP,9,396,0,0,0,4,4,4,0,0.0,1.0,90.0,0.0,90.0
757,6,400.0,15,8,3,0.15,400,MODEL_BASED,0.5,2,0.9,3,6,MODEL_BASED,18,401,0,0,0,0,0,0,0,0.0,0.0,180.0,0.0,180.0
766,6,400.0,15,8,3,0.15,400,OPEN_LOOP,0.05,5,0.9,3,6,OPEN_LOOP,9,396,0,0,0,4,4,4,0,0.0,1.0,90.0,0.0,90.0
768,6,400.0,15,8,3,0.15,400,OPEN_LOOP,0.1,0,0.9,3,6,OPEN_LOOP,17,392,0,0,0,8,8,8,0,0.0,6.25,170.0,0.0,170.0
763,6,400.0,15,8,3,0.15,400,OPEN_LOOP,0.0,10,0.9,3,6,OPEN_LOOP,6,400,0,0,0,0,0,0,0,0.0,0.0,60.0,0.0,60.0
765,6,400.0,15,8,3,0.15,400,OPEN_LOOP,0.05,2,0.9,3,6,OPEN_LOOP,9,396,0,0,0,4,4,4,0,0.0,1.0,90.0,0.0,90.0
770,6,400.0,15,8,3,0.15,400,OPEN_LOOP,0.1,5,0.9,3,6,OPEN_LOOP,17,392,0,0,0,8,8,8,0,0.0,6.25,170.0,0.0,170.0
771,6,400.0,15,8,3,0.15,400,OPEN_LOOP,0.1,10,0.9,3,6,OPEN_LOOP,17,392,0,0,0,8,8,8,0,0.0,6.25,170.0,0.0,170.0
774,6,400.0,15,8,3,0.15,400,OPEN_LOOP,0.25,5,0.9,3,6,OPEN_LOOP,8,393,0,0,0,9,9,7,0,0.0,2.888888888888889,80.0,0.0,80.0
772,6,400.0,15,8,3,0.15,400,OPEN_LOOP,0.25,0,0.9,3,6,OPEN_LOOP,8,393,0,0,0,9,9,7,0,0.0,2.888888888888889,80.0,0.0,80.0
769,6,400.0,15,8,3,0.15,400,OPEN_LOOP,0.1,2,0.9,3,6,OPEN_LOOP,17,392,0,0,0,8,8,8,0,0.0,6.25,170.0,0.0,170.0
780,6,400.0,15,8,3,0.15,400,COLD_RESTART,0.0,0,0.9,3,6,COLD_RESTART,6,400,0,0,0,0,0,0,0,0.0,0.0,60.0,0.0,60.0
775,6,400.0,15,8,3,0.15,400,OPEN_LOOP,0.25,10,0.9,3,6,OPEN_LOOP,8,393,0,0,0,9,9,7,0,0.0,2.888888888888889,80.0,0.0,80.0
776,6,400.0,15,8,3,0.15,400,OPEN_LOOP,0.5,0,0.9,3,6,OPEN_LOOP,13,372,0,0,0,33,33,28,0,0.0,1.9696969696969697,130.0,0.0,130.0
773,6,400.0,15,8,3,0.15,400,OPEN_LOOP,0.25,2,0.9,3,6,OPEN_LOOP,8,393,0,0,0,9,9,7,0,0.0,2.888888888888889,80.0,0.0,80.0
779,6,400.0,15,8,3,0.15,400,OPEN_LOOP,0.5,10,0.9,3,6,OPEN_LOOP,13,372,0,0,0,33,33,28,0,0.0,1.9696969696969697,130.0,0.0,130.0
782,6,400.0,15,8,3,0.15,400,COLD_RESTART,0.0,5,0.9,3,6,COLD_RESTART,6,400,0,0,0,0,0,0,0,0.0,0.0,60.0,0.0,60.0
783,6,400.0,15,8,3,0.15,400,COLD_RESTART,0.0,10,0.9,3,6,COLD_RESTART,6,400,0,0,0,0,0,0,0,0.0,0.0,60.0,0.0,60.0
777,6,400.0,15,8,3,0.15,400,OPEN_LOOP,0.5,2,0.9,3,6,OPEN_LOOP,13,372,0,0,0,33,33,28,0,0.0,1.9696969696969697,130.0,0.0,130.0
767,6,400.0,15,8,3,0.15,400,OPEN_LOOP,0.05,10,0.9,3,6,OPEN_LOOP,9,396,0,0,0,4,4,4,0,0.0,1.0,90.0,0.0,90.0
785,6,400.0,15,8,3,0.15,400,COLD_RESTART,0.05,2,0.9,3,6,COLD_RESTART,10,379,14,7,0,8,7,0,4,0.125,3.7142857142857144,100.0,0.0,100.0
784,6,400.0,15,8,3,0.15,400,COLD_RESTART,0.05,0,0.9,3,6,COLD_RESTART,10,399,0,8,1,7,6,1,4,0.1428571428571429,3.0,100.0,0.0,100.0
787,6,400.0,15,8,3,0.15,400,COLD_RESTART,0.05,10,0.9,3,6,COLD_RESTART,11,388,10,1,0,1,1,1,0,0.0,1.0,110.0,0.0,110.0
788,6,400.0,15,8,3,0.15,400,COLD_RESTART,0.1,0,0.9,3,6,COLD_RESTART,14,398,0,10,1,8,8,2,4,0.0,4.375,140.0,0.0,140.0
781,6,400.0,15,8,3,0.15,400,COLD_RESTART,0.0,2,0.9,3,6,COLD_RESTART,6,400,0,0,0,0,0,0,0,0.0,0.0,60.0,0.0,60.0
790,6,400.0,15,8,3,0.15,400,COLD_RESTART,0.1,5,0.9,3,6,COLD_RESTART,10,259,119,21,14,26,25,1,8,0.038461538461538436,1.88,100.0,0.0,100.0
778,6,400.0,15,8,3,0.15,400,OPEN_LOOP,0.5,5,0.9,3,6,OPEN_LOOP,13,372,0,0,0,33,33,28,0,0.0,1.9696969696969697,130.0,0.0,130.0
791,6,400.0,15,8,3,0.15,400,COLD_RESTART,0.1,10,0.9,3,6,COLD_RESTART,4,132,245,19,37,31,31,3,6,0.0,1.903225806451613,40.0,0.0,40.0
786,6,400.0,15,8,3,0.15,400,COLD_RESTART,0.05,5,0.9,3,6,COLD_RESTART,8,356,36,7,1,7,7,1,3,0.0,3.2857142857142856,80.0,0.0,80.0
794,6,400.0,15,8,3,0.15,400,COLD_RESTART,0.25,5,0.9,3,6,COLD_RESTART,5,285,106,9,34,26,26,0,0,0.0,1.5384615384615385,50.0,0.0,50.0
789,6,400.0,15,8,3,0.15,400,COLD_RESTART,0.1,2,0.9,3,6,COLD_RESTART,11,370,19,9,2,13,11,2,2,0.15384615384615385,4.181818181818182,110.0,0.0,110.0
795,6,400.0,15,8,3,0.15,400,COLD_RESTART,0.25,10,0.9,3,6,COLD_RESTART,1,80,301,14,64,46,46,3,1,0.0,1.0,10.0,0.0,10.0
798,6,400.0,15,8,3,0.15,400,COLD_RESTART,0.5,5,0.9,3,6,COLD_RESTART,0,165,212,4,104,66,65,10,0,0.015151515151515138,1.0,0.0,0.0,0.0
792,6,400.0,15,8,3,0.15,400,COLD_RESTART,0.25,0,0.9,3,6,COLD_RESTART,6,400,0,5,0,5,5,0,0,0.0,2.2,60.0,0.0,60.0
797,6,400.0,15,8,3,0.15,400,COLD_RESTART,0.5,2,0.9,3,6,COLD_RESTART,3,204,152,33,111,62,62,8,5,0.0,1.2903225806451613,30.0,0.0,30.0
793,6,400.0,15,8,3,0.15,400,COLD_RESTART,0.25,2,0.9,3,6,COLD_RESTART,7,329,50,17,22,24,24,3,4,0.0,1.6666666666666667,70.0,0.0,70.0
802,6,400.0,15,8,3,0.15,400,CLOSED_LOOP,0.0,5,0.9,3,6,CLOSED_LOOP,6,400,0,0,0,0,0,0,0,0.0,0.0,60.0,0.0,60.0
801,6,400.0,15,8,3,0.15,400,CLOSED_LOOP,0.0,2,0.9,3,6,CLOSED_LOOP,6,400,0,0,0,0,0,0,0,0.0,0.0,60.0,0.0,60.0
796,6,400.0,15,8,3,0.15,400,COLD_RESTART,0.5,0,0.9,3,6,COLD_RESTART,5,400,0,107,46,52,52,0,30,0.0,1.7692307692307692,50.0,0.0,50.0
800,6,400.0,15,8,3,0.15,400,CLOSED_LOOP,0.0,0,0.9,3,6,CLOSED_LOOP,6,400,0,0,0,0,0,0,0,0.0,0.0,60.0,0.0,60.0
803,6,400.0,15,8,3,0.15,400,CLOSED_LOOP,0.0,10,0.9,3,6,CLOSED_LOOP,6,400,0,0,0,0,0,0,0,0.0,0.0,60.0,0.0,60.0
806,6,400.0,15,8,3,0.15,400,CLOSED_LOOP,0.05,5,0.9,3,6,CLOSED_LOOP,8,388,10,2,0,2,2,0,0,0.0,1.0,80.0,0.0,80.0
799,6,400.0,15,8,3,0.15,400,COLD_RESTART,0.5,10,0.9,3,6,COLD_RESTART,0,14,377,5,287,90,90,2,0,0.0,1.0,0.0,0.0,0.0
807,6,400.0,15,8,3,0.15,400,CLOSED_LOOP,0.05,10,0.9,3,6,CLOSED_LOOP,11,388,10,1,0,1,1,1,0,0.0,1.0,110.0,0.0,110.0
808,6,400.0,15,8,3,0.15,400,CLOSED_LOOP,0.1,0,0.9,3,6,CLOSED_LOOP,13,400,0,6,1,5,5,0,0,0.0,7.2,130.0,0.0,130.0
805,6,400.0,15,8,3,0.15,400,CLOSED_LOOP,0.05,2,0.9,3,6,CLOSED_LOOP,9,393,4,2,0,3,3,1,0,0.0,4.0,90.0,0.0,90.0
812,6,400.0,15,8,3,0.15,400,CLOSED_LOOP,0.25,0,0.9,3,6,CLOSED_LOOP,6,400,0,5,0,5,5,0,0,0.0,2.2,60.0,0.0,60.0
811,6,400.0,15,8,3,0.15,400,CLOSED_LOOP,0.1,10,0.9,3,6,CLOSED_LOOP,10,254,135,9,12,18,17,2,0,0.05555555555555558,2.5294117647058822,100.0,0.0,100.0
804,6,400.0,15,8,3,0.15,400,CLOSED_LOOP,0.05,0,0.9,3,6,CLOSED_LOOP,14,400,0,3,0,3,3,0,0,0.0,1.0,140.0,0.0,140.0
814,6,400.0,15,8,3,0.15,400,CLOSED_LOOP,0.25,5,0.9,3,6,CLOSED_LOOP,5,285,106,9,34,26,26,0,0,0.0,1.5384615384615385,50.0,0.0,50.0
820,6,400.0,15,8,3,0.15,400,GOVERNED,0.0,0,0.9,3,6,GOVERNED,6,400,0,0,0,0,0,0,0,0.0,0.0,60.0,0.0,60.0
809,6,400.0,15,8,3,0.15,400,CLOSED_LOOP,0.1,2,0.9,3,6,CLOSED_LOOP,13,364,24,12,0,13,12,0,0,0.07692307692307687,2.75,130.0,0.0,130.0
822,6,400.0,15,8,3,0.15,400,GOVERNED,0.0,5,0.9,3,6,GOVERNED,6,400,0,0,0,0,0,0,0,0.0,0.0,60.0,0.0,60.0
818,6,400.0,15,8,3,0.15,400,CLOSED_LOOP,0.5,5,0.9,3,6,CLOSED_LOOP,0,165,212,4,104,66,65,10,0,0.015151515151515138,1.0,0.0,0.0,0.0
810,6,400.0,15,8,3,0.15,400,CLOSED_LOOP,0.1,5,0.9,3,6,CLOSED_LOOP,10,368,27,4,3,7,6,1,0,0.1428571428571429,1.6666666666666667,100.0,0.0,100.0
813,6,400.0,15,8,3,0.15,400,CLOSED_LOOP,0.25,2,0.9,3,6,CLOSED_LOOP,9,346,37,13,16,18,18,1,0,0.0,1.1111111111111112,90.0,0.0,90.0
815,6,400.0,15,8,3,0.15,400,CLOSED_LOOP,0.25,10,0.9,3,6,CLOSED_LOOP,3,112,271,11,61,49,48,4,0,0.020408163265306145,1.0625,30.0,0.0,30.0
817,6,400.0,15,8,3,0.15,400,CLOSED_LOOP,0.5,2,0.9,3,6,CLOSED_LOOP,3,257,114,23,81,49,49,3,0,0.0,1.1020408163265305,30.0,0.0,30.0
823,6,400.0,15,8,3,0.15,400,GOVERNED,0.0,10,0.9,3,6,GOVERNED,6,400,0,0,0,0,0,0,0,0.0,0.0,60.0,0.0,60.0
824,6,400.0,15,8,3,0.15,400,GOVERNED,0.05,0,0.9,3,6,GOVERNED,14,400,0,3,0,3,3,0,0,0.0,1.0,140.0,0.0,140.0
825,6,400.0,15,8,3,0.15,400,GOVERNED,0.05,2,0.9,3,6,GOVERNED,9,393,4,2,0,3,3,1,0,0.0,4.0,90.0,0.0,90.0
826,6,400.0,15,8,3,0.15,400,GOVERNED,0.05,5,0.9,3,6,GOVERNED,8,388,10,2,0,2,2,0,0,0.0,1.0,80.0,0.0,80.0
821,6,400.0,15,8,3,0.15,400,GOVERNED,0.0,2,0.9,3,6,GOVERNED,6,400,0,0,0,0,0,0,0,0.0,0.0,60.0,0.0,60.0
816,6,400.0,15,8,3,0.15,400,CLOSED_LOOP,0.5,0,0.9,3,6,CLOSED_LOOP,14,399,0,45,22,21,20,1,0,0.04761904761904767,3.25,140.0,0.0,140.0
819,6,400.0,15,8,3,0.15,400,CLOSED_LOOP,0.5,10,0.9,3,6,CLOSED_LOOP,0,14,377,5,287,90,90,2,0,0.0,1.0,0.0,0.0,0.0
830,6,400.0,15,8,3,0.15,400,GOVERNED,0.1,5,0.9,3,6,GOVERNED,10,368,27,4,3,7,6,1,0,0.1428571428571429,1.6666666666666667,100.0,0.0,100.0
829,6,400.0,15,8,3,0.15,400,GOVERNED,0.1,2,0.9,3,6,GOVERNED,13,364,24,12,0,13,12,0,0,0.07692307692307687,2.75,130.0,0.0,130.0
831,6,400.0,15,8,3,0.15,400,GOVERNED,0.1,10,0.9,3,6,GOVERNED,10,254,135,9,12,18,17,2,0,0.05555555555555558,2.5294117647058822,100.0,0.0,100.0
828,6,400.0,15,8,3,0.15,400,GOVERNED,0.1,0,0.9,3,6,GOVERNED,13,400,0,6,1,5,5,0,0,0.0,7.2,130.0,0.0,130.0
833,6,400.0,15,8,3,0.15,400,GOVERNED,0.25,2,0.9,3,6,GOVERNED,9,346,37,13,16,18,18,1,0,0.0,1.1111111111111112,90.0,0.0,90.0
832,6,400.0,15,8,3,0.15,400,GOVERNED,0.25,0,0.9,3,6,GOVERNED,6,400,0,5,0,5,5,0,0,0.0,2.2,60.0,0.0,60.0
841,7,400.0,15,8,3,0.15,400,REFLEX,0.0,2,0.9,3,7,REFLEX,4,403,0,0,0,0,0,0,0,0.0,0.0,40.0,0.0,40.0
827,6,400.0,15,8,3,0.15,400,GOVERNED,0.05,10,0.9,3,6,GOVERNED,11,388,10,1,0,1,1,1,0,0.0,1.0,110.0,0.0,110.0
840,7,400.0,15,8,3,0.15,400,REFLEX,0.0,0,0.9,3,7,REFLEX,4,403,0,0,0,0,0,0,0,0.0,0.0,40.0,0.0,40.0
842,7,400.0,15,8,3,0.15,400,REFLEX,0.0,5,0.9,3,7,REFLEX,4,403,0,0,0,0,0,0,0,0.0,0.0,40.0,0.0,40.0
843,7,400.0,15,8,3,0.15,400,REFLEX,0.0,10,0.9,3,7,REFLEX,4,403,0,0,0,0,0,0,0,0.0,0.0,40.0,0.0,40.0
845,7,400.0,15,8,3,0.15,400,REFLEX,0.05,2,0.9,3,7,REFLEX,6,404,0,0,0,0,0,0,0,0.0,0.0,60.0,0.0,60.0
846,7,400.0,15,8,3,0.15,400,REFLEX,0.05,5,0.9,3,7,REFLEX,6,404,0,0,0,0,0,0,0,0.0,0.0,60.0,0.0,60.0
834,6,400.0,15,8,3,0.15,400,GOVERNED,0.25,5,0.9,3,6,GOVERNED,5,285,106,9,34,26,26,0,0,0.0,1.5384615384615385,50.0,0.0,50.0
848,7,400.0,15,8,3,0.15,400,REFLEX,0.1,0,0.9,3,7,REFLEX,10,405,0,0,0,0,0,0,0,0.0,0.0,100.0,0.0,100.0
844,7,400.0,15,8,3,0.15,400,REFLEX,0.05,0,0.9,3,7,REFLEX,6,404,0,0,0,0,0,0,0,0.0,0.0,60.0,0.0,60.0
837,6,400.0,15,8,3,0.15,400,GOVERNED,0.5,2,0.9,3,6,GOVERNED,3,257,114,23,81,49,49,3,0,0.0,1.1020408163265305,30.0,0.0,30.0
847,7,400.0,15,8,3,0.15,400,REFLEX,0.05,10,0.9,3,7,REFLEX,6,404,0,0,0,0,0,0,0,0.0,0.0,60.0,0.0,60.0
849,7,400.0,15,8,3,0.15,400,REFLEX,0.1,2,0.9,3,7,REFLEX,10,405,0,0,0,0,0,0,0,0.0,0.0,100.0,0.0,100.0
839,6,400.0,15,8,3,0.15,400,GOVERNED,0.5,10,0.9,3,6,GOVERNED,0,14,377,5,287,90,90,2,0,0.0,1.0,0.0,0.0,0.0
838,6,400.0,15,8,3,0.15,400,GOVERNED,0.5,5,0.9,3,6,GOVERNED,0,165,212,4,104,66,65,10,0,0.015151515151515138,1.0,0.0,0.0,0.0
835,6,400.0,15,8,3,0.15,400,GOVERNED,0.25,10,0.9,3,6,GOVERNED,3,112,271,11,61,49,48,4,0,0.020408163265306145,1.0625,30.0,0.0,30.0
850,7,400.0,15,8,3,0.15,400,REFLEX,0.1,5,0.9,3,7,REFLEX,10,405,0,0,0,0,0,0,0,0.0,0.0,100.0,0.0,100.0
853,7,400.0,15,8,3,0.15,400,REFLEX,0.25,2,0.9,3,7,REFLEX,10,405,0,0,0,0,0,0,0,0.0,0.0,100.0,0.0,100.0
836,6,400.0,15,8,3,0.15,400,GOVERNED,0.5,0,0.9,3,6,GOVERNED,14,399,0,45,22,21,20,1,0,0.04761904761904767,3.25,140.0,0.0,140.0
851,7,400.0,15,8,3,0.15,400,REFLEX,0.1,10,0.9,3,7,REFLEX,10,405,0,0,0,0,0,0,0,0.0,0.0,100.0,0.0,100.0
855,7,400.0,15,8,3,0.15,400,REFLEX,0.25,10,0.9,3,7,REFLEX,10,405,0,0,0,0,0,0,0,0.0,0.0,100.0,0.0,100.0
857,7,400.0,15,8,3,0.15,400,REFLEX,0.5,2,0.9,3,7,REFLEX,6,301,0,0,0,0,0,0,0,0.0,0.0,60.0,0.0,60.0
861,7,400.0,15,8,3,0.15,400,MODEL_BASED,0.0,2,0.9,3,7,MODEL_BASED,2,402,0,0,0,0,0,0,0,0.0,0.0,20.0,0.0,20.0
856,7,400.0,15,8,3,0.15,400,REFLEX,0.5,0,0.9,3,7,REFLEX,6,301,0,0,0,0,0,0,0,0.0,0.0,60.0,0.0,60.0
854,7,400.0,15,8,3,0.15,400,REFLEX,0.25,5,0.9,3,7,REFLEX,10,405,0,0,0,0,0,0,0,0.0,0.0,100.0,0.0,100.0
862,7,400.0,15,8,3,0.15,400,MODEL_BASED,0.0,5,0.9,3,7,MODEL_BASED,2,402,0,0,0,0,0,0,0,0.0,0.0,20.0,0.0,20.0
859,7,400.0,15,8,3,0.15,400,REFLEX,0.5,10,0.9,3,7,REFLEX,6,301,0,0,0,0,0,0,0,0.0,0.0,60.0,0.0,60.0
860,7,400.0,15,8,3,0.15,400,MODEL_BASED,0.0,0,0.9,3,7,MODEL_BASED,2,402,0,0,0,0,0,0,0,0.0,0.0,20.0,0.0,20.0
858,7,400.0,15,8,3,0.15,400,REFLEX,0.5,5,0.9,3,7,REFLEX,6,301,0,0,0,0,0,0,0,0.0,0.0,60.0,0.0,60.0
864,7,400.0,15,8,3,0.15,400,MODEL_BASED,0.05,0,0.9,3,7,MODEL_BASED,5,403,0,0,0,0,0,0,0,0.0,0.0,50.0,0.0,50.0
863,7,400.0,15,8,3,0.15,400,MODEL_BASED,0.0,10,0.9,3,7,MODEL_BASED,2,402,0,0,0,0,0,0,0,0.0,0.0,20.0,0.0,20.0
865,7,400.0,15,8,3,0.15,400,MODEL_BASED,0.05,2,0.9,3,7,MODEL_BASED,5,403,0,0,0,0,0,0,0,0.0,0.0,50.0,0.0,50.0
852,7,400.0,15,8,3,0.15,400,REFLEX,0.25,0,0.9,3,7,REFLEX,10,405,0,0,0,0,0,0,0,0.0,0.0,100.0,0.0,100.0
869,7,400.0,15,8,3,0.15,400,MODEL_BASED,0.1,2,0.9,3,7,MODEL_BASED,6,362,0,0,0,0,0,0,0,0.0,0.0,60.0,0.0,60.0
871,7,400.0,15,8,3,0.15,400,MODEL_BASED,0.1,10,0.9,3,7,MODEL_BASED,6,362,0,0,0,0,0,0,0,0.0,0.0,60.0,0.0,60.0
866,7,400.0,15,8,3,0.15,400,MODEL_BASED,0.05,5,0.9,3,7,MODEL_BASED,5,403,0,0,0,0,0,0,0,0.0,0.0,50.0,0.0,50.0
868,7,400.0,15,8,3,0.15,400,MODEL_BASED,0.1,0,0.9,3,7,MODEL_BASED,6,362,0,0,0,0,0,0,0,0.0,0.0,60.0,0.0,60.0
872,7,400.0,15,8,3,0.15,400,MODEL_BASED,0.25,0,0.9,3,7,MODEL_BASED,12,405,0,0,0,0,0,0,0,0.0,0.0,120.0,0.0,120.0
875,7,400.0,15,8,3,0.15,400,MODEL_BASED,0.25,10,0.9,3,7,MODEL_BASED,12,405,0,0,0,0,0,0,0,0.0,0.0,120.0,0.0,120.0
873,7,400.0,15,8,3,0.15,400,MODEL_BASED,0.25,2,0.9,3,7,MODEL_BASED,12,405,0,0,0,0,0,0,0,0.0,0.0,120.0,0.0,120.0
876,7,400.0,15,8,3,0.15,400,MODEL_BASED,0.5,0,0.9,3,7,MODEL_BASED,14,398,0,0,0,0,0,0,0,0.0,0.0,140.0,0.0,140.0
880,7,400.0,15,8,3,0.15,400,OPEN_LOOP,0.0,0,0.9,3,7,OPEN_LOOP,6,400,0,0,0,0,0,0,0,0.0,0.0,60.0,0.0,60.0
878,7,400.0,15,8,3,0.15,400,MODEL_BASED,0.5,5,0.9,3,7,MODEL_BASED,14,398,0,0,0,0,0,0,0,0.0,0.0,140.0,0.0,140.0
867,7,400.0,15,8,3,0.15,400,MODEL_BASED,0.05,10,0.9,3,7,MODEL_BASED,5,403,0,0,0,0,0,0,0,0.0,0.0,50.0,0.0,50.0
879,7,400.0,15,8,3,0.15,400,MODEL_BASED,0.5,10,0.9,3,7,MODEL_BASED,14,398,0,0,0,0,0,0,0,0.0,0.0,140.0,0.0,140.0
882,7,400.0,15,8,3,0.15,400,OPEN_LOOP,0.0,5,0.9,3,7,OPEN_LOOP,6,400,0,0,0,0,0,0,0,0.0,0.0,60.0,0.0,60.0
883,7,400.0,15,8,3,0.15,400,OPEN_LOOP,0.0,10,0.9,3,7,OPEN_LOOP,6,400,0,0,0,0,0,0,0,0.0,0.0,60.0,0.0,60.0
877,7,400.0,15,8,3,0.15,400,MODEL_BASED,0.5,2,0.9,3,7,MODEL_BASED,14,398,0,0,0,0,0,0,0,0.0,0.0,140.0,0.0,140.0
870,7,400.0,15,8,3,0.15,400,MODEL_BASED,0.1,5,0.9,3,7,MODEL_BASED,6,362,0,0,0,0,0,0,0,0.0,0.0,60.0,0.0,60.0
874,7,400.0,15,8,3,0.15,400,MODEL_BASED,0.25,5,0.9,3,7,MODEL_BASED,12,405,0,0,0,0,0,0,0,0.0,0.0,120.0,0.0,120.0
881,7,400.0,15,8,3,0.15,400,OPEN_LOOP,0.0,2,0.9,3,7,OPEN_LOOP,6,400,0,0,0,0,0,0,0,0.0,0.0,60.0,0.0,60.0
885,7,400.0,15,8,3,0.15,400,OPEN_LOOP,0.05,2,0.9,3,7,OPEN_LOOP,11,396,0,0,0,5,5,4,0,0.0,3.4,110.0,0.0,110.0
887,7,400.0,15,8,3,0.15,400,OPEN_LOOP,0.05,10,0.9,3,7,OPEN_LOOP,11,396,0,0,0,5,5,4,0,0.0,3.4,110.0,0.0,110.0
889,7,400.0,15,8,3,0.15,400,OPEN_LOOP,0.1,2,0.9,3,7,OPEN_LOOP,8,396,0,0,0,4,4,4,0,0.0,2.5,80.0,0.0,80.0
890,7,400.0,15,8,3,0.15,400,OPEN_LOOP,0.1,5,0.9,3,7,OPEN_LOOP,8,396,0,0,0,4,4,4,0,0.0,2.5,80.0,0.0,80.0
891,7,400.0,15,8,3,0.15,400,OPEN_LOOP,0.1,10,0.9,3,7,OPEN_LOOP,8,396,0,0,0,4,4,4,0,0.0,2.5,80.0,0.0,80.0
888,7,400.0,15,8,3,0.15,400,OPEN_LOOP,0.1,0,0.9,3,7,OPEN_LOOP,8,396,0,0,0,4,4,4,0,0.0,2.5,80.0,0.0,80.0
886,7,400.0,15,8,3,0.15,400,OPEN_LOOP,0.05,5,0.9,3,7,OPEN_LOOP,11,396,0,0,0,5,5,4,0,0.0,3.4,110.0,0.0,110.0
897,7,400.0,15,8,3,0.15,400,OPEN_LOOP,0.5,2,0.9,3,7,OPEN_LOOP,6,389,0,0,0,14,13,11,0,0.0714285714285714,1.0,60.0,0.0,60.0
900,7,400.0,15,8,3,0.15,400,COLD_RESTART,0.0,0,0.9,3,7,COLD_RESTART,6,400,0,0,0,0,0,0,0,0.0,0.0,60.0,0.0,60.0
899,7,400.0,15,8,3,0.15,400,OPEN_LOOP,0.5,10,0.9,3,7,OPEN_LOOP,6,389,0,0,0,14,13,11,0,0.0714285714285714,1.0,60.0,0.0,60.0
894,7,400.0,15,8,3,0.15,400,OPEN_LOOP,0.25,5,0.9,3,7,OPEN_LOOP,16,377,0,0,0,27,27,23,0,0.0,1.962962962962963,160.0,0.0,160.0
896,7,400.0,15,8,3,0.15,400,OPEN_LOOP,0.5,0,0.9,3,7,OPEN_LOOP,6,389,0,0,0,14,13,11,0,0.0714285714285714,1.0,60.0,0.0,60.0
901,7,400.0,15,8,3,0.15,400,COLD_RESTART,0.0,2,0.9,3,7,COLD_RESTART,6,400,0,0,0,0,0,0,0,0.0,0.0,60.0,0.0,60.0
895,7,400.0,15,8,3,0.15,400,OPEN_LOOP,0.25,10,0.9,3,7,OPEN_LOOP,16,377,0,0,0,27,27,23,0,0.0,1.962962962962963,160.0,0.0,160.0
902,7,400.0,15,8,3,0.15,400,COLD_RESTART,0.0,5,0.9,3,7,COLD_RESTART,6,400,0,0,0,0,0,0,0,0.0,0.0,60.0,0.0,60.0
884,7,400.0,15,8,3,0.15,400,OPEN_LOOP,0.05,0,0.9,3,7,OPEN_LOOP,11,396,0,0,0,5,5,4,0,0.0,3.4,110.0,0.0,110.0
903,7,400.0,15,8,3,0.15,400,COLD_RESTART,0.0,10,0.9,3,7,COLD_RESTART,6,400,0,0,0,0,0,0,0,0.0,0.0,60.0,0.0,60.0
893,7,400.0,15,8,3,0.15,400,OPEN_LOOP,0.25,2,0.9,3,7,OPEN_LOOP,16,377,0,0,0,27,27,23,0,0.0,1.962962962962963,160.0,0.0,160.0
905,7,400.0,15,8,3,0.15,400,COLD_RESTART,0.05,2,0.9,3,7,COLD_RESTART,6,396,2,1,0,2,2,1,0,0.0,6.0,60.0,0.0,60.0
904,7,400.0,15,8,3,0.15,400,COLD_RESTART,0.05,0,0.9,3,7,COLD_RESTART,8,400,0,1,0,1,1,0,0,0.0,1.0,80.0,0.0,80.0
907,7,400.0,15,8,3,0.15,400,COLD_RESTART,0.05,10,0.9,3,7,COLD_RESTART,9,288,100,10,2,12,12,2,3,0.0,3.75,90.0,0.0,90.0
898,7,400.0,15,8,3,0.15,400,OPEN_LOOP,0.5,5,0.9,3,7,OPEN_LOOP,6,389,0,0,0,14,13,11,0,0.0714285714285714,1.0,60.0,0.0,60.0
910,7,400.0,15,8,3,0.15,400,COLD_RESTART,0.1,5,0.9,3,7,COLD_RESTART,8,358,33,5,4,11,11,2,0,0.0,3.1818181818181817,80.0,0.0,80.0
911,7,400.0,15,8,3,0.15,400,COLD_RESTART,0.1,10,0.9,3,7,COLD_RESTART,7,329,64,1,9,13,12,4,0,0.07692307692307687,1.5,70.0,0.0,70.0
892,7,400.0,15,8,3,0.15,400,OPEN_LOOP,0.25,0,0.9,3,7,OPEN_LOOP,16,377,0,0,0,27,27,23,0,0.0,1.962962962962963,160.0,0.0,160.0
909,7,400.0,15,8,3,0.15,400,COLD_RESTART,0.1,2,0.9,3,7,COLD_RESTART,14,374,16,7,3,8,8,3,0,0.0,2.875,140.0,0.0,140.0
906,7,400.0,15,8,3,0.15,400,COLD_RESTART,0.05,5,0.9,3,7,COLD_RESTART,11,394,5,1,0,2,2,0,0,0.0,3.5,110.0,0.0,110.0
912,7,400.0,15,8,3,0.15,400,COLD_RESTART,0.25,0,0.9,3,7,COLD_RESTART,6,399,0,6,1,6,6,1,0,0.0,1.1666666666666667,60.0,0.0,60.0
915,7,400.0,15,8,3,0.15,400,COLD_RESTART,0.25,10,0.9,3,7,COLD_RESTART,8,227,161,6,42,39,38,4,0,0.02564102564102566,1.0789473684210527,80.0,0.0,80.0
914,7,400.0,15,8,3,0.15,400,COLD_RESTART,0.25,5,0.9,3,7,COLD_RESTART,9,204,175,14,61,45,45,6,3,0.0,1.0888888888888888,90.0,0.0,90.0
921,7,400.0,15,8,3,0.15,400,CLOSED_LOOP,0.0,2,0.9,3,7,CLOSED_LOOP,6,400,0,0,0,0,0,0,0,0.0,0.0,60.0,0.0,60.0
922,7,400.0,15,8,3,0.15,400,CLOSED_LOOP,0.0,5,0.9,3,7,CLOSED_LOOP,6,400,0,0,0,0,0,0,0,0.0,0.0,60.0,0.0,60.0
908,7,400.0,15,8,3,0.15,400,COLD_RESTART,0.1,0,0.9,3,7,COLD_RESTART,8,399,0,6,1,6,6,1,1,0.0,2.3333333333333335,80.0,0.0,80.0
913,7,400.0,15,8,3,0.15,400,COLD_RESTART,0.25,2,0.9,3,7,COLD_RESTART,7,328,53,18,32,26,26,1,1,0.0,1.1153846153846154,70.0,0.0,70.0
918,7,400.0,15,8,3,0.15,400,COLD_RESTART,0.5,5,0.9,3,7,COLD_RESTART,1,113,268,7,180,85,84,6,0,0.0117647058823529,1.0357142857142858,10.0,0.0,10.0
920,7,400.0,15,8,3,0.15,400,CLOSED_LOOP,0.0,0,0.9,3,7,CLOSED_LOOP,6,400,0,0,0,0,0,0,0,0.0,0.0,60.0,0.0,60.0
925,7,400.0,15,8,3,0.15,400,CLOSED_LOOP,0.05,2,0.9,3,7,CLOSED_LOOP,6,396,2,1,0,2,2,1,0,0.0,6.0,60.0,0.0,60.0
926,7,400.0,15,8,3,0.15,400,CLOSED_LOOP,0.05,5,0.9,3,7,CLOSED_LOOP,11,394,5,1,0,2,2,0,0,0.0,3.5,110.0,0.0,110.0
927,7,400.0,15,8,3,0.15,400,CLOSED_LOOP,0.05,10,0.9,3,7,CLOSED_LOOP,9,354,40,4,0,7,7,2,0,0.0,3.4285714285714284,90.0,0.0,90.0
923,7,400.0,15,8,3,0.15,400,CLOSED_LOOP,0.0,10,0.9,3,7,CLOSED_LOOP,6,400,0,0,0,0,0,0,0,0.0,0.0,60.0,0.0,60.0
929,7,400.0,15,8,3,0.15,400,CLOSED_LOOP,0.1,2,0.9,3,7,CLOSED_LOOP,14,374,16,7,3,8,8,3,0,0.0,2.875,140.0,0.0,140.0
916,7,400.0,15,8,3,0.15,400,COLD_RESTART,0.5,0,0.9,3,7,COLD_RESTART,11,397,0,55,28,32,30,3,11,0.0625,1.6666666666666667,110.0,0.0,110.0
930,7,400.0,15,8,3,0.15,400,CLOSED_LOOP,0.1,5,0.9,3,7,CLOSED_LOOP,8,358,33,5,4,11,11,2,0,0.0,3.1818181818181817,80.0,0.0,80.0
931,7,400.0,15,8,3,0.15,400,CLOSED_LOOP,0.1,10,0.9,3,7,CLOSED_LOOP,7,329,64,1,9,13,12,4,0,0.07692307692307687,1.5,70.0,0.0,70.0
932,7,400.0,15,8,3,0.15,400,CLOSED_LOOP,0.25,0,0.9,3,7,CLOSED_LOOP,6,399,0,6,1,6,6,1,0,0.0,1.1666666666666667,60.0,0.0,60.0
917,7,400.0,15,8,3,0.15,400,COLD_RESTART,0.5,2,0.9,3,7,COLD_RESTART,5,234,132,23,107,56,56,7,0,0.0,1.125,50.0,0.0,50.0
934,7,400.0,15,8,3,0.15,400,CLOSED_LOOP,0.25,5,0.9,3,7,CLOSED_LOOP,9,241,143,11,40,37,37,5,0,0.0,1.3243243243243243,90.0,0.0,90.0
928,7,400.0,15,8,3,0.15,400,CLOSED_LOOP,0.1,0,0.9,3,7,CLOSED_LOOP,7,400,0,5,1,4,4,0,0,0.0,1.0,70.0,0.0,70.0
940,7,400.0,15,8,3,0.15,400,GOVERNED,0.0,0,0.9,3,7,GOVERNED,6,400,0,0,0,0,0,0,0,0.0,0.0,60.0,0.0,60.0
941,7,400.0,15,8,3,0.15,400,GOVERNED,0.0,2,0.9,3,7,GOVERNED,6,400,0,0,0,0,0,0,0,0.0,0.0,60.0,0.0,60.0
935,7,400.0,15,8,3,0.15,400,CLOSED_LOOP,0.25,10,0.9,3,7,CLOSED_LOOP,8,227,161,6,42,39,38,4,0,0.02564102564102566,1.0789473684210527,80.0,0.0,80.0
919,7,400.0,15,8,3,0.15,400,COLD_RESTART,0.5,10,0.9,3,7,COLD_RESTART,0,66,315,4,181,82,81,9,0,0.012195121951219523,1.037037037037037,0.0,0.0,0.0
924,7,400.0,15,8,3,0.15,400,CLOSED_LOOP,0.05,0,0.9,3,7,CLOSED_LOOP,8,400,0,1,0,1,1,0,0,0.0,1.0,80.0,0.0,80.0
942,7,400.0,15,8,3,0.15,400,GOVERNED,0.0,5,0.9,3,7,GOVERNED,6,400,0,0,0,0,0,0,0,0.0,0.0,60.0,0.0,60.0
943,7,400.0,15,8,3,0.15,400,GOVERNED,0.0,10,0.9,3,7,GOVERNED,6,400,0,0,0,0,0,0,0,0.0,0.0,60.0,0.0,60.0
944,7,400.0,15,8,3,0.15,400,GOVERNED,0.05,0,0.9,3,7,GOVERNED,8,400,0,1,0,1,1,0,0,0.0,1.0,80.0,0.0,80.0
939,7,400.0,15,8,3,0.15,400,CLOSED_LOOP,0.5,10,0.9,3,7,CLOSED_LOOP,0,66,315,4,181,82,81,9,0,0.012195121951219523,1.037037037037037,0.0,0.0,0.0
948,7,400.0,15,8,3,0.15,400,GOVERNED,0.1,0,0.9,3,7,GOVERNED,7,400,0,5,1,4,4,0,0,0.0,1.0,70.0,0.0,70.0
933,7,400.0,15,8,3,0.15,400,CLOSED_LOOP,0.25,2,0.9,3,7,CLOSED_LOOP,9,322,56,20,25,31,31,2,0,0.0,1.2580645161290323,90.0,0.0,90.0
947,7,400.0,15,8,3,0.15,400,GOVERNED,0.05,10,0.9,3,7,GOVERNED,9,354,40,4,0,7,7,2,0,0.0,3.4285714285714284,90.0,0.0,90.0
937,7,400.0,15,8,3,0.15,400,CLOSED_LOOP,0.5,2,0.9,3,7,CLOSED_LOOP,5,234,132,23,107,56,56,7,0,0.0,1.125,50.0,0.0,50.0
951,7,400.0,15,8,3,0.15,400,GOVERNED,0.1,10,0.9,3,7,GOVERNED,7,329,64,1,9,13,12,4,0,0.07692307692307687,1.5,70.0,0.0,70.0
938,7,400.0,15,8,3,0.15,400,CLOSED_LOOP,0.5,5,0.9,3,7,CLOSED_LOOP,1,113,268,7,180,85,84,6,0,0.0117647058823529,1.0357142857142858,10.0,0.0,10.0
945,7,400.0,15,8,3,0.15,400,GOVERNED,0.05,2,0.9,3,7,GOVERNED,6,396,2,1,0,2,2,1,0,0.0,6.0,60.0,0.0,60.0
950,7,400.0,15,8,3,0.15,400,GOVERNED,0.1,5,0.9,3,7,GOVERNED,8,358,33,5,4,11,11,2,0,0.0,3.1818181818181817,80.0,0.0,80.0
946,7,400.0,15,8,3,0.15,400,GOVERNED,0.05,5,0.9,3,7,GOVERNED,11,394,5,1,0,2,2,0,0,0.0,3.5,110.0,0.0,110.0
936,7,400.0,15,8,3,0.15,400,CLOSED_LOOP,0.5,0,0.9,3,7,CLOSED_LOOP,13,399,0,34,18,17,17,1,0,0.0,1.6470588235294117,130.0,0.0,130.0
953,7,400.0,15,8,3,0.15,400,GOVERNED,0.25,2,0.9,3,7,GOVERNED,9,322,56,20,25,31,31,2,0,0.0,1.2580645161290323,90.0,0.0,90.0
955,7,400.0,15,8,3,0.15,400,GOVERNED,0.25,10,0.9,3,7,GOVERNED,8,227,161,6,42,39,38,4,0,0.02564102564102566,1.0789473684210527,80.0,0.0,80.0
954,7,400.0,15,8,3,0.15,400,GOVERNED,0.25,5,0.9,3,7,GOVERNED,9,241,143,11,40,37,37,5,0,0.0,1.3243243243243243,90.0,0.0,90.0
952,7,400.0,15,8,3,0.15,400,GOVERNED,0.25,0,0.9,3,7,GOVERNED,6,399,0,6,1,6,6,1,0,0.0,1.1666666666666667,60.0,0.0,60.0
961,8,400.0,15,8,3,0.15,400,REFLEX,0.0,2,0.9,3,8,REFLEX,3,402,0,0,0,0,0,0,0,0.0,0.0,30.0,0.0,30.0
960,8,400.0,15,8,3,0.15,400,REFLEX,0.0,0,0.9,3,8,REFLEX,3,402,0,0,0,0,0,0,0,0.0,0.0,30.0,0.0,30.0
963,8,400.0,15,8,3,0.15,400,REFLEX,0.0,10,0.9,3,8,REFLEX,3,402,0,0,0,0,0,0,0,0.0,0.0,30.0,0.0,30.0
962,8,400.0,15,8,3,0.15,400,REFLEX,0.0,5,0.9,3,8,REFLEX,3,402,0,0,0,0,0,0,0,0.0,0.0,30.0,0.0,30.0
958,7,400.0,15,8,3,0.15,400,GOVERNED,0.5,5,0.9,3,7,GOVERNED,1,113,268,7,180,85,84,6,0,0.0117647058823529,1.0357142857142858,10.0,0.0,10.0
956,7,400.0,15,8,3,0.15,400,GOVERNED,0.5,0,0.9,3,7,GOVERNED,13,399,0,34,18,17,17,1,0,0.0,1.6470588235294117,130.0,0.0,130.0
966,8,400.0,15,8,3,0.15,400,REFLEX,0.05,5,0.9,3,8,REFLEX,5,405,0,0,0,0,0,0,0,0.0,0.0,50.0,0.0,50.0
964,8,400.0,15,8,3,0.15,400,REFLEX,0.05,0,0.9,3,8,REFLEX,5,405,0,0,0,0,0,0,0,0.0,0.0,50.0,0.0,50.0
949,7,400.0,15,8,3,0.15,400,GOVERNED,0.1,2,0.9,3,7,GOVERNED,14,374,16,7,3,8,8,3,0,0.0,2.875,140.0,0.0,140.0
969,8,400.0,15,8,3,0.15,400,REFLEX,0.1,2,0.9,3,8,REFLEX,2,402,0,0,0,0,0,0,0,0.0,0.0,20.0,0.0,20.0
959,7,400.0,15,8,3,0.15,400,GOVERNED,0.5,10,0.9,3,7,GOVERNED,0,66,315,4,181,82,81,9,0,0.012195121951219523,1.037037037037037,0.0,0.0,0.0
970,8,400.0,15,8,3,0.15,400,REFLEX,0.1,5,0.9,3,8,REFLEX,2,402,0,0,0,0,0,0,0,0.0,0.0,20.0,0.0,20.0
971,8,400.0,15,8,3,0.15,400,REFLEX,0.1,10,0.9,3,8,REFLEX,2,402,0,0,0,0,0,0,0,0.0,0.0,20.0,0.0,20.0
968,8,400.0,15,8,3,0.15,400,REFLEX,0.1,0,0.9,3,8,REFLEX,2,402,0,0,0,0,0,0,0,0.0,0.0,20.0,0.0,20.0
965,8,400.0,15,8,3,0.15,400,REFLEX,0.05,2,0.9,3,8,REFLEX,5,405,0,0,0,0,0,0,0,0.0,0.0,50.0,0.0,50.0
967,8,400.0,15,8,3,0.15,400,REFLEX,0.05,10,0.9,3,8,REFLEX,5,405,0,0,0,0,0,0,0,0.0,0.0,50.0,0.0,50.0
973,8,400.0,15,8,3,0.15,400,REFLEX,0.25,2,0.9,3,8,REFLEX,6,404,0,0,0,0,0,0,0,0.0,0.0,60.0,0.0,60.0
957,7,400.0,15,8,3,0.15,400,GOVERNED,0.5,2,0.9,3,7,GOVERNED,5,234,132,23,107,56,56,7,0,0.0,1.125,50.0,0.0,50.0
975,8,400.0,15,8,3,0.15,400,REFLEX,0.25,10,0.9,3,8,REFLEX,6,404,0,0,0,0,0,0,0,0.0,0.0,60.0,0.0,60.0
976,8,400.0,15,8,3,0.15,400,REFLEX,0.5,0,0.9,3,8,REFLEX,7,403,0,0,0,0,0,0,0,0.0,0.0,70.0,0.0,70.0
972,8,400.0,15,8,3,0.15,400,REFLEX,0.25,0,0.9,3,8,REFLEX,6,404,0,0,0,0,0,0,0,0.0,0.0,60.0,0.0,60.0
977,8,400.0,15,8,3,0.15,400,REFLEX,0.5,2,0.9,3,8,REFLEX,7,403,0,0,0,0,0,0,0,0.0,0.0,70.0,0.0,70.0
981,8,400.0,15,8,3,0.15,400,MODEL_BASED,0.0,2,0.9,3,8,MODEL_BASED,4,403,0,0,0,0,0,0,0,0.0,0.0,40.0,0.0,40.0
979,8,400.0,15,8,3,0.15,400,REFLEX,0.5,10,0.9,3,8,REFLEX,7,403,0,0,0,0,0,0,0,0.0,0.0,70.0,0.0,70.0
974,8,400.0,15,8,3,0.15,400,REFLEX,0.25,5,0.9,3,8,REFLEX,6,404,0,0,0,0,0,0,0,0.0,0.0,60.0,0.0,60.0
983,8,400.0,15,8,3,0.15,400,MODEL_BASED,0.0,10,0.9,3,8,MODEL_BASED,4,403,0,0,0,0,0,0,0,0.0,0.0,40.0,0.0,40.0
982,8,400.0,15,8,3,0.15,400,MODEL_BASED,0.0,5,0.9,3,8,MODEL_BASED,4,403,0,0,0,0,0,0,0,0.0,0.0,40.0,0.0,40.0
986,8,400.0,15,8,3,0.15,400,MODEL_BASED,0.05,5,0.9,3,8,MODEL_BASED,3,403,0,0,0,0,0,0,0,0.0,0.0,30.0,0.0,30.0
980,8,400.0,15,8,3,0.15,400,MODEL_BASED,0.0,0,0.9,3,8,MODEL_BASED,4,403,0,0,0,0,0,0,0,0.0,0.0,40.0,0.0,40.0
985,8,400.0,15,8,3,0.15,400,MODEL_BASED,0.05,2,0.9,3,8,MODEL_BASED,3,403,0,0,0,0,0,0,0,0.0,0.0,30.0,0.0,30.0
978,8,400.0,15,8,3,0.15,400,REFLEX,0.5,5,0.9,3,8,REFLEX,7,403,0,0,0,0,0,0,0,0.0,0.0,70.0,0.0,70.0
987,8,400.0,15,8,3,0.15,400,MODEL_BASED,0.05,10,0.9,3,8,MODEL_BASED,3,403,0,0,0,0,0,0,0,0.0,0.0,30.0,0.0,30.0
984,8,400.0,15,8,3,0.15,400,MODEL_BASED,0.05,0,0.9,3,8,MODEL_BASED,3,403,0,0,0,0,0,0,0,0.0,0.0,30.0,0.0,30.0
989,8,400.0,15,8,3,0.15,400,MODEL_BASED,0.1,2,0.9,3,8,MODEL_BASED,2,402,0,0,0,0,0,0,0,0.0,0.0,20.0,0.0,20.0
992,8,400.0,15,8,3,0.15,400,MODEL_BASED,0.25,0,0.9,3,8,MODEL_BASED,6,404,0,0,0,0,0,0,0,0.0,0.0,60.0,0.0,60.0
995,8,400.0,15,8,3,0.15,400,MODEL_BASED,0.25,10,0.9,3,8,MODEL_BASED,6,404,0,0,0,0,0,0,0,0.0,0.0,60.0,0.0,60.0
988,8,400.0,15,8,3,0.15,400,MODEL_BASED,0.1,0,0.9,3,8,MODEL_BASED,2,402,0,0,0,0,0,0,0,0.0,0.0,20.0,0.0,20.0
994,8,400.0,15,8,3,0.15,400,MODEL_BASED,0.25,5,0.9,3,8,MODEL_BASED,6,404,0,0,0,0,0,0,0,0.0,0.0,60.0,0.0,60.0
997,8,400.0,15,8,3,0.15,400,MODEL_BASED,0.5,2,0.9,3,8,MODEL_BASED,4,350,0,0,0,0,0,0,0,0.0,0.0,40.0,0.0,40.0
996,8,400.0,15,8,3,0.15,400,MODEL_BASED,0.5,0,0.9,3,8,MODEL_BASED,4,350,0,0,0,0,0,0,0,0.0,0.0,40.0,0.0,40.0
998,8,400.0,15,8,3,0.15,400,MODEL_BASED,0.5,5,0.9,3,8,MODEL_BASED,4,350,0,0,0,0,0,0,0,0.0,0.0,40.0,0.0,40.0
993,8,400.0,15,8,3,0.15,400,MODEL_BASED,0.25,2,0.9,3,8,MODEL_BASED,6,404,0,0,0,0,0,0,0,0.0,0.0,60.0,0.0,60.0
999,8,400.0,15,8,3,0.15,400,MODEL_BASED,0.5,10,0.9,3,8,MODEL_BASED,4,350,0,0,0,0,0,0,0,0.0,0.0,40.0,0.0,40.0
991,8,400.0,15,8,3,0.15,400,MODEL_BASED,0.1,10,0.9,3,8,MODEL_BASED,2,402,0,0,0,0,0,0,0,0.0,0.0,20.0,0.0,20.0
1000,8,400.0,15,8,3,0.15,400,OPEN_LOOP,0.0,0,0.9,3,8,OPEN_LOOP,8,400,0,0,0,0,0,0,0,0.0,0.0,80.0,0.0,80.0
990,8,400.0,15,8,3,0.15,400,MODEL_BASED,0.1,5,0.9,3,8,MODEL_BASED,2,402,0,0,0,0,0,0,0,0.0,0.0,20.0,0.0,20.0
1003,8,400.0,15,8,3,0.15,400,OPEN_LOOP,0.0,10,0.9,3,8,OPEN_LOOP,8,400,0,0,0,0,0,0,0,0.0,0.0,80.0,0.0,80.0
1002,8,400.0,15,8,3,0.15,400,OPEN_LOOP,0.0,5,0.9,3,8,OPEN_LOOP,8,400,0,0,0,0,0,0,0,0.0,0.0,80.0,0.0,80.0
1001,8,400.0,15,8,3,0.15,400,OPEN_LOOP,0.0,2,0.9,3,8,OPEN_LOOP,8,400,0,0,0,0,0,0,0,0.0,0.0,80.0,0.0,80.0
1006,8,400.0,15,8,3,0.15,400,OPEN_LOOP,0.05,5,0.9,3,8,OPEN_LOOP,12,393,0,0,0,7,7,7,0,0.0,4.857142857142857,120.0,0.0,120.0
1009,8,400.0,15,8,3,0.15,400,OPEN_LOOP,0.1,2,0.9,3,8,OPEN_LOOP,5,398,0,0,0,2,2,2,0,0.0,1.0,50.0,0.0,50.0
1004,8,400.0,15,8,3,0.15,400,OPEN_LOOP,0.05,0,0.9,3,8,OPEN_LOOP,12,393,0,0,0,7,7,7,0,0.0,4.857142857142857,120.0,0.0,120.0
1005,8,400.0,15,8,3,0.15,400,OPEN_LOOP,0.05,2,0.9,3,8,OPEN_LOOP,12,393,0,0,0,7,7,7,0,0.0,4.857142857142857,120.0,0.0,120.0
1010,8,400.0,15,8,3,0.15,400,OPEN_LOOP,0.1,5,0.9,3,8,OPEN_LOOP,5,398,0,0,0,2,2,2,0,0.0,1.0,50.0,0.0,50.0
1008,8,400.0,15,8,3,0.15,400,OPEN_LOOP,0.1,0,0.9,3,8,OPEN_LOOP,5,398,0,0,0,2,2,2,0,0.0,1.0,50.0,0.0,50.0
1007,8,400.0,15,8,3,0.15,400,OPEN_LOOP,0.05,10,0.9,3,8,OPEN_LOOP,12,393,0,0,0,7,7,7,0,0.0,4.857142857142857,120.0,0.0,120.0
1012,8,400.0,15,8,3,0.15,400,OPEN_LOOP,0.25,0,0.9,3,8,OPEN_LOOP,13,384,0,0,0,19,18,16,0,0.052631578947368474,3.0555555555555554,130.0,0.0,130.0
1013,8,400.0,15,8,3,0.15,400,OPEN_LOOP,0.25,2,0.9,3,8,OPEN_LOOP,13,384,0,0,0,19,18,16,0,0.052631578947368474,3.0555555555555554,130.0,0.0,130.0
1014,8,400.0,15,8,3,0.15,400,OPEN_LOOP,0.25,5,0.9,3,8,OPEN_LOOP,13,384,0,0,0,19,18,16,0,0.052631578947368474,3.0555555555555554,130.0,0.0,130.0
1015,8,400.0,15,8,3,0.15,400,OPEN_LOOP,0.25,10,0.9,3,8,OPEN_LOOP,13,384,0,0,0,19,18,16,0,0.052631578947368474,3.0555555555555554,130.0,0.0,130.0
1017,8,400.0,15,8,3,0.15,400,OPEN_LOOP,0.5,2,0.9,3,8,OPEN_LOOP,9,375,0,0,0,30,29,25,0,0.033333333333333326,1.0,90.0,0.0,90.0
1018,8,400.0,15,8,3,0.15,400,OPEN_LOOP,0.5,5,0.9,3,8,OPEN_LOOP,9,375,0,0,0,30,29,25,0,0.033333333333333326,1.0,90.0,0.0,90.0
1011,8,400.0,15,8,3,0.15,400,OPEN_LOOP,0.1,10,0.9,3,8,OPEN_LOOP,5,398,0,0,0,2,2,2,0,0.0,1.0,50.0,0.0,50.0
1019,8,400.0,15,8,3,0.15,400,OPEN_LOOP,0.5,10,0.9,3,8,OPEN_LOOP,9,375,0,0,0,30,29,25,0,0.033333333333333326,1.0,90.0,0.0,90.0
1023,8,400.0,15,8,3,0.15,400,COLD_RESTART,0.0,10,0.9,3,8,COLD_RESTART,8,400,0,0,0,0,0,0,0,0.0,0.0,80.0,0.0,80.0
1021,8,400.0,15,8,3,0.15,400,COLD_RESTART,0.0,2,0.9,3,8,COLD_RESTART,8,400,0,0,0,0,0,0,0,0.0,0.0,80.0,0.0,80.0
1025,8,400.0,15,8,3,0.15,400,COLD_RESTART,0.05,2,0.9,3,8,COLD_RESTART,7,376,16,8,1,10,8,0,7,0.19999999999999996,4.375,70.0,0.0,70.0
1016,8,400.0,15,8,3,0.15,400,OPEN_LOOP,0.5,0,0.9,3,8,OPEN_LOOP,9,375,0,0,0,30,29,25,0,0.033333333333333326,1.0,90.0,0.0,90.0
1022,8,400.0,15,8,3,0.15,400,COLD_RESTART,0.0,5,0.9,3,8,COLD_RESTART,8,400,0,0,0,0,0,0,0,0.0,0.0,80.0,0.0,80.0
1027,8,400.0,15,8,3,0.15,400,COLD_RESTART,0.05,10,0.9,3,8,COLD_RESTART,8,340,54,4,8,9,8,2,3,0.11111111111111116,3.25,80.0,0.0,80.0
1028,8,400.0,15,8,3,0.15,400,COLD_RESTART,0.1,0,0.9,3,8,COLD_RESTART,7,400,0,5,1,7,3,0,1,0.5714285714285714,4.333333333333333,70.0,0.0,70.0
1031,8,400.0,15,8,3,0.15,400,COLD_RESTART,0.1,10,0.9,3,8,COLD_RESTART,3,375,22,1,3,4,4,1,0,0.0,1.0,30.0,0.0,30.0
1030,8,400.0,15,8,3,0.15,400,COLD_RESTART,0.1,5,0.9,3,8,COLD_RESTART,3,379,16,2,3,5,5,2,0,0.0,1.0,30.0,0.0,30.0
1020,8,400.0,15,8,3,0.15,400,COLD_RESTART,0.0,0,0.9,3,8,COLD_RESTART,8,400,0,0,0,0,0,0,0,0.0,0.0,80.0,0.0,80.0
1029,8,400.0,15,8,3,0.15,400,COLD_RESTART,0.1,2,0.9,3,8,COLD_RESTART,3,366,22,10,1,13,13,2,4,0.0,2.5384615384615383,30.0,0.0,30.0
1026,8,400.0,15,8,3,0.15,400,COLD_RESTART,0.05,5,0.9,3,8,COLD_RESTART,8,359,34,6,1,7,7,1,2,0.0,6.285714285714286,80.0,0.0,80.0
1024,8,400.0,15,8,3,0.15,400,COLD_RESTART,0.05,0,0.9,3,8,COLD_RESTART,9,400,0,7,1,7,5,0,4,0.2857142857142857,9.2,90.0,0.0,90.0
1034,8,400.0,15,8,3,0.15,400,COLD_RESTART,0.25,5,0.9,3,8,COLD_RESTART,3,382,15,1,4,5,5,1,0,0.0,1.0,30.0,0.0,30.0
1032,8,400.0,15,8,3,0.15,400,COLD_RESTART,0.25,0,0.9,3,8,COLD_RESTART,3,400,0,12,2,10,9,0,2,0.09999999999999998,1.3333333333333333,30.0,0.0,30.0
1040,8,400.0,15,8,3,0.15,400,CLOSED_LOOP,0.0,0,0.9,3,8,CLOSED_LOOP,8,400,0,0,0,0,0,0,0,0.0,0.0,80.0,0.0,80.0
1036,8,400.0,15,8,3,0.15,400,COLD_RESTART,0.5,0,0.9,3,8,COLD_RESTART,5,398,0,35,20,17,17,2,8,0.0,2.8823529411764706,50.0,0.0,50.0
1033,8,400.0,15,8,3,0.15,400,COLD_RESTART,0.25,2,0.9,3,8,COLD_RESTART,3,371,20,4,15,11,11,3,0,0.0,1.6363636363636365,30.0,0.0,30.0
1041,8,400.0,15,8,3,0.15,400,CLOSED_LOOP,0.0,2,0.9,3,8,CLOSED_LOOP,8,400,0,0,0,0,0,0,0,0.0,0.0,80.0,0.0,80.0
1043,8,400.0,15,8,3,0.15,400,CLOSED_LOOP,0.0,10,0.9,3,8,CLOSED_LOOP,8,400,0,0,0,0,0,0,0,0.0,0.0,80.0,0.0,80.0
1044,8,400.0,15,8,3,0.15,400,CLOSED_LOOP,0.05,0,0.9,3,8,CLOSED_LOOP,9,399,0,6,0,6,5,1,0,0.16666666666666663,4.6,90.0,0.0,90.0
1042,8,400.0,15,8,3,0.15,400,CLOSED_LOOP,0.0,5,0.9,3,8,CLOSED_LOOP,8,400,0,0,0,0,0,0,0,0.0,0.0,80.0,0.0,80.0
1038,8,400.0,15,8,3,0.15,400,COLD_RESTART,0.5,5,0.9,3,8,COLD_RESTART,0,132,239,12,139,68,68,9,2,0.0,1.0735294117647058,0.0,0.0,0.0
1039,8,400.0,15,8,3,0.15,400,COLD_RESTART,0.5,10,0.9,3,8,COLD_RESTART,0,127,251,4,135,65,65,10,1,0.0,1.0769230769230769,0.0,0.0,0.0
1037,8,400.0,15,8,3,0.15,400,COLD_RESTART,0.5,2,0.9,3,8,COLD_RESTART,4,188,170,36,151,64,60,3,1,0.0625,1.2,40.0,0.0,40.0
1035,8,400.0,15,8,3,0.15,400,COLD_RESTART,0.25,10,0.9,3,8,COLD_RESTART,2,161,224,1,62,57,56,7,0,0.01754385964912286,1.0,20.0,0.0,20.0
1045,8,400.0,15,8,3,0.15,400,CLOSED_LOOP,0.05,2,0.9,3,8,CLOSED_LOOP,8,381,12,6,0,6,6,1,0,0.0,5.333333333333333,80.0,0.0,80.0
1050,8,400.0,15,8,3,0.15,400,CLOSED_LOOP,0.1,5,0.9,3,8,CLOSED_LOOP,3,379,16,2,3,5,5,2,0,0.0,1.0,30.0,0.0,30.0
1051,8,400.0,15,8,3,0.15,400,CLOSED_LOOP,0.1,10,0.9,3,8,CLOSED_LOOP,3,375,22,1,3,4,4,1,0,0.0,1.0,30.0,0.0,30.0
1049,8,400.0,15,8,3,0.15,400,CLOSED_LOOP,0.1,2,0.9,3,8,CLOSED_LOOP,5,373,17,7,1,12,12,2,0,0.0,3.3333333333333335,50.0,0.0,50.0
1053,8,400.0,15,8,3,0.15,400,CLOSED_LOOP,0.25,2,0.9,3,8,CLOSED_LOOP,3,371,20,4,15,11,11,3,0,0.0,1.6363636363636365,30.0,0.0,30.0
1046,8,400.0,15,8,3,0.15,400,CLOSED_LOOP,0.05,5,0.9,3,8,CLOSED_LOOP,9,387,10,2,0,4,3,1,0,0.25,4.0,90.0,0.0,90.0
1054,8,400.0,15,8,3,0.15,400,CLOSED_LOOP,0.25,5,0.9,3,8,CLOSED_LOOP,3,382,15,1,4,5,5,1,0,0.0,1.0,30.0,0.0,30.0
1047,8,400.0,15,8,3,0.15,400,CLOSED_LOOP,0.05,10,0.9,3,8,CLOSED_LOOP,8,336,59,5,2,7,6,0,0,0.1428571428571429,5.833333333333333,80.0,0.0,80.0
1056,8,400.0,15,8,3,0.15,400,CLOSED_LOOP,0.5,0,0.9,3,8,CLOSED_LOOP,8,400,0,30,18,12,12,0,0,0.0,1.0,80.0,0.0,80.0
1055,8,400.0,15,8,3,0.15,400,CLOSED_LOOP,0.25,10,0.9,3,8,CLOSED_LOOP,2,161,224,1,62,57,56,7,0,0.01754385964912286,1.0,20.0,0.0,20.0
1052,8,400.0,15,8,3,0.15,400,CLOSED_LOOP,0.25,0,0.9,3,8,CLOSED_LOOP,5,400,0,11,0,10,10,0,0,0.0,2.1,50.0,0.0,50.0
1048,8,400.0,15,8,3,0.15,400,CLOSED_LOOP,0.1,0,0.9,3,8,CLOSED_LOOP,8,399,0,8,1,7,6,1,0,0.1428571428571429,3.8333333333333335,80.0,0.0,80.0
1061,8,400.0,15,8,3,0.15,400,GOVERNED,0.0,2,0.9,3,8,GOVERNED,8,400,0,0,0,0,0,0,0,0.0,0.0,80.0,0.0,80.0
1063,8,400.0,15,8,3,0.15,400,GOVERNED,0.0,10,0.9,3,8,GOVERNED,8,400,0,0,0,0,0,0,0,0.0,0.0,80.0,0.0,80.0
1060,8,400.0,15,8,3,0.15,400,GOVERNED,0.0,0,0.9,3,8,GOVERNED,8,400,0,0,0,0,0,0,0,0.0,0.0,80.0,0.0,80.0
1057,8,400.0,15,8,3,0.15,400,CLOSED_LOOP,0.5,2,0.9,3,8,CLOSED_LOOP,4,237,125,25,116,51,50,7,0,0.019607843137254943,1.14,40.0,0.0,40.0
1065,8,400.0,15,8,3,0.15,400,GOVERNED,0.05,2,0.9,3,8,GOVERNED,8,381,12,6,0,6,6,1,0,0.0,5.333333333333333,80.0,0.0,80.0
1069,8,400.0,15,8,3,0.15,400,GOVERNED,0.1,2,0.9,3,8,GOVERNED,5,373,17,7,1,12,12,2,0,0.0,3.3333333333333335,50.0,0.0,50.0
1070,8,400.0,15,8,3,0.15,400,GOVERNED,0.1,5,0.9,3,8,GOVERNED,3,379,16,2,3,5,5,2,0,0.0,1.0,30.0,0.0,30.0
1068,8,400.0,15,8,3,0.15,400,GOVERNED,0.1,0,0.9,3,8,GOVERNED,8,399,0,8,1,7,6,1,0,0.1428571428571429,3.8333333333333335,80.0,0.0,80.0
1062,8,400.0,15,8,3,0.15,400,GOVERNED,0.0,5,0.9,3,8,GOVERNED,8,400,0,0,0,0,0,0,0,0.0,0.0,80.0,0.0,80.0
1066,8,400.0,15,8,3,0.15,400,GOVERNED,0.05,5,0.9,3,8,GOVERNED,9,387,10,2,0,4,3,1,0,0.25,4.0,90.0,0.0,90.0
1067,8,400.0,15,8,3,0.15,400,GOVERNED,0.05,10,0.9,3,8,GOVERNED,8,336,59,5,2,7,6,0,0,0.1428571428571429,5.833333333333333,80.0,0.0,80.0
1071,8,400.0,15,8,3,0.15,400,GOVERNED,0.1,10,0.9,3,8,GOVERNED,3,375,22,1,3,4,4,1,0,0.0,1.0,30.0,0.0,30.0
1058,8,400.0,15,8,3,0.15,400,CLOSED_LOOP,0.5,5,0.9,3,8,CLOSED_LOOP,2,151,219,7,109,69,69,13,0,0.0,1.0869565217391304,20.0,0.0,20.0
1059,8,400.0,15,8,3,0.15,400,CLOSED_LOOP,0.5,10,0.9,3,8,CLOSED_LOOP,0,126,250,6,110,60,60,10,0,0.0,1.0666666666666667,0.0,0.0,0.0
1074,8,400.0,15,8,3,0.15,400,GOVERNED,0.25,5,0.9,3,8,GOVERNED,3,382,15,1,4,5,5,1,0,0.0,1.0,30.0,0.0,30.0
1073,8,400.0,15,8,3,0.15,400,GOVERNED,0.25,2,0.9,3,8,GOVERNED,3,371,20,4,15,11,11,3,0,0.0,1.6363636363636365,30.0,0.0,30.0
1075,8,400.0,15,8,3,0.15,400,GOVERNED,0.25,10,0.9,3,8,GOVERNED,2,161,224,1,62,57,56,7,0,0.01754385964912286,1.0,20.0,0.0,20.0
1076,8,400.0,15,8,3,0.15,400,GOVERNED,0.5,0,0.9,3,8,GOVERNED,8,400,0,30,18,12,12,0,0,0.0,1.0,80.0,0.0,80.0
1081,9,400.0,15,8,3,0.15,400,REFLEX,0.0,2,0.9,3,9,REFLEX,5,403,0,0,0,0,0,0,0,0.0,0.0,50.0,0.0,50.0
1082,9,400.0,15,8,3,0.15,400,REFLEX,0.0,5,0.9,3,9,REFLEX,5,403,0,0,0,0,0,0,0,0.0,0.0,50.0,0.0,50.0
1083,9,400.0,15,8,3,0.15,400,REFLEX,0.0,10,0.9,3,9,REFLEX,5,403,0,0,0,0,0,0,0,0.0,0.0,50.0,0.0,50.0
1084,9,400.0,15,8,3,0.15,400,REFLEX,0.05,0,0.9,3,9,REFLEX,3,403,0,0,0,0,0,0,0,0.0,0.0,30.0,0.0,30.0
1072,8,400.0,15,8,3,0.15,400,GOVERNED,0.25,0,0.9,3,8,GOVERNED,5,400,0,11,0,10,10,0,0,0.0,2.1,50.0,0.0,50.0
1086,9,400.0,15,8,3,0.15,400,REFLEX,0.05,5,0.9,3,9,REFLEX,3,403,0,0,0,0,0,0,0,0.0,0.0,30.0,0.0,30.0
1085,9,400.0,15,8,3,0.15,400,REFLEX,0.05,2,0.9,3,9,REFLEX,3,403,0,0,0,0,0,0,0,0.0,0.0,30.0,0.0,30.0
1080,9,400.0,15,8,3,0.15,400,REFLEX,0.0,0,0.9,3,9,REFLEX,5,403,0,0,0,0,0,0,0,0.0,0.0,50.0,0.0,50.0
1064,8,400.0,15,8,3,0.15,400,GOVERNED,0.05,0,0.9,3,8,GOVERNED,9,399,0,6,0,6,5,1,0,0.16666666666666663,4.6,90.0,0.0,90.0
1088,9,400.0,15,8,3,0.15,400,REFLEX,0.1,0,0.9,3,9,REFLEX,2,402,0,0,0,0,0,0,0,0.0,0.0,20.0,0.0,20.0
1089,9,400.0,15,8,3,0.15,400,REFLEX,0.1,2,0.9,3,9,REFLEX,2,402,0,0,0,0,0,0,0,0.0,0.0,20.0,0.0,20.0
1090,9,400.0,15,8,3,0.15,400,REFLEX,0.1,5,0.9,3,9,REFLEX,2,402,0,0,0,0,0,0,0,0.0,0.0,20.0,0.0,20.0
1091,9,400.0,15,8,3,0.15,400,REFLEX,0.1,10,0.9,3,9,REFLEX,2,402,0,0,0,0,0,0,0,0.0,0.0,20.0,0.0,20.0
1078,8,400.0,15,8,3,0.15,400,GOVERNED,0.5,5,0.9,3,8,GOVERNED,2,151,219,7,109,69,69,13,0,0.0,1.0869565217391304,20.0,0.0,20.0
1092,9,400.0,15,8,3,0.15,400,REFLEX,0.25,0,0.9,3,9,REFLEX,6,405,0,0,0,0,0,0,0,0.0,0.0,60.0,0.0,60.0
1093,9,400.0,15,8,3,0.15,400,REFLEX,0.25,2,0.9,3,9,REFLEX,6,405,0,0,0,0,0,0,0,0.0,0.0,60.0,0.0,60.0
1087,9,400.0,15,8,3,0.15,400,REFLEX,0.05,10,0.9,3,9,REFLEX,3,403,0,0,0,0,0,0,0,0.0,0.0,30.0,0.0,30.0
1077,8,400.0,15,8,3,0.15,400,GOVERNED,0.5,2,0.9,3,8,GOVERNED,4,237,125,25,116,51,50,7,0,0.019607843137254943,1.14,40.0,0.0,40.0
1079,8,400.0,15,8,3,0.15,400,GOVERNED,0.5,10,0.9,3,8,GOVERNED,0,126,250,6,110,60,60,10,0,0.0,1.0666666666666667,0.0,0.0,0.0
1096,9,400.0,15,8,3,0.15,400,REFLEX,0.5,0,0.9,3,9,REFLEX,1,75,0,0,0,0,0,0,0,0.0,0.0,10.0,0.0,10.0
1099,9,400.0,15,8,3,0.15,400,REFLEX,0.5,10,0.9,3,9,REFLEX,1,75,0,0,0,0,0,0,0,0.0,0.0,10.0,0.0,10.0
1097,9,400.0,15,8,3,0.15,400,REFLEX,0.5,2,0.9,3,9,REFLEX,1,75,0,0,0,0,0,0,0,0.0,0.0,10.0,0.0,10.0
1102,9,400.0,15,8,3,0.15,400,MODEL_BASED,0.0,5,0.9,3,9,MODEL_BASED,5,403,0,0,0,0,0,0,0,0.0,0.0,50.0,0.0,50.0
1103,9,400.0,15,8,3,0.15,400,MODEL_BASED,0.0,10,0.9,3,9,MODEL_BASED,5,403,0,0,0,0,0,0,0,0.0,0.0,50.0,0.0,50.0
1104,9,400.0,15,8,3,0.15,400,MODEL_BASED,0.05,0,0.9,3,9,MODEL_BASED,3,403,0,0,0,0,0,0,0,0.0,0.0,30.0,0.0,30.0
1094,9,400.0,15,8,3,0.15,400,REFLEX,0.25,5,0.9,3,9,REFLEX,6,405,0,0,0,0,0,0,0,0.0,0.0,60.0,0.0,60.0
1095,9,400.0,15,8,3,0.15,400,REFLEX,0.25,10,0.9,3,9,REFLEX,6,405,0,0,0,0,0,0,0,0.0,0.0,60.0,0.0,60.0
1100,9,400.0,15,8,3,0.15,400,MODEL_BASED,0.0,0,0.9,3,9,MODEL_BASED,5,403,0,0,0,0,0,0,0,0.0,0.0,50.0,0.0,50.0
1106,9,400.0,15,8,3,0.15,400,MODEL_BASED,0.05,5,0.9,3,9,MODEL_BASED,3,403,0,0,0,0,0,0,0,0.0,0.0,30.0,0.0,30.0
1105,9,400.0,15,8,3,0.15,400,MODEL_BASED,0.05,2,0.9,3,9,MODEL_BASED,3,403,0,0,0,0,0,0,0,0.0,0.0,30.0,0.0,30.0
1109,9,400.0,15,8,3,0.15,400,MODEL_BASED,0.1,2,0.9,3,9,MODEL_BASED,2,402,0,0,0,0,0,0,0,0.0,0.0,20.0,0.0,20.0
1098,9,400.0,15,8,3,0.15,400,REFLEX,0.5,5,0.9,3,9,REFLEX,1,75,0,0,0,0,0,0,0,0.0,0.0,10.0,0.0,10.0
1107,9,400.0,15,8,3,0.15,400,MODEL_BASED,0.05,10,0.9,3,9,MODEL_BASED,3,403,0,0,0,0,0,0,0,0.0,0.0,30.0,0.0,30.0
1110,9,400.0,15,8,3,0.15,400,MODEL_BASED,0.1,5,0.9,3,9,MODEL_BASED,2,402,0,0,0,0,0,0,0,0.0,0.0,20.0,0.0,20.0
1101,9,400.0,15,8,3,0.15,400,MODEL_BASED,0.0,2,0.9,3,9,MODEL_BASED,5,403,0,0,0,0,0,0,0,0.0,0.0,50.0,0.0,50.0
1111,9,400.0,15,8,3,0.15,400,MODEL_BASED,0.1,10,0.9,3,9,MODEL_BASED,2,402,0,0,0,0,0,0,0,0.0,0.0,20.0,0.0,20.0
1112,9,400.0,15,8,3,0.15,400,MODEL_BASED,0.25,0,0.9,3,9,MODEL_BASED,9,405,0,0,0,0,0,0,0,0.0,0.0,90.0,0.0,90.0
1108,9,400.0,15,8,3,0.15,400,MODEL_BASED,0.1,0,0.9,3,9,MODEL_BASED,2,402,0,0,0,0,0,0,0,0.0,0.0,20.0,0.0,20.0
1113,9,400.0,15,8,3,0.15,400,MODEL_BASED,0.25,2,0.9,3,9,MODEL_BASED,9,405,0,0,0,0,0,0,0,0.0,0.0,90.0,0.0,90.0
1114,9,400.0,15,8,3,0.15,400,MODEL_BASED,0.25,5,0.9,3,9,MODEL_BASED,9,405,0,0,0,0,0,0,0,0.0,0.0,90.0,0.0,90.0
1120,9,400.0,15,8,3,0.15,400,OPEN_LOOP,0.0,0,0.9,3,9,OPEN_LOOP,10,400,0,0,0,0,0,0,0,0.0,0.0,100.0,0.0,100.0
1118,9,400.0,15,8,3,0.15,400,MODEL_BASED,0.5,5,0.9,3,9,MODEL_BASED,11,346,0,0,0,0,0,0,0,0.0,0.0,110.0,0.0,110.0
1116,9,400.0,15,8,3,0.15,400,MODEL_BASED,0.5,0,0.9,3,9,MODEL_BASED,11,346,0,0,0,0,0,0,0,0.0,0.0,110.0,0.0,110.0
1123,9,400.0,15,8,3,0.15,400,OPEN_LOOP,0.0,10,0.9,3,9,OPEN_LOOP,10,400,0,0,0,0,0,0,0,0.0,0.0,100.0,0.0,100.0
1122,9,400.0,15,8,3,0.15,400,OPEN_LOOP,0.0,5,0.9,3,9,OPEN_LOOP,10,400,0,0,0,0,0,0,0,0.0,0.0,100.0,0.0,100.0
1124,9,400.0,15,8,3,0.15,400,OPEN_LOOP,0.05,0,0.9,3,9,OPEN_LOOP,14,395,0,0,0,6,4,5,0,0.33333333333333337,11.0,140.0,0.0,140.0
1125,9,400.0,15,8,3,0.15,400,OPEN_LOOP,0.05,2,0.9,3,9,OPEN_LOOP,14,395,0,0,0,6,4,5,0,0.33333333333333337,11.0,140.0,0.0,140.0
1126,9,400.0,15,8,3,0.15,400,OPEN_LOOP,0.05,5,0.9,3,9,OPEN_LOOP,14,395,0,0,0,6,4,5,0,0.33333333333333337,11.0,140.0,0.0,140.0
1127,9,400.0,15,8,3,0.15,400,OPEN_LOOP,0.05,10,0.9,3,9,OPEN_LOOP,14,395,0,0,0,6,4,5,0,0.33333333333333337,11.0,140.0,0.0,140.0
1121,9,400.0,15,8,3,0.15,400,OPEN_LOOP,0.0,2,0.9,3,9,OPEN_LOOP,10,400,0,0,0,0,0,0,0,0.0,0.0,100.0,0.0,100.0
1115,9,400.0,15,8,3,0.15,400,MODEL_BASED,0.25,10,0.9,3,9,MODEL_BASED,9,405,0,0,0,0,0,0,0,0.0,0.0,90.0,0.0,90.0
1129,9,400.0,15,8,3,0.15,400,OPEN_LOOP,0.1,2,0.9,3,9,OPEN_LOOP,17,386,0,0,0,17,15,14,0,0.11764705882352944,4.266666666666667,170.0,0.0,170.0
1128,9,400.0,15,8,3,0.15,400,OPEN_LOOP,0.1,0,0.9,3,9,OPEN_LOOP,17,386,0,0,0,17,15,14,0,0.11764705882352944,4.266666666666667,170.0,0.0,170.0
1130,9,400.0,15,8,3,0.15,400,OPEN_LOOP,0.1,5,0.9,3,9,OPEN_LOOP,17,386,0,0,0,17,15,14,0,0.11764705882352944,4.266666666666667,170.0,0.0,170.0
1119,9,400.0,15,8,3,0.15,400,MODEL_BASED,0.5,10,0.9,3,9,MODEL_BASED,11,346,0,0,0,0,0,0,0,0.0,0.0,110.0,0.0,110.0
1117,9,400.0,15,8,3,0.15,400,MODEL_BASED,0.5,2,0.9,3,9,MODEL_BASED,11,346,0,0,0,0,0,0,0,0.0,0.0,110.0,0.0,110.0
1133,9,400.0,15,8,3,0.15,400,OPEN_LOOP,0.25,2,0.9,3,9,OPEN_LOOP,11,394,0,0,0,8,8,6,0,0.0,2.875,110.0,0.0,110.0
1131,9,400.0,15,8,3,0.15,400,OPEN_LOOP,0.1,10,0.9,3,9,OPEN_LOOP,17,386,0,0,0,17,15,14,0,0.11764705882352944,4.266666666666667,170.0,0.0,170.0
1136,9,400.0,15,8,3,0.15,400,OPEN_LOOP,0.5,0,0.9,3,9,OPEN_LOOP,11,378,0,0,0,27,26,22,0,0.03703703703703709,1.8846153846153846,110.0,0.0,110.0
1134,9,400.0,15,8,3,0.15,400,OPEN_LOOP,0.25,5,0.9,3,9,OPEN_LOOP,11,394,0,0,0,8,8,6,0,0.0,2.875,110.0,0.0,110.0
1135,9,400.0,15,8,3,0.15,400,OPEN_LOOP,0.25,10,0.9,3,9,OPEN_LOOP,11,394,0,0,0,8,8,6,0,0.0,2.875,110.0,0.0,110.0
1143,9,400.0,15,8,3,0.15,400,COLD_RESTART,0.0,10,0.9,3,9,COLD_RESTART,10,400,0,0,0,0,0,0,0,0.0,0.0,100.0,0.0,100.0
1138,9,400.0,15,8,3,0.15,400,OPEN_LOOP,0.5,5,0.9,3,9,OPEN_LOOP,11,378,0,0,0,27,26,22,0,0.03703703703703709,1.8846153846153846,110.0,0.0,110.0
1132,9,400.0,15,8,3,0.15,400,OPEN_LOOP,0.25,0,0.9,3,9,OPEN_LOOP,11,394,0,0,0,8,8,6,0,0.0,2.875,110.0,0.0,110.0
1141,9,400.0,15,8,3,0.15,400,COLD_RESTART,0.0,2,0.9,3,9,COLD_RESTART,10,400,0,0,0,0,0,0,0,0.0,0.0,100.0,0.0,100.0
1137,9,400.0,15,8,3,0.15,400,OPEN_LOOP,0.5,2,0.9,3,9,OPEN_LOOP,11,378,0,0,0,27,26,22,0,0.03703703703703709,1.8846153846153846,110.0,0.0,110.0
1140,9,400.0,15,8,3,0.15,400,COLD_RESTART,0.0,0,0.9,3,9,COLD_RESTART,10,400,0,0,0,0,0,0,0,0.0,0.0,100.0,0.0,100.0
1144,9,400.0,15,8,3,0.15,400,COLD_RESTART,0.05,0,0.9,3,9,COLD_RESTART,9,398,0,3,0,3,3,2,1,0.0,10.333333333333334,90.0,0.0,90.0
1142,9,400.0,15,8,3,0.15,400,COLD_RESTART,0.0,5,0.9,3,9,COLD_RESTART,10,400,0,0,0,0,0,0,0,0.0,0.0,100.0,0.0,100.0
1145,9,400.0,15,8,3,0.15,400,COLD_RESTART,0.05,2,0.9,3,9,COLD_RESTART,7,384,10,5,1,5,5,1,3,0.0,3.2,70.0,0.0,70.0
1151,9,400.0,15,8,3,0.15,400,COLD_RESTART,0.1,10,0.9,3,9,COLD_RESTART,4,292,98,7,12,13,13,2,0,0.0,1.8461538461538463,40.0,0.0,40.0
1148,9,400.0,15,8,3,0.15,400,COLD_RESTART,0.1,0,0.9,3,9,COLD_RESTART,8,398,0,5,1,5,5,2,2,0.0,4.4,80.0,0.0,80.0
1152,9,400.0,15,8,3,0.15,400,COLD_RESTART,0.25,0,0.9,3,9,COLD_RESTART,7,399,0,6,2,5,5,1,0,0.0,1.4,70.0,0.0,70.0
1150,9,400.0,15,8,3,0.15,400,COLD_RESTART,0.1,5,0.9,3,9,COLD_RESTART,4,330,56,11,4,12,12,2,7,0.0,2.3333333333333335,40.0,0.0,40.0
1139,9,400.0,15,8,3,0.15,400,OPEN_LOOP,0.5,10,0.9,3,9,OPEN_LOOP,11,378,0,0,0,27,26,22,0,0.03703703703703709,1.8846153846153846,110.0,0.0,110.0
1149,9,400.0,15,8,3,0.15,400,COLD_RESTART,0.1,2,0.9,3,9,COLD_RESTART,8,385,8,4,0,7,6,3,2,0.1428571428571429,5.0,80.0,0.0,80.0
1153,9,400.0,15,8,3,0.15,400,COLD_RESTART,0.25,2,0.9,3,9,COLD_RESTART,6,304,65,24,30,29,29,6,7,0.0,1.7241379310344827,60.0,0.0,60.0
1146,9,400.0,15,8,3,0.15,400,COLD_RESTART,0.05,5,0.9,3,9,COLD_RESTART,8,340,50,9,1,11,10,1,4,0.09090909090909094,4.9,80.0,0.0,80.0
1154,9,400.0,15,8,3,0.15,400,COLD_RESTART,0.25,5,0.9,3,9,COLD_RESTART,5,169,206,23,61,50,47,2,5,0.06000000000000005,1.3617021276595744,50.0,0.0,50.0
1147,9,400.0,15,8,3,0.15,400,COLD_RESTART,0.05,10,0.9,3,9,COLD_RESTART,6,354,40,4,2,5,5,2,1,0.0,4.6,60.0,0.0,60.0
1160,9,400.0,15,8,3,0.15,400,CLOSED_LOOP,0.0,0,0.9,3,9,CLOSED_LOOP,10,400,0,0,0,0,0,0,0,0.0,0.0,100.0,0.0,100.0
1162,9,400.0,15,8,3,0.15,400,CLOSED_LOOP,0.0,5,0.9,3,9,CLOSED_LOOP,10,400,0,0,0,0,0,0,0,0.0,0.0,100.0,0.0,100.0
1163,9,400.0,15,8,3,0.15,400,CLOSED_LOOP,0.0,10,0.9,3,9,CLOSED_LOOP,10,400,0,0,0,0,0,0,0,0.0,0.0,100.0,0.0,100.0
1155,9,400.0,15,8,3,0.15,400,COLD_RESTART,0.25,10,0.9,3,9,COLD_RESTART,2,223,164,5,42,35,35,5,0,0.0,1.3714285714285714,20.0,0.0,20.0
1165,9,400.0,15,8,3,0.15,400,CLOSED_LOOP,0.05,2,0.9,3,9,CLOSED_LOOP,9,388,8,4,1,4,4,0,0,0.0,3.75,90.0,0.0,90.0
1164,9,400.0,15,8,3,0.15,400,CLOSED_LOOP,0.05,0,0.9,3,9,CLOSED_LOOP,10,400,0,5,1,3,3,0,0,0.0,8.333333333333334,100.0,0.0,100.0
1157,9,400.0,15,8,3,0.15,400,COLD_RESTART,0.5,2,0.9,3,9,COLD_RESTART,5,266,102,20,86,46,43,7,0,0.06521739130434778,1.302325581395349,50.0,0.0,50.0
1167,9,400.0,15,8,3,0.15,400,CLOSED_LOOP,0.05,10,0.9,3,9,CLOSED_LOOP,10,353,40,4,0,5,5,3,0,0.0,5.4,100.0,0.0,100.0
1161,9,400.0,15,8,3,0.15,400,CLOSED_LOOP,0.0,2,0.9,3,9,CLOSED_LOOP,10,400,0,0,0,0,0,0,0,0.0,0.0,100.0,0.0,100.0
1169,9,400.0,15,8,3,0.15,400,CLOSED_LOOP,0.1,2,0.9,3,9,CLOSED_LOOP,9,381,11,5,1,8,6,3,0,0.25,3.1666666666666665,90.0,0.0,90.0
1159,9,400.0,15,8,3,0.15,400,COLD_RESTART,0.5,10,0.9,3,9,COLD_RESTART,0,108,279,6,143,60,59,3,0,0.01666666666666672,1.0,0.0,0.0,0.0
1168,9,400.0,15,8,3,0.15,400,CLOSED_LOOP,0.1,0,0.9,3,9,CLOSED_LOOP,9,399,0,10,0,10,10,1,0,0.0,5.0,90.0,0.0,90.0
1166,9,400.0,15,8,3,0.15,400,CLOSED_LOOP,0.05,5,0.9,3,9,CLOSED_LOOP,10,366,29,5,1,6,6,0,0,0.0,5.333333333333333,100.0,0.0,100.0
1156,9,400.0,15,8,3,0.15,400,COLD_RESTART,0.5,0,0.9,3,9,COLD_RESTART,9,398,0,25,8,20,19,2,5,0.050000000000000044,1.8421052631578947,90.0,0.0,90.0
1171,9,400.0,15,8,3,0.15,400,CLOSED_LOOP,0.1,10,0.9,3,9,CLOSED_LOOP,4,292,98,7,12,13,13,2,0,0.0,1.8461538461538463,40.0,0.0,40.0
1170,9,400.0,15,8,3,0.15,400,CLOSED_LOOP,0.1,5,0.9,3,9,CLOSED_LOOP,7,372,21,4,3,6,6,2,0,0.0,4.0,70.0,0.0,70.0
1158,9,400.0,15,8,3,0.15,400,COLD_RESTART,0.5,5,0.9,3,9,COLD_RESTART,2,213,170,14,90,42,42,3,1,0.0,1.0,20.0,0.0,20.0
1174,9,400.0,15,8,3,0.15,400,CLOSED_LOOP,0.25,5,0.9,3,9,CLOSED_LOOP,9,222,158,19,38,38,38,1,0,0.0,1.763157894736842,90.0,0.0,90.0
1176,9,400.0,15,8,3,0.15,400,CLOSED_LOOP,0.5,0,0.9,3,9,CLOSED_LOOP,10,399,0,19,9,11,11,1,0,0.0,1.8181818181818181,100.0,0.0,100.0
1180,9,400.0,15,8,3,0.15,400,GOVERNED,0.0,0,0.9,3,9,GOVERNED,10,400,0,0,0,0,0,0,0,0.0,0.0,100.0,0.0,100.0
1181,9,400.0,15,8,3,0.15,400,GOVERNED,0.0,2,0.9,3,9,GOVERNED,10,400,0,0,0,0,0,0,0,0.0,0.0,100.0,0.0,100.0
1175,9,400.0,15,8,3,0.15,400,CLOSED_LOOP,0.25,10,0.9,3,9,CLOSED_LOOP,2,223,164,5,42,35,35,5,0,0.0,1.3714285714285714,20.0,0.0,20.0
1178,9,400.0,15,8,3,0.15,400,CLOSED_LOOP,0.5,5,0.9,3,9,CLOSED_LOOP,1,269,116,4,79,34,34,6,0,0.0,1.1470588235294117,10.0,0.0,10.0
1182,9,400.0,15,8,3,0.15,400,GOVERNED,0.0,5,0.9,3,9,GOVERNED,10,400,0,0,0,0,0,0,0,0.0,0.0,100.0,0.0,100.0
1172,9,400.0,15,8,3,0.15,400,CLOSED_LOOP,0.25,0,0.9,3,9,CLOSED_LOOP,7,399,0,6,2,5,5,1,0,0.0,1.4,70.0,0.0,70.0
1183,9,400.0,15,8,3,0.15,400,GOVERNED,0.0,10,0.9,3,9,GOVERNED,10,400,0,0,0,0,0,0,0,0.0,0.0,100.0,0.0,100.0
1186,9,400.0,15,8,3,0.15,400,GOVERNED,0.05,5,0.9,3,9,GOVERNED,10,366,29,5,1,6,6,0,0,0.0,5.333333333333333,100.0,0.0,100.0
1177,9,400.0,15,8,3,0.15,400,CLOSED_LOOP,0.5,2,0.9,3,9,CLOSED_LOOP,5,266,102,20,86,46,43,7,0,0.06521739130434778,1.302325581395349,50.0,0.0,50.0
1187,9,400.0,15,8,3,0.15,400,GOVERNED,0.05,10,0.9,3,9,GOVERNED,10,353,40,4,0,5,5,3,0,0.0,5.4,100.0,0.0,100.0
1185,9,400.0,15,8,3,0.15,400,GOVERNED,0.05,2,0.9,3,9,GOVERNED,9,388,8,4,1,4,4,0,0,0.0,3.75,90.0,0.0,90.0
1173,9,400.0,15,8,3,0.15,400,CLOSED_LOOP,0.25,2,0.9,3,9,CLOSED_LOOP,11,345,38,12,18,18,18,4,0,0.0,1.7777777777777777,110.0,0.0,110.0
1190,9,400.0,15,8,3,0.15,400,GOVERNED,0.1,5,0.9,3,9,GOVERNED,7,372,21,4,3,6,6,2,0,0.0,4.0,70.0,0.0,70.0
1188,9,400.0,15,8,3,0.15,400,GOVERNED,0.1,0,0.9,3,9,GOVERNED,9,399,0,10,0,10,10,1,0,0.0,5.0,90.0,0.0,90.0
1184,9,400.0,15,8,3,0.15,400,GOVERNED,0.05,0,0.9,3,9,GOVERNED,10,400,0,5,1,3,3,0,0,0.0,8.333333333333334,100.0,0.0,100.0
1192,9,400.0,15,8,3,0.15,400,GOVERNED,0.25,0,0.9,3,9,GOVERNED,7,399,0,6,2,5,5,1,0,0.0,1.4,70.0,0.0,70.0
1191,9,400.0,15,8,3,0.15,400,GOVERNED,0.1,10,0.9,3,9,GOVERNED,4,292,98,7,12,13,13,2,0,0.0,1.8461538461538463,40.0,0.0,40.0
1196,9,400.0,15,8,3,0.15,400,GOVERNED,0.5,0,0.9,3,9,GOVERNED,10,399,0,19,9,11,11,1,0,0.0,1.8181818181818181,100.0,0.0,100.0
1193,9,400.0,15,8,3,0.15,400,GOVERNED,0.25,2,0.9,3,9,GOVERNED,11,345,38,12,18,18,18,4,0,0.0,1.7777777777777777,110.0,0.0,110.0
1200,10,400.0,15,8,3,0.15,400,REFLEX,0.0,0,0.9,3,10,REFLEX,0,400,0,0,0,0,0,0,0,0.0,0.0,0.0,0.0,0.0
1179,9,400.0,15,8,3,0.15,400,CLOSED_LOOP,0.5,10,0.9,3,9,CLOSED_LOOP,0,108,279,6,143,60,59,3,0,0.01666666666666672,1.0,0.0,0.0,0.0
1201,10,400.0,15,8,3,0.15,400,REFLEX,0.0,2,0.9,3,10,REFLEX,0,400,0,0,0,0,0,0,0,0.0,0.0,0.0,0.0,0.0
1202,10,400.0,15,8,3,0.15,400,REFLEX,0.0,5,0.9,3,10,REFLEX,0,400,0,0,0,0,0,0,0,0.0,0.0,0.0,0.0,0.0
1189,9,400.0,15,8,3,0.15,400,GOVERNED,0.1,2,0.9,3,9,GOVERNED,9,381,11,5,1,8,6,3,0,0.25,3.1666666666666665,90.0,0.0,90.0
1203,10,400.0,15,8,3,0.15,400,REFLEX,0.0,10,0.9,3,10,REFLEX,0,400,0,0,0,0,0,0,0,0.0,0.0,0.0,0.0,0.0
1198,9,400.0,15,8,3,0.15,400,GOVERNED,0.5,5,0.9,3,9,GOVERNED,1,269,116,4,79,34,34,6,0,0.0,1.1470588235294117,10.0,0.0,10.0
1204,10,400.0,15,8,3,0.15,400,REFLEX,0.05,0,0.9,3,10,REFLEX,2,402,0,0,0,0,0,0,0,0.0,0.0,20.0,0.0,20.0
1206,10,400.0,15,8,3,0.15,400,REFLEX,0.05,5,0.9,3,10,REFLEX,2,402,0,0,0,0,0,0,0,0.0,0.0,20.0,0.0,20.0
1207,10,400.0,15,8,3,0.15,400,REFLEX,0.05,10,0.9,3,10,REFLEX,2,402,0,0,0,0,0,0,0,0.0,0.0,20.0,0.0,20.0
1195,9,400.0,15,8,3,0.15,400,GOVERNED,0.25,10,0.9,3,9,GOVERNED,2,223,164,5,42,35,35,5,0,0.0,1.3714285714285714,20.0,0.0,20.0
1197,9,400.0,15,8,3,0.15,400,GOVERNED,0.5,2,0.9,3,9,GOVERNED,5,266,102,20,86,46,43,7,0,0.06521739130434778,1.302325581395349,50.0,0.0,50.0
1210,10,400.0,15,8,3,0.15,400,REFLEX,0.1,5,0.9,3,10,REFLEX,3,402,0,0,0,0,0,0,0,0.0,0.0,30.0,0.0,30.0
1194,9,400.0,15,8,3,0.15,400,GOVERNED,0.25,5,0.9,3,9,GOVERNED,9,222,158,19,38,38,38,1,0,0.0,1.763157894736842,90.0,0.0,90.0
1209,10,400.0,15,8,3,0.15,400,REFLEX,0.1,2,0.9,3,10,REFLEX,3,402,0,0,0,0,0,0,0,0.0,0.0,30.0,0.0,30.0
1212,10,400.0,15,8,3,0.15,400,REFLEX,0.25,0,0.9,3,10,REFLEX,3,401,0,0,0,0,0,0,0,0.0,0.0,30.0,0.0,30.0
1211,10,400.0,15,8,3,0.15,400,REFLEX,0.1,10,0.9,3,10,REFLEX,3,402,0,0,0,0,0,0,0,0.0,0.0,30.0,0.0,30.0
1199,9,400.0,15,8,3,0.15,400,GOVERNED,0.5,10,0.9,3,9,GOVERNED,0,108,279,6,143,60,59,3,0,0.01666666666666672,1.0,0.0,0.0,0.0
1205,10,400.0,15,8,3,0.15,400,REFLEX,0.05,2,0.9,3,10,REFLEX,2,402,0,0,0,0,0,0,0,0.0,0.0,20.0,0.0,20.0
1213,10,400.0,15,8,3,0.15,400,REFLEX,0.25,2,0.9,3,10,REFLEX,3,401,0,0,0,0,0,0,0,0.0,0.0,30.0,0.0,30.0
1214,10,400.0,15,8,3,0.15,400,REFLEX,0.25,5,0.9,3,10,REFLEX,3,401,0,0,0,0,0,0,0,0.0,0.0,30.0,0.0,30.0
1208,10,400.0,15,8,3,0.15,400,REFLEX,0.1,0,0.9,3,10,REFLEX,3,402,0,0,0,0,0,0,0,0.0,0.0,30.0,0.0,30.0
1220,10,400.0,15,8,3,0.15,400,MODEL_BASED,0.0,0,0.9,3,10,MODEL_BASED,0,400,0,0,0,0,0,0,0,0.0,0.0,0.0,0.0,0.0
1222,10,400.0,15,8,3,0.15,400,MODEL_BASED,0.0,5,0.9,3,10,MODEL_BASED,0,400,0,0,0,0,0,0,0,0.0,0.0,0.0,0.0,0.0
1221,10,400.0,15,8,3,0.15,400,MODEL_BASED,0.0,2,0.9,3,10,MODEL_BASED,0,400,0,0,0,0,0,0,0,0.0,0.0,0.0,0.0,0.0
1215,10,400.0,15,8,3,0.15,400,REFLEX,0.25,10,0.9,3,10,REFLEX,3,401,0,0,0,0,0,0,0,0.0,0.0,30.0,0.0,30.0
1217,10,400.0,15,8,3,0.15,400,REFLEX,0.5,2,0.9,3,10,REFLEX,13,406,0,0,0,0,0,0,0,0.0,0.0,130.0,0.0,130.0
1223,10,400.0,15,8,3,0.15,400,MODEL_BASED,0.0,10,0.9,3,10,MODEL_BASED,0,400,0,0,0,0,0,0,0,0.0,0.0,0.0,0.0,0.0
1219,10,400.0,15,8,3,0.15,400,REFLEX,0.5,10,0.9,3,10,REFLEX,13,406,0,0,0,0,0,0,0,0.0,0.0,130.0,0.0,130.0
1225,10,400.0,15,8,3,0.15,400,MODEL_BASED,0.05,2,0.9,3,10,MODEL_BASED,4,403,0,0,0,0,0,0,0,0.0,0.0,40.0,0.0,40.0
1227,10,400.0,15,8,3,0.15,400,MODEL_BASED,0.05,10,0.9,3,10,MODEL_BASED,4,403,0,0,0,0,0,0,0,0.0,0.0,40.0,0.0,40.0
1228,10,400.0,15,8,3,0.15,400,MODEL_BASED,0.1,0,0.9,3,10,MODEL_BASED,2,401,0,0,0,0,0,0,0,0.0,0.0,20.0,0.0,20.0
1226,10,400.0,15,8,3,0.15,400,MODEL_BASED,0.05,5,0.9,3,10,MODEL_BASED,4,403,0,0,0,0,0,0,0,0.0,0.0,40.0,0.0,40.0
1230,10,400.0,15,8,3,0.15,400,MODEL_BASED,0.1,5,0.9,3,10,MODEL_BASED,2,401,0,0,0,0,0,0,0,0.0,0.0,20.0,0.0,20.0
1231,10,400.0,15,8,3,0.15,400,MODEL_BASED,0.1,10,0.9,3,10,MODEL_BASED,2,401,0,0,0,0,0,0,0,0.0,0.0,20.0,0.0,20.0
1216,10,400.0,15,8,3,0.15,400,REFLEX,0.5,0,0.9,3,10,REFLEX,13,406,0,0,0,0,0,0,0,0.0,0.0,130.0,0.0,130.0
1224,10,400.0,15,8,3,0.15,400,MODEL_BASED,0.05,0,0.9,3,10,MODEL_BASED,4,403,0,0,0,0,0,0,0,0.0,0.0,40.0,0.0,40.0
1234,10,400.0,15,8,3,0.15,400,MODEL_BASED,0.25,5,0.9,3,10,MODEL_BASED,4,402,0,0,0,0,0,0,0,0.0,0.0,40.0,0.0,40.0
1232,10,400.0,15,8,3,0.15,400,MODEL_BASED,0.25,0,0.9,3,10,MODEL_BASED,4,402,0,0,0,0,0,0,0,0.0,0.0,40.0,0.0,40.0
1235,10,400.0,15,8,3,0.15,400,MODEL_BASED,0.25,10,0.9,3,10,MODEL_BASED,4,402,0,0,0,0,0,0,0,0.0,0.0,40.0,0.0,40.0
1218,10,400.0,15,8,3,0.15,400,REFLEX,0.5,5,0.9,3,10,REFLEX,13,406,0,0,0,0,0,0,0,0.0,0.0,130.0,0.0,130.0
1236,10,400.0,15,8,3,0.15,400,MODEL_BASED,0.5,0,0.9,3,10,MODEL_BASED,9,262,0,0,0,0,0,0,0,0.0,0.0,90.0,0.0,90.0
1238,10,400.0,15,8,3,0.15,400,MODEL_BASED,0.5,5,0.9,3,10,MODEL_BASED,9,262,0,0,0,0,0,0,0,0.0,0.0,90.0,0.0,90.0
1240,10,400.0,15,8,3,0.15,400,OPEN_LOOP,0.0,0,0.9,3,10,OPEN_LOOP,9,400,0,0,0,0,0,0,0,0.0,0.0,90.0,0.0,90.0
1241,10,400.0,15,8,3,0.15,400,OPEN_LOOP,0.0,2,0.9,3,10,OPEN_LOOP,9,400,0,0,0,0,0,0,0,0.0,0.0,90.0,0.0,90.0
1242,10,400.0,15,8,3,0.15,400,OPEN_LOOP,0.0,5,0.9,3,10,OPEN_LOOP,9,400,0,0,0,0,0,0,0,0.0,0.0,90.0,0.0,90.0
1233,10,400.0,15,8,3,0.15,400,MODEL_BASED,0.25,2,0.9,3,10,MODEL_BASED,4,402,0,0,0,0,0,0,0,0.0,0.0,40.0,0.0,40.0
1243,10,400.0,15,8,3,0.15,400,OPEN_LOOP,0.0,10,0.9,3,10,OPEN_LOOP,9,400,0,0,0,0,0,0,0,0.0,0.0,90.0,0.0,90.0
1239,10,400.0,15,8,3,0.15,400,MODEL_BASED,0.5,10,0.9,3,10,MODEL_BASED,9,262,0,0,0,0,0,0,0,0.0,0.0,90.0,0.0,90.0
1246,10,400.0,15,8,3,0.15,400,OPEN_LOOP,0.05,5,0.9,3,10,OPEN_LOOP,13,397,0,0,0,3,3,3,0,0.0,4.666666666666667,130.0,0.0,130.0
1229,10,400.0,15,8,3,0.15,400,MODEL_BASED,0.1,2,0.9,3,10,MODEL_BASED,2,401,0,0,0,0,0,0,0,0.0,0.0,20.0,0.0,20.0
1244,10,400.0,15,8,3,0.15,400,OPEN_LOOP,0.05,0,0.9,3,10,OPEN_LOOP,13,397,0,0,0,3,3,3,0,0.0,4.666666666666667,130.0,0.0,130.0
1237,10,400.0,15,8,3,0.15,400,MODEL_BASED,0.5,2,0.9,3,10,MODEL_BASED,9,262,0,0,0,0,0,0,0,0.0,0.0,90.0,0.0,90.0
1247,10,400.0,15,8,3,0.15,400,OPEN_LOOP,0.05,10,0.9,3,10,OPEN_LOOP,13,397,0,0,0,3,3,3,0,0.0,4.666666666666667,130.0,0.0,130.0
1250,10,400.0,15,8,3,0.15,400,OPEN_LOOP,0.1,5,0.9,3,10,OPEN_LOOP,13,391,0,0,0,9,9,9,0,0.0,3.111111111111111,130.0,0.0,130.0
1245,10,400.0,15,8,3,0.15,400,OPEN_LOOP,0.05,2,0.9,3,10,OPEN_LOOP,13,397,0,0,0,3,3,3,0,0.0,4.666666666666667,130.0,0.0,130.0
1249,10,400.0,15,8,3,0.15,400,OPEN_LOOP,0.1,2,0.9,3,10,OPEN_LOOP,13,391,0,0,0,9,9,9,0,0.0,3.111111111111111,130.0,0.0,130.0
1248,10,400.0,15,8,3,0.15,400,OPEN_LOOP,0.1,0,0.9,3,10,OPEN_LOOP,13,391,0,0,0,9,9,9,0,0.0,3.111111111111111,130.0,0.0,130.0
1252,10,400.0,15,8,3,0.15,400,OPEN_LOOP,0.25,0,0.9,3,10,OPEN_LOOP,12,379,0,0,0,24,23,21,0,0.04166666666666663,2.869565217391304,120.0,0.0,120.0
1253,10,400.0,15,8,3,0.15,400,OPEN_LOOP,0.25,2,0.9,3,10,OPEN_LOOP,12,379,0,0,0,24,23,21,0,0.04166666666666663,2.869565217391304,120.0,0.0,120.0
1251,10,400.0,15,8,3,0.15,400,OPEN_LOOP,0.1,10,0.9,3,10,OPEN_LOOP,13,391,0,0,0,9,9,9,0,0.0,3.111111111111111,130.0,0.0,130.0
1261,10,400.0,15,8,3,0.15,400,COLD_RESTART,0.0,2,0.9,3,10,COLD_RESTART,9,400,0,0,0,0,0,0,0,0.0,0.0,90.0,0.0,90.0
1262,10,400.0,15,8,3,0.15,400,COLD_RESTART,0.0,5,0.9,3,10,COLD_RESTART,9,400,0,0,0,0,0,0,0,0.0,0.0,90.0,0.0,90.0
1254,10,400.0,15,8,3,0.15,400,OPEN_LOOP,0.25,5,0.9,3,10,OPEN_LOOP,12,379,0,0,0,24,23,21,0,0.04166666666666663,2.869565217391304,120.0,0.0,120.0
1255,10,400.0,15,8,3,0.15,400,OPEN_LOOP,0.25,10,0.9,3,10,OPEN_LOOP,12,379,0,0,0,24,23,21,0,0.04166666666666663,2.869565217391304,120.0,0.0,120.0
1257,10,400.0,15,8,3,0.15,400,OPEN_LOOP,0.5,2,0.9,3,10,OPEN_LOOP,14,362,0,0,0,46,45,38,0,0.021739130434782594,2.4,140.0,0.0,140.0
1263,10,400.0,15,8,3,0.15,400,COLD_RESTART,0.0,10,0.9,3,10,COLD_RESTART,9,400,0,0,0,0,0,0,0,0.0,0.0,90.0,0.0,90.0
1256,10,400.0,15,8,3,0.15,400,OPEN_LOOP,0.5,0,0.9,3,10,OPEN_LOOP,14,362,0,0,0,46,45,38,0,0.021739130434782594,2.4,140.0,0.0,140.0
1258,10,400.0,15,8,3,0.15,400,OPEN_LOOP,0.5,5,0.9,3,10,OPEN_LOOP,14,362,0,0,0,46,45,38,0,0.021739130434782594,2.4,140.0,0.0,140.0
1259,10,400.0,15,8,3,0.15,400,OPEN_LOOP,0.5,10,0.9,3,10,OPEN_LOOP,14,362,0,0,0,46,45,38,0,0.021739130434782594,2.4,140.0,0.0,140.0
1264,10,400.0,15,8,3,0.15,400,COLD_RESTART,0.05,0,0.9,3,10,COLD_RESTART,11,399,0,2,0,3,3,1,0,0.0,5.666666666666667,110.0,0.0,110.0
1265,10,400.0,15,8,3,0.15,400,COLD_RESTART,0.05,2,0.9,3,10,COLD_RESTART,7,389,6,3,0,5,5,2,0,0.0,7.0,70.0,0.0,70.0
1266,10,400.0,15,8,3,0.15,400,COLD_RESTART,0.05,5,0.9,3,10,COLD_RESTART,9,380,15,3,0,4,4,2,0,0.0,8.0,90.0,0.0,90.0
1260,10,400.0,15,8,3,0.15,400,COLD_RESTART,0.0,0,0.9,3,10,COLD_RESTART,9,400,0,0,0,0,0,0,0,0.0,0.0,90.0,0.0,90.0
1268,10,400.0,15,8,3,0.15,400,COLD_RESTART,0.1,0,0.9,3,10,COLD_RESTART,6,399,0,10,2,9,9,1,5,0.0,5.888888888888889,60.0,0.0,60.0
1269,10,400.0,15,8,3,0.15,400,COLD_RESTART,0.1,2,0.9,3,10,COLD_RESTART,7,359,27,12,5,14,14,2,4,0.0,2.142857142857143,70.0,0.0,70.0
1272,10,400.0,15,8,3,0.15,400,COLD_RESTART,0.25,0,0.9,3,10,COLD_RESTART,5,400,0,9,3,7,6,0,1,0.1428571428571429,3.0,50.0,0.0,50.0
1273,10,400.0,15,8,3,0.15,400,COLD_RESTART,0.25,2,0.9,3,10,COLD_RESTART,4,358,32,10,16,15,15,0,1,0.0,1.9333333333333333,40.0,0.0,40.0
1271,10,400.0,15,8,3,0.15,400,COLD_RESTART,0.1,10,0.9,3,10,COLD_RESTART,4,297,90,9,1,12,11,4,6,0.08333333333333337,4.181818181818182,40.0,0.0,40.0
1280,10,400.0,15,8,3,0.15,400,CLOSED_LOOP,0.0,0,0.9,3,10,CLOSED_LOOP,9,400,0,0,0,0,0,0,0,0.0,0.0,90.0,0.0,90.0
1267,10,400.0,15,8,3,0.15,400,COLD_RESTART,0.05,10,0.9,3,10,COLD_RESTART,9,388,10,1,0,2,2,1,0,0.0,5.5,90.0,0.0,90.0
1281,10,400.0,15,8,3,0.15,400,CLOSED_LOOP,0.0,2,0.9,3,10,CLOSED_LOOP,9,400,0,0,0,0,0,0,0,0.0,0.0,90.0,0.0,90.0
1277,10,400.0,15,8,3,0.15,400,COLD_RESTART,0.5,2,0.9,3,10,COLD_RESTART,3,240,119,27,82,52,51,9,4,0.019230769230769273,1.1568627450980393,30.0,0.0,30.0
1274,10,400.0,15,8,3,0.15,400,COLD_RESTART,0.25,5,0.9,3,10,COLD_RESTART,4,259,116,15,34,32,31,8,3,0.03125,1.3870967741935485,40.0,0.0,40.0
1270,10,400.0,15,8,3,0.15,400,COLD_RESTART,0.1,5,0.9,3,10,COLD_RESTART,4,247,129,22,12,29,28,1,10,0.03448275862068961,3.0714285714285716,40.0,0.0,40.0
1276,10,400.0,15,8,3,0.15,400,COLD_RESTART,0.5,0,0.9,3,10,COLD_RESTART,6,398,0,64,33,29,29,2,21,0.0,1.7586206896551724,60.0,0.0,60.0
1279,10,400.0,15,8,3,0.15,400,COLD_RESTART,0.5,10,0.9,3,10,COLD_RESTART,1,204,181,4,70,42,42,7,0,0.0,1.2380952380952381,10.0,0.0,10.0
1282,10,400.0,15,8,3,0.15,400,CLOSED_LOOP,0.0,5,0.9,3,10,CLOSED_LOOP,9,400,0,0,0,0,0,0,0,0.0,0.0,90.0,0.0,90.0
1284,10,400.0,15,8,3,0.15,400,CLOSED_LOOP,0.05,0,0.9,3,10,CLOSED_LOOP,11,399,0,2,0,3,3,1,0,0.0,5.666666666666667,110.0,0.0,110.0
1275,10,400.0,15,8,3,0.15,400,COLD_RESTART,0.25,10,0.9,3,10,COLD_RESTART,0,63,328,7,95,56,55,1,2,0.017857142857142905,1.018181818181818,0.0,0.0,0.0
1287,10,400.0,15,8,3,0.15,400,CLOSED_LOOP,0.05,10,0.9,3,10,CLOSED_LOOP,9,388,10,1,0,2,2,1,0,0.0,5.5,90.0,0.0,90.0
1286,10,400.0,15,8,3,0.15,400,CLOSED_LOOP,0.05,5,0.9,3,10,CLOSED_LOOP,9,380,15,3,0,4,4,2,0,0.0,8.0,90.0,0.0,90.0
1283,10,400.0,15,8,3,0.15,400,CLOSED_LOOP,0.0,10,0.9,3,10,CLOSED_LOOP,9,400,0,0,0,0,0,0,0,0.0,0.0,90.0,0.0,90.0
1290,10,400.0,15,8,3,0.15,400,CLOSED_LOOP,0.1,5,0.9,3,10,CLOSED_LOOP,8,315,69,11,7,19,17,4,0,0.10526315789473684,2.2941176470588234,80.0,0.0,80.0
1285,10,400.0,15,8,3,0.15,400,CLOSED_LOOP,0.05,2,0.9,3,10,CLOSED_LOOP,7,389,6,3,0,5,5,2,0,0.0,7.0,70.0,0.0,70.0
1291,10,400.0,15,8,3,0.15,400,CLOSED_LOOP,0.1,10,0.9,3,10,CLOSED_LOOP,9,240,146,13,4,16,16,1,0,0.0,3.5625,90.0,0.0,90.0
1288,10,400.0,15,8,3,0.15,400,CLOSED_LOOP,0.1,0,0.9,3,10,CLOSED_LOOP,12,400,0,13,2,12,11,0,0,0.08333333333333337,4.2727272727272725,120.0,0.0,120.0
1292,10,400.0,15,8,3,0.15,400,CLOSED_LOOP,0.25,0,0.9,3,10,CLOSED_LOOP,10,400,0,9,1,9,8,0,0,0.11111111111111116,1.625,100.0,0.0,100.0
1300,10,400.0,15,8,3,0.15,400,GOVERNED,0.0,0,0.9,3,10,GOVERNED,9,400,0,0,0,0,0,0,0,0.0,0.0,90.0,0.0,90.0
1295,10,400.0,15,8,3,0.15,400,CLOSED_LOOP,0.25,10,0.9,3,10,CLOSED_LOOP,3,192,199,6,50,37,36,2,0,0.027027027027026973,1.0555555555555556,30.0,0.0,30.0
1289,10,400.0,15,8,3,0.15,400,CLOSED_LOOP,0.1,2,0.9,3,10,CLOSED_LOOP,7,381,12,6,0,6,6,1,0,0.0,3.3333333333333335,70.0,0.0,70.0
1293,10,400.0,15,8,3,0.15,400,CLOSED_LOOP,0.25,2,0.9,3,10,CLOSED_LOOP,6,329,52,17,26,24,23,1,0,0.04166666666666663,1.1304347826086956,60.0,0.0,60.0
1302,10,400.0,15,8,3,0.15,400,GOVERNED,0.0,5,0.9,3,10,GOVERNED,9,400,0,0,0,0,0,0,0,0.0,0.0,90.0,0.0,90.0
1301,10,400.0,15,8,3,0.15,400,GOVERNED,0.0,2,0.9,3,10,GOVERNED,9,400,0,0,0,0,0,0,0,0.0,0.0,90.0,0.0,90.0
1303,10,400.0,15,8,3,0.15,400,GOVERNED,0.0,10,0.9,3,10,GOVERNED,9,400,0,0,0,0,0,0,0,0.0,0.0,90.0,0.0,90.0
1278,10,400.0,15,8,3,0.15,400,COLD_RESTART,0.5,5,0.9,3,10,COLD_RESTART,0,77,303,17,186,75,75,2,0,0.0,1.0,0.0,0.0,0.0
1304,10,400.0,15,8,3,0.15,400,GOVERNED,0.05,0,0.9,3,10,GOVERNED,11,399,0,2,0,3,3,1,0,0.0,5.666666666666667,110.0,0.0,110.0
1299,10,400.0,15,8,3,0.15,400,CLOSED_LOOP,0.5,10,0.9,3,10,CLOSED_LOOP,1,204,181,4,70,42,42,7,0,0.0,1.2380952380952381,10.0,0.0,10.0
1297,10,400.0,15,8,3,0.15,400,CLOSED_LOOP,0.5,2,0.9,3,10,CLOSED_LOOP,3,265,100,23,78,46,45,8,0,0.021739130434782594,1.1777777777777778,30.0,0.0,30.0
1298,10,400.0,15,8,3,0.15,400,CLOSED_LOOP,0.5,5,0.9,3,10,CLOSED_LOOP,0,77,303,17,186,75,75,2,0,0.0,1.0,0.0,0.0,0.0
1307,10,400.0,15,8,3,0.15,400,GOVERNED,0.05,10,0.9,3,10,GOVERNED,9,388,10,1,0,2,2,1,0,0.0,5.5,90.0,0.0,90.0
1305,10,400.0,15,8,3,0.15,400,GOVERNED,0.05,2,0.9,3,10,GOVERNED,7,389,6,3,0,5,5,2,0,0.0,7.0,70.0,0.0,70.0
1306,10,400.0,15,8,3,0.15,400,GOVERNED,0.05,5,0.9,3,10,GOVERNED,9,380,15,3,0,4,4,2,0,0.0,8.0,90.0,0.0,90.0
1310,10,400.0,15,8,3,0.15,400,GOVERNED,0.1,5,0.9,3,10,GOVERNED,8,315,69,11,7,19,17,4,0,0.10526315789473684,2.2941176470588234,80.0,0.0,80.0
1312,10,400.0,15,8,3,0.15,400,GOVERNED,0.25,0,0.9,3,10,GOVERNED,10,400,0,9,1,9,8,0,0,0.11111111111111116,1.625,100.0,0.0,100.0
1296,10,400.0,15,8,3,0.15,400,CLOSED_LOOP,0.5,0,0.9,3,10,CLOSED_LOOP,8,398,0,27,15,14,14,2,0,0.0,2.357142857142857,80.0,0.0,80.0
1294,10,400.0,15,8,3,0.15,400,CLOSED_LOOP,0.25,5,0.9,3,10,CLOSED_LOOP,6,175,201,22,59,52,49,1,0,0.05769230769230771,1.6938775510204083,60.0,0.0,60.0
1309,10,400.0,15,8,3,0.15,400,GOVERNED,0.1,2,0.9,3,10,GOVERNED,7,381,12,6,0,6,6,1,0,0.0,3.3333333333333335,70.0,0.0,70.0
1311,10,400.0,15,8,3,0.15,400,GOVERNED,0.1,10,0.9,3,10,GOVERNED,9,240,146,13,4,16,16,1,0,0.0,3.5625,90.0,0.0,90.0
1313,10,400.0,15,8,3,0.15,400,GOVERNED,0.25,2,0.9,3,10,GOVERNED,6,329,52,17,26,24,23,1,0,0.04166666666666663,1.1304347826086956,60.0,0.0,60.0
1308,10,400.0,15,8,3,0.15,400,GOVERNED,0.1,0,0.9,3,10,GOVERNED,12,400,0,13,2,12,11,0,0,0.08333333333333337,4.2727272727272725,120.0,0.0,120.0
1321,11,400.0,15,8,3,0.15,400,REFLEX,0.0,2,0.9,3,11,REFLEX,6,404,0,0,0,0,0,0,0,0.0,0.0,60.0,0.0,60.0
1320,11,400.0,15,8,3,0.15,400,REFLEX,0.0,0,0.9,3,11,REFLEX,6,404,0,0,0,0,0,0,0,0.0,0.0,60.0,0.0,60.0
1316,10,400.0,15,8,3,0.15,400,GOVERNED,0.5,0,0.9,3,10,GOVERNED,8,398,0,27,15,14,14,2,0,0.0,2.357142857142857,80.0,0.0,80.0
1317,10,400.0,15,8,3,0.15,400,GOVERNED,0.5,2,0.9,3,10,GOVERNED,3,265,100,23,78,46,45,8,0,0.021739130434782594,1.1777777777777778,30.0,0.0,30.0
1326,11,400.0,15,8,3,0.15,400,REFLEX,0.05,5,0.9,3,11,REFLEX,2,402,0,0,0,0,0,0,0,0.0,0.0,20.0,0.0,20.0
1315,10,400.0,15,8,3,0.15,400,GOVERNED,0.25,10,0.9,3,10,GOVERNED,3,192,199,6,50,37,36,2,0,0.027027027027026973,1.0555555555555556,30.0,0.0,30.0
1327,11,400.0,15,8,3,0.15,400,REFLEX,0.05,10,0.9,3,11,REFLEX,2,402,0,0,0,0,0,0,0,0.0,0.0,20.0,0.0,20.0
1325,11,400.0,15,8,3,0.15,400,REFLEX,0.05,2,0.9,3,11,REFLEX,2,402,0,0,0,0,0,0,0,0.0,0.0,20.0,0.0,20.0
1323,11,400.0,15,8,3,0.15,400,REFLEX,0.0,10,0.9,3,11,REFLEX,6,404,0,0,0,0,0,0,0,0.0,0.0,60.0,0.0,60.0
1324,11,400.0,15,8,3,0.15,400,REFLEX,0.05,0,0.9,3,11,REFLEX,2,402,0,0,0,0,0,0,0,0.0,0.0,20.0,0.0,20.0
1329,11,400.0,15,8,3,0.15,400,REFLEX,0.1,2,0.9,3,11,REFLEX,2,402,0,0,0,0,0,0,0,0.0,0.0,20.0,0.0,20.0
1314,10,400.0,15,8,3,0.15,400,GOVERNED,0.25,5,0.9,3,10,GOVERNED,6,175,201,22,59,52,49,1,0,0.05769230769230771,1.6938775510204083,60.0,0.0,60.0
1328,11,400.0,15,8,3,0.15,400,REFLEX,0.1,0,0.9,3,11,REFLEX,2,402,0,0,0,0,0,0,0,0.0,0.0,20.0,0.0,20.0
1331,11,400.0,15,8,3,0.15,400,REFLEX,0.1,10,0.9,3,11,REFLEX,2,402,0,0,0,0,0,0,0,0.0,0.0,20.0,0.0,20.0
1318,10,400.0,15,8,3,0.15,400,GOVERNED,0.5,5,0.9,3,10,GOVERNED,0,77,303,17,186,75,75,2,0,0.0,1.0,0.0,0.0,0.0
1319,10,400.0,15,8,3,0.15,400,GOVERNED,0.5,10,0.9,3,10,GOVERNED,1,204,181,4,70,42,42,7,0,0.0,1.2380952380952381,10.0,0.0,10.0
1330,11,400.0,15,8,3,0.15,400,REFLEX,0.1,5,0.9,3,11,REFLEX,2,402,0,0,0,0,0,0,0,0.0,0.0,20.0,0.0,20.0
1332,11,400.0,15,8,3,0.15,400,REFLEX,0.25,0,0.9,3,11,REFLEX,4,402,0,0,0,0,0,0,0,0.0,0.0,40.0,0.0,40.0
1333,11,400.0,15,8,3,0.15,400,REFLEX,0.25,2,0.9,3,11,REFLEX,4,402,0,0,0,0,0,0,0,0.0,0.0,40.0,0.0,40.0
1334,11,400.0,15,8,3,0.15,400,REFLEX,0.25,5,0.9,3,11,REFLEX,4,402,0,0,0,0,0,0,0,0.0,0.0,40.0,0.0,40.0
1322,11,400.0,15,8,3,0.15,400,REFLEX,0.0,5,0.9,3,11,REFLEX,6,404,0,0,0,0,0,0,0,0.0,0.0,60.0,0.0,60.0
1336,11,400.0,15,8,3,0.15,400,REFLEX,0.5,0,0.9,3,11,REFLEX,3,233,0,0,0,0,0,0,0,0.0,0.0,30.0,0.0,30.0
1340,11,400.0,15,8,3,0.15,400,MODEL_BASED,0.0,0,0.9,3,11,MODEL_BASED,13,407,0,0,0,0,0,0,0,0.0,0.0,130.0,0.0,130.0
1338,11,400.0,15,8,3,0.15,400,REFLEX,0.5,5,0.9,3,11,REFLEX,3,233,0,0,0,0,0,0,0,0.0,0.0,30.0,0.0,30.0
1342,11,400.0,15,8,3,0.15,400,MODEL_BASED,0.0,5,0.9,3,11,MODEL_BASED,13,407,0,0,0,0,0,0,0,0.0,0.0,130.0,0.0,130.0
1335,11,400.0,15,8,3,0.15,400,REFLEX,0.25,10,0.9,3,11,REFLEX,4,402,0,0,0,0,0,0,0,0.0,0.0,40.0,0.0,40.0
1337,11,400.0,15,8,3,0.15,400,REFLEX,0.5,2,0.9,3,11,REFLEX,3,233,0,0,0,0,0,0,0,0.0,0.0,30.0,0.0,30.0
1345,11,400.0,15,8,3,0.15,400,MODEL_BASED,0.05,2,0.9,3,11,MODEL_BASED,2,402,0,0,0,0,0,0,0,0.0,0.0,20.0,0.0,20.0
1344,11,400.0,15,8,3,0.15,400,MODEL_BASED,0.05,0,0.9,3,11,MODEL_BASED,2,402,0,0,0,0,0,0,0,0.0,0.0,20.0,0.0,20.0
1341,11,400.0,15,8,3,0.15,400,MODEL_BASED,0.0,2,0.9,3,11,MODEL_BASED,13,407,0,0,0,0,0,0,0,0.0,0.0,130.0,0.0,130.0
1339,11,400.0,15,8,3,0.15,400,REFLEX,0.5,10,0.9,3,11,REFLEX,3,233,0,0,0,0,0,0,0,0.0,0.0,30.0,0.0,30.0
1349,11,400.0,15,8,3,0.15,400,MODEL_BASED,0.1,2,0.9,3,11,MODEL_BASED,4,402,0,0,0,0,0,0,0,0.0,0.0,40.0,0.0,40.0
1343,11,400.0,15,8,3,0.15,400,MODEL_BASED,0.0,10,0.9,3,11,MODEL_BASED,13,407,0,0,0,0,0,0,0,0.0,0.0,130.0,0.0,130.0
1350,11,400.0,15,8,3,0.15,400,MODEL_BASED,0.1,5,0.9,3,11,MODEL_BASED,4,402,0,0,0,0,0,0,0,0.0,0.0,40.0,0.0,40.0
1347,11,400.0,15,8,3,0.15,400,MODEL_BASED,0.05,10,0.9,3,11,MODEL_BASED,2,402,0,0,0,0,0,0,0,0.0,0.0,20.0,0.0,20.0
1351,11,400.0,15,8,3,0.15,400,MODEL_BASED,0.1,10,0.9,3,11,MODEL_BASED,4,402,0,0,0,0,0,0,0,0.0,0.0,40.0,0.0,40.0
1346,11,400.0,15,8,3,0.15,400,MODEL_BASED,0.05,5,0.9,3,11,MODEL_BASED,2,402,0,0,0,0,0,0,0,0.0,0.0,20.0,0.0,20.0
1354,11,400.0,15,8,3,0.15,400,MODEL_BASED,0.25,5,0.9,3,11,MODEL_BASED,16,379,0,0,0,0,0,0,0,0.0,0.0,160.0,0.0,160.0
1352,11,400.0,15,8,3,0.15,400,MODEL_BASED,0.25,0,0.9,3,11,MODEL_BASED,16,379,0,0,0,0,0,0,0,0.0,0.0,160.0,0.0,160.0
1355,11,400.0,15,8,3,0.15,400,MODEL_BASED,0.25,10,0.9,3,11,MODEL_BASED,16,379,0,0,0,0,0,0,0,0.0,0.0,160.0,0.0,160.0
1359,11,400.0,15,8,3,0.15,400,MODEL_BASED,0.5,10,0.9,3,11,MODEL_BASED,2,402,0,0,0,0,0,0,0,0.0,0.0,20.0,0.0,20.0
1356,11,400.0,15,8,3,0.15,400,MODEL_BASED,0.5,0,0.9,3,11,MODEL_BASED,2,402,0,0,0,0,0,0,0,0.0,0.0,20.0,0.0,20.0
1360,11,400.0,15,8,3,0.15,400,OPEN_LOOP,0.0,0,0.9,3,11,OPEN_LOOP,7,400,0,0,0,0,0,0,0,0.0,0.0,70.0,0.0,70.0
1361,11,400.0,15,8,3,0.15,400,OPEN_LOOP,0.0,2,0.9,3,11,OPEN_LOOP,7,400,0,0,0,0,0,0,0,0.0,0.0,70.0,0.0,70.0
1358,11,400.0,15,8,3,0.15,400,MODEL_BASED,0.5,5,0.9,3,11,MODEL_BASED,2,402,0,0,0,0,0,0,0,0.0,0.0,20.0,0.0,20.0
1348,11,400.0,15,8,3,0.15,400,MODEL_BASED,0.1,0,0.9,3,11,MODEL_BASED,4,402,0,0,0,0,0,0,0,0.0,0.0,40.0,0.0,40.0
1364,11,400.0,15,8,3,0.15,400,OPEN_LOOP,0.05,0,0.9,3,11,OPEN_LOOP,2,400,0,0,0,0,0,0,0,0.0,0.0,20.0,0.0,20.0
1363,11,400.0,15,8,3,0.15,400,OPEN_LOOP,0.0,10,0.9,3,11,OPEN_LOOP,7,400,0,0,0,0,0,0,0,0.0,0.0,70.0,0.0,70.0
1362,11,400.0,15,8,3,0.15,400,OPEN_LOOP,0.0,5,0.9,3,11,OPEN_LOOP,7,400,0,0,0,0,0,0,0,0.0,0.0,70.0,0.0,70.0
1365,11,400.0,15,8,3,0.15,400,OPEN_LOOP,0.05,2,0.9,3,11,OPEN_LOOP,2,400,0,0,0,0,0,0,0,0.0,0.0,20.0,0.0,20.0
1357,11,400.0,15,8,3,0.15,400,MODEL_BASED,0.5,2,0.9,3,11,MODEL_BASED,2,402,0,0,0,0,0,0,0,0.0,0.0,20.0,0.0,20.0
1368,11,400.0,15,8,3,0.15,400,OPEN_LOOP,0.1,0,0.9,3,11,OPEN_LOOP,8,396,0,0,0,7,5,4,0,0.2857142857142857,3.4,80.0,0.0,80.0
1369,11,400.0,15,8,3,0.15,400,OPEN_LOOP,0.1,2,0.9,3,11,OPEN_LOOP,8,396,0,0,0,7,5,4,0,0.2857142857142857,3.4,80.0,0.0,80.0
1370,11,400.0,15,8,3,0.15,400,OPEN_LOOP,0.1,5,0.9,3,11,OPEN_LOOP,8,396,0,0,0,7,5,4,0,0.2857142857142857,3.4,80.0,0.0,80.0
1353,11,400.0,15,8,3,0.15,400,MODEL_BASED,0.25,2,0.9,3,11,MODEL_BASED,16,379,0,0,0,0,0,0,0,0.0,0.0,160.0,0.0,160.0
1372,11,400.0,15,8,3,0.15,400,OPEN_LOOP,0.25,0,0.9,3,11,OPEN_LOOP,3,398,0,0,0,2,2,2,0,0.0,1.0,30.0,0.0,30.0
1373,11,400.0,15,8,3,0.15,400,OPEN_LOOP,0.25,2,0.9,3,11,OPEN_LOOP,3,398,0,0,0,2,2,2,0,0.0,1.0,30.0,0.0,30.0
1374,11,400.0,15,8,3,0.15,400,OPEN_LOOP,0.25,5,0.9,3,11,OPEN_LOOP,3,398,0,0,0,2,2,2,0,0.0,1.0,30.0,0.0,30.0
1375,11,400.0,15,8,3,0.15,400,OPEN_LOOP,0.25,10,0.9,3,11,OPEN_LOOP,3,398,0,0,0,2,2,2,0,0.0,1.0,30.0,0.0,30.0
1371,11,400.0,15,8,3,0.15,400,OPEN_LOOP,0.1,10,0.9,3,11,OPEN_LOOP,8,396,0,0,0,7,5,4,0,0.2857142857142857,3.4,80.0,0.0,80.0
1366,11,400.0,15,8,3,0.15,400,OPEN_LOOP,0.05,5,0.9,3,11,OPEN_LOOP,2,400,0,0,0,0,0,0,0,0.0,0.0,20.0,0.0,20.0
1367,11,400.0,15,8,3,0.15,400,OPEN_LOOP,0.05,10,0.9,3,11,OPEN_LOOP,2,400,0,0,0,0,0,0,0,0.0,0.0,20.0,0.0,20.0
1382,11,400.0,15,8,3,0.15,400,COLD_RESTART,0.0,5,0.9,3,11,COLD_RESTART,7,400,0,0,0,0,0,0,0,0.0,0.0,70.0,0.0,70.0
1378,11,400.0,15,8,3,0.15,400,OPEN_LOOP,0.5,5,0.9,3,11,OPEN_LOOP,9,389,0,0,0,15,15,11,0,0.0,1.3333333333333333,90.0,0.0,90.0
1384,11,400.0,15,8,3,0.15,400,COLD_RESTART,0.05,0,0.9,3,11,COLD_RESTART,2,400,0,0,0,0,0,0,0,0.0,0.0,20.0,0.0,20.0
1383,11,400.0,15,8,3,0.15,400,COLD_RESTART,0.0,10,0.9,3,11,COLD_RESTART,7,400,0,0,0,0,0,0,0,0.0,0.0,70.0,0.0,70.0
1380,11,400.0,15,8,3,0.15,400,COLD_RESTART,0.0,0,0.9,3,11,COLD_RESTART,7,400,0,0,0,0,0,0,0,0.0,0.0,70.0,0.0,70.0
1377,11,400.0,15,8,3,0.15,400,OPEN_LOOP,0.5,2,0.9,3,11,OPEN_LOOP,9,389,0,0,0,15,15,11,0,0.0,1.3333333333333333,90.0,0.0,90.0
1379,11,400.0,15,8,3,0.15,400,OPEN_LOOP,0.5,10,0.9,3,11,OPEN_LOOP,9,389,0,0,0,15,15,11,0,0.0,1.3333333333333333,90.0,0.0,90.0
1381,11,400.0,15,8,3,0.15,400,COLD_RESTART,0.0,2,0.9,3,11,COLD_RESTART,7,400,0,0,0,0,0,0,0,0.0,0.0,70.0,0.0,70.0
1387,11,400.0,15,8,3,0.15,400,COLD_RESTART,0.05,10,0.9,3,11,COLD_RESTART,2,400,0,0,0,0,0,0,0,0.0,0.0,20.0,0.0,20.0
1386,11,400.0,15,8,3,0.15,400,COLD_RESTART,0.05,5,0.9,3,11,COLD_RESTART,2,400,0,0,0,0,0,0,0,0.0,0.0,20.0,0.0,20.0
1376,11,400.0,15,8,3,0.15,400,OPEN_LOOP,0.5,0,0.9,3,11,OPEN_LOOP,9,389,0,0,0,15,15,11,0,0.0,1.3333333333333333,90.0,0.0,90.0
1390,11,400.0,15,8,3,0.15,400,COLD_RESTART,0.1,5,0.9,3,11,COLD_RESTART,7,331,59,8,11,17,17,2,0,0.0,2.4705882352941178,70.0,0.0,70.0
1393,11,400.0,15,8,3,0.15,400,COLD_RESTART,0.25,2,0.9,3,11,COLD_RESTART,3,397,2,1,0,1,1,0,0,0.0,1.0,30.0,0.0,30.0
1392,11,400.0,15,8,3,0.15,400,COLD_RESTART,0.25,0,0.9,3,11,COLD_RESTART,3,400,0,2,0,2,2,0,0,0.0,1.0,30.0,0.0,30.0
1391,11,400.0,15,8,3,0.15,400,COLD_RESTART,0.1,10,0.9,3,11,COLD_RESTART,3,138,244,15,25,32,32,2,8,0.0,1.375,30.0,0.0,30.0
1385,11,400.0,15,8,3,0.15,400,COLD_RESTART,0.05,2,0.9,3,11,COLD_RESTART,2,400,0,0,0,0,0,0,0,0.0,0.0,20.0,0.0,20.0
1388,11,400.0,15,8,3,0.15,400,COLD_RESTART,0.1,0,0.9,3,11,COLD_RESTART,5,400,0,3,0,4,4,0,0,0.0,2.0,50.0,0.0,50.0
1396,11,400.0,15,8,3,0.15,400,COLD_RESTART,0.5,0,0.9,3,11,COLD_RESTART,10,399,0,50,22,29,29,1,14,0.0,1.206896551724138,100.0,0.0,100.0
1401,11,400.0,15,8,3,0.15,400,CLOSED_LOOP,0.0,2,0.9,3,11,CLOSED_LOOP,7,400,0,0,0,0,0,0,0,0.0,0.0,70.0,0.0,70.0
1400,11,400.0,15,8,3,0.15,400,CLOSED_LOOP,0.0,0,0.9,3,11,CLOSED_LOOP,7,400,0,0,0,0,0,0,0,0.0,0.0,70.0,0.0,70.0
1397,11,400.0,15,8,3,0.15,400,COLD_RESTART,0.5,2,0.9,3,11,COLD_RESTART,4,216,148,27,116,61,61,5,0,0.0,1.0,40.0,0.0,40.0
1403,11,400.0,15,8,3,0.15,400,CLOSED_LOOP,0.0,10,0.9,3,11,CLOSED_LOOP,7,400,0,0,0,0,0,0,0,0.0,0.0,70.0,0.0,70.0
1394,11,400.0,15,8,3,0.15,400,COLD_RESTART,0.25,5,0.9,3,11,COLD_RESTART,3,359,37,3,18,11,11,1,0,0.0,1.5454545454545454,30.0,0.0,30.0
1395,11,400.0,15,8,3,0.15,400,COLD_RESTART,0.25,10,0.9,3,11,COLD_RESTART,3,354,44,1,12,11,11,1,0,0.0,1.6363636363636365,30.0,0.0,30.0
1389,11,400.0,15,8,3,0.15,400,COLD_RESTART,0.1,2,0.9,3,11,COLD_RESTART,10,374,17,7,5,9,9,2,1,0.0,2.0,100.0,0.0,100.0
1405,11,400.0,15,8,3,0.15,400,CLOSED_LOOP,0.05,2,0.9,3,11,CLOSED_LOOP,2,400,0,0,0,0,0,0,0,0.0,0.0,20.0,0.0,20.0
1404,11,400.0,15,8,3,0.15,400,CLOSED_LOOP,0.05,0,0.9,3,11,CLOSED_LOOP,2,400,0,0,0,0,0,0,0,0.0,0.0,20.0,0.0,20.0
1399,11,400.0,15,8,3,0.15,400,COLD_RESTART,0.5,10,0.9,3,11,COLD_RESTART,0,27,360,6,177,85,85,4,0,0.0,1.011764705882353,0.0,0.0,0.0
1408,11,400.0,15,8,3,0.15,400,CLOSED_LOOP,0.1,0,0.9,3,11,CLOSED_LOOP,5,400,0,3,0,4,4,0,0,0.0,2.0,50.0,0.0,50.0
1398,11,400.0,15,8,3,0.15,400,COLD_RESTART,0.5,5,0.9,3,11,COLD_RESTART,1,79,305,6,146,91,91,7,0,0.0,1.021978021978022,10.0,0.0,10.0
1409,11,400.0,15,8,3,0.15,400,CLOSED_LOOP,0.1,2,0.9,3,11,CLOSED_LOOP,11,377,15,7,2,7,7,1,0,0.0,2.7142857142857144,110.0,0.0,110.0
1402,11,400.0,15,8,3,0.15,400,CLOSED_LOOP,0.0,5,0.9,3,11,CLOSED_LOOP,7,400,0,0,0,0,0,0,0,0.0,0.0,70.0,0.0,70.0
1413,11,400.0,15,8,3,0.15,400,CLOSED_LOOP,0.25,2,0.9,3,11,CLOSED_LOOP,3,397,2,1,0,1,1,0,0,0.0,1.0,30.0,0.0,30.0
1410,11,400.0,15,8,3,0.15,400,CLOSED_LOOP,0.1,5,0.9,3,11,CLOSED_LOOP,7,331,59,8,11,17,17,2,0,0.0,2.4705882352941178,70.0,0.0,70.0
1406,11,400.0,15,8,3,0.15,400,CLOSED_LOOP,0.05,5,0.9,3,11,CLOSED_LOOP,2,400,0,0,0,0,0,0,0,0.0,0.0,20.0,0.0,20.0
1412,11,400.0,15,8,3,0.15,400,CLOSED_LOOP,0.25,0,0.9,3,11,CLOSED_LOOP,3,400,0,2,0,2,2,0,0,0.0,1.0,30.0,0.0,30.0
1411,11,400.0,15,8,3,0.15,400,CLOSED_LOOP,0.1,10,0.9,3,11,CLOSED_LOOP,8,295,96,7,6,11,11,2,0,0.0,2.3636363636363638,80.0,0.0,80.0
1407,11,400.0,15,8,3,0.15,400,CLOSED_LOOP,0.05,10,0.9,3,11,CLOSED_LOOP,2,400,0,0,0,0,0,0,0,0.0,0.0,20.0,0.0,20.0
1414,11,400.0,15,8,3,0.15,400,CLOSED_LOOP,0.25,5,0.9,3,11,CLOSED_LOOP,3,359,37,3,18,11,11,1,0,0.0,1.5454545454545454,30.0,0.0,30.0
1416,11,400.0,15,8,3,0.15,400,CLOSED_LOOP,0.5,0,0.9,3,11,CLOSED_LOOP,10,400,0,25,10,15,15,0,0,0.0,1.1333333333333333,100.0,0.0,100.0
1420,11,400.0,15,8,3,0.15,400,GOVERNED,0.0,0,0.9,3,11,GOVERNED,7,400,0,0,0,0,0,0,0,0.0,0.0,70.0,0.0,70.0
1417,11,400.0,15,8,3,0.15,400,CLOSED_LOOP,0.5,2,0.9,3,11,CLOSED_LOOP,4,216,148,27,116,61,61,5,0,0.0,1.0,40.0,0.0,40.0
1422,11,400.0,15,8,3,0.15,400,GOVERNED,0.0,5,0.9,3,11,GOVERNED,7,400,0,0,0,0,0,0,0,0.0,0.0,70.0,0.0,70.0
1423,11,400.0,15,8,3,0.15,400,GOVERNED,0.0,10,0.9,3,11,GOVERNED,7,400,0,0,0,0,0,0,0,0.0,0.0,70.0,0.0,70.0
1424,11,400.0,15,8,3,0.15,400,GOVERNED,0.05,0,0.9,3,11,GOVERNED,2,400,0,0,0,0,0,0,0,0.0,0.0,20.0,0.0,20.0
1427,11,400.0,15,8,3,0.15,400,GOVERNED,0.05,10,0.9,3,11,GOVERNED,2,400,0,0,0,0,0,0,0,0.0,0.0,20.0,0.0,20.0
1426,11,400.0,15,8,3,0.15,400,GOVERNED,0.05,5,0.9,3,11,GOVERNED,2,400,0,0,0,0,0,0,0,0.0,0.0,20.0,0.0,20.0
1415,11,400.0,15,8,3,0.15,400,CLOSED_LOOP,0.25,10,0.9,3,11,CLOSED_LOOP,3,354,44,1,12,11,11,1,0,0.0,1.6363636363636365,30.0,0.0,30.0
1428,11,400.0,15,8,3,0.15,400,GOVERNED,0.1,0,0.9,3,11,GOVERNED,5,400,0,3,0,4,4,0,0,0.0,2.0,50.0,0.0,50.0
1429,11,400.0,15,8,3,0.15,400,GOVERNED,0.1,2,0.9,3,11,GOVERNED,11,377,15,7,2,7,7,1,0,0.0,2.7142857142857144,110.0,0.0,110.0
1425,11,400.0,15,8,3,0.15,400,GOVERNED,0.05,2,0.9,3,11,GOVERNED,2,400,0,0,0,0,0,0,0,0.0,0.0,20.0,0.0,20.0
1430,11,400.0,15,8,3,0.15,400,GOVERNED,0.1,5,0.9,3,11,GOVERNED,7,331,59,8,11,17,17,2,0,0.0,2.4705882352941178,70.0,0.0,70.0
1431,11,400.0,15,8,3,0.15,400,GOVERNED,0.1,10,0.9,3,11,GOVERNED,8,295,96,7,6,11,11,2,0,0.0,2.3636363636363638,80.0,0.0,80.0
1432,11,400.0,15,8,3,0.15,400,GOVERNED,0.25,0,0.9,3,11,GOVERNED,3,400,0,2,0,2,2,0,0,0.0,1.0,30.0,0.0,30.0
1433,11,400.0,15,8,3,0.15,400,GOVERNED,0.25,2,0.9,3,11,GOVERNED,3,397,2,1,0,1,1,0,0,0.0,1.0,30.0,0.0,30.0
1421,11,400.0,15,8,3,0.15,400,GOVERNED,0.0,2,0.9,3,11,GOVERNED,7,400,0,0,0,0,0,0,0,0.0,0.0,70.0,0.0,70.0
1434,11,400.0,15,8,3,0.15,400,GOVERNED,0.25,5,0.9,3,11,GOVERNED,3,359,37,3,18,11,11,1,0,0.0,1.5454545454545454,30.0,0.0,30.0
1436,11,400.0,15,8,3,0.15,400,GOVERNED,0.5,0,0.9,3,11,GOVERNED,10,400,0,25,10,15,15,0,0,0.0,1.1333333333333333,100.0,0.0,100.0
1440,12,400.0,15,8,3,0.15,400,REFLEX,0.0,0,0.9,3,12,REFLEX,0,400,0,0,0,0,0,0,0,0.0,0.0,0.0,0.0,0.0
1441,12,400.0,15,8,3,0.15,400,REFLEX,0.0,2,0.9,3,12,REFLEX,0,400,0,0,0,0,0,0,0,0.0,0.0,0.0,0.0,0.0
1443,12,400.0,15,8,3,0.15,400,REFLEX,0.0,10,0.9,3,12,REFLEX,0,400,0,0,0,0,0,0,0,0.0,0.0,0.0,0.0,0.0
1442,12,400.0,15,8,3,0.15,400,REFLEX,0.0,5,0.9,3,12,REFLEX,0,400,0,0,0,0,0,0,0,0.0,0.0,0.0,0.0,0.0
1435,11,400.0,15,8,3,0.15,400,GOVERNED,0.25,10,0.9,3,11,GOVERNED,3,354,44,1,12,11,11,1,0,0.0,1.6363636363636365,30.0,0.0,30.0
1445,12,400.0,15,8,3,0.15,400,REFLEX,0.05,2,0.9,3,12,REFLEX,4,402,0,0,0,0,0,0,0,0.0,0.0,40.0,0.0,40.0
1418,11,400.0,15,8,3,0.15,400,CLOSED_LOOP,0.5,5,0.9,3,11,CLOSED_LOOP,1,79,305,6,146,91,91,7,0,0.0,1.021978021978022,10.0,0.0,10.0
1439,11,400.0,15,8,3,0.15,400,GOVERNED,0.5,10,0.9,3,11,GOVERNED,0,27,360,6,177,85,85,4,0,0.0,1.011764705882353,0.0,0.0,0.0
1448,12,400.0,15,8,3,0.15,400,REFLEX,0.1,0,0.9,3,12,REFLEX,4,402,0,0,0,0,0,0,0,0.0,0.0,40.0,0.0,40.0
1446,12,400.0,15,8,3,0.15,400,REFLEX,0.05,5,0.9,3,12,REFLEX,4,402,0,0,0,0,0,0,0,0.0,0.0,40.0,0.0,40.0
1444,12,400.0,15,8,3,0.15,400,REFLEX,0.05,0,0.9,3,12,REFLEX,4,402,0,0,0,0,0,0,0,0.0,0.0,40.0,0.0,40.0
1419,11,400.0,15,8,3,0.15,400,CLOSED_LOOP,0.5,10,0.9,3,11,CLOSED_LOOP,0,27,360,6,177,85,85,4,0,0.0,1.011764705882353,0.0,0.0,0.0
1449,12,400.0,15,8,3,0.15,400,REFLEX,0.1,2,0.9,3,12,REFLEX,4,402,0,0,0,0,0,0,0,0.0,0.0,40.0,0.0,40.0
1450,12,400.0,15,8,3,0.15,400,REFLEX,0.1,5,0.9,3,12,REFLEX,4,402,0,0,0,0,0,0,0,0.0,0.0,40.0,0.0,40.0
1451,12,400.0,15,8,3,0.15,400,REFLEX,0.1,10,0.9,3,12,REFLEX,4,402,0,0,0,0,0,0,0,0.0,0.0,40.0,0.0,40.0
1447,12,400.0,15,8,3,0.15,400,REFLEX,0.05,10,0.9,3,12,REFLEX,4,402,0,0,0,0,0,0,0,0.0,0.0,40.0,0.0,40.0
1437,11,400.0,15,8,3,0.15,400,GOVERNED,0.5,2,0.9,3,11,GOVERNED,4,216,148,27,116,61,61,5,0,0.0,1.0,40.0,0.0,40.0
1454,12,400.0,15,8,3,0.15,400,REFLEX,0.25,5,0.9,3,12,REFLEX,6,405,0,0,0,0,0,0,0,0.0,0.0,60.0,0.0,60.0
1455,12,400.0,15,8,3,0.15,400,REFLEX,0.25,10,0.9,3,12,REFLEX,6,405,0,0,0,0,0,0,0,0.0,0.0,60.0,0.0,60.0
1456,12,400.0,15,8,3,0.15,400,REFLEX,0.5,0,0.9,3,12,REFLEX,2,333,0,0,0,0,0,0,0,0.0,0.0,20.0,0.0,20.0
1457,12,400.0,15,8,3,0.15,400,REFLEX,0.5,2,0.9,3,12,REFLEX,2,333,0,0,0,0,0,0,0,0.0,0.0,20.0,0.0,20.0
1460,12,400.0,15,8,3,0.15,400,MODEL_BASED,0.0,0,0.9,3,12,MODEL_BASED,0,400,0,0,0,0,0,0,0,0.0,0.0,0.0,0.0,0.0
1438,11,400.0,15,8,3,0.15,400,GOVERNED,0.5,5,0.9,3,11,GOVERNED,1,79,305,6,146,91,91,7,0,0.0,1.021978021978022,10.0,0.0,10.0
1462,12,400.0,15,8,3,0.15,400,MODEL_BASED,0.0,5,0.9,3,12,MODEL_BASED,0,400,0,0,0,0,0,0,0,0.0,0.0,0.0,0.0,0.0
1461,12,400.0,15,8,3,0.15,400,MODEL_BASED,0.0,2,0.9,3,12,MODEL_BASED,0,400,0,0,0,0,0,0,0,0.0,0.0,0.0,0.0,0.0
1452,12,400.0,15,8,3,0.15,400,REFLEX,0.25,0,0.9,3,12,REFLEX,6,405,0,0,0,0,0,0,0,0.0,0.0,60.0,0.0,60.0
1453,12,400.0,15,8,3,0.15,400,REFLEX,0.25,2,0.9,3,12,REFLEX,6,405,0,0,0,0,0,0,0,0.0,0.0,60.0,0.0,60.0
1464,12,400.0,15,8,3,0.15,400,MODEL_BASED,0.05,0,0.9,3,12,MODEL_BASED,4,402,0,0,0,0,0,0,0,0.0,0.0,40.0,0.0,40.0
1463,12,400.0,15,8,3,0.15,400,MODEL_BASED,0.0,10,0.9,3,12,MODEL_BASED,0,400,0,0,0,0,0,0,0,0.0,0.0,0.0,0.0,0.0
1458,12,400.0,15,8,3,0.15,400,REFLEX,0.5,5,0.9,3,12,REFLEX,2,333,0,0,0,0,0,0,0,0.0,0.0,20.0,0.0,20.0
1459,12,400.0,15,8,3,0.15,400,REFLEX,0.5,10,0.9,3,12,REFLEX,2,333,0,0,0,0,0,0,0,0.0,0.0,20.0,0.0,20.0
1468,12,400.0,15,8,3,0.15,400,MODEL_BASED,0.1,0,0.9,3,12,MODEL_BASED,4,402,0,0,0,0,0,0,0,0.0,0.0,40.0,0.0,40.0
1469,12,400.0,15,8,3,0.15,400,MODEL_BASED,0.1,2,0.9,3,12,MODEL_BASED,4,402,0,0,0,0,0,0,0,0.0,0.0,40.0,0.0,40.0
1470,12,400.0,15,8,3,0.15,400,MODEL_BASED,0.1,5,0.9,3,12,MODEL_BASED,4,402,0,0,0,0,0,0,0,0.0,0.0,40.0,0.0,40.0
1471,12,400.0,15,8,3,0.15,400,MODEL_BASED,0.1,10,0.9,3,12,MODEL_BASED,4,402,0,0,0,0,0,0,0,0.0,0.0,40.0,0.0,40.0
1465,12,400.0,15,8,3,0.15,400,MODEL_BASED,0.05,2,0.9,3,12,MODEL_BASED,4,402,0,0,0,0,0,0,0,0.0,0.0,40.0,0.0,40.0
1466,12,400.0,15,8,3,0.15,400,MODEL_BASED,0.05,5,0.9,3,12,MODEL_BASED,4,402,0,0,0,0,0,0,0,0.0,0.0,40.0,0.0,40.0
1475,12,400.0,15,8,3,0.15,400,MODEL_BASED,0.25,10,0.9,3,12,MODEL_BASED,3,402,0,0,0,0,0,0,0,0.0,0.0,30.0,0.0,30.0
1467,12,400.0,15,8,3,0.15,400,MODEL_BASED,0.05,10,0.9,3,12,MODEL_BASED,4,402,0,0,0,0,0,0,0,0.0,0.0,40.0,0.0,40.0
1477,12,400.0,15,8,3,0.15,400,MODEL_BASED,0.5,2,0.9,3,12,MODEL_BASED,1,401,0,0,0,0,0,0,0,0.0,0.0,10.0,0.0,10.0
1474,12,400.0,15,8,3,0.15,400,MODEL_BASED,0.25,5,0.9,3,12,MODEL_BASED,3,402,0,0,0,0,0,0,0,0.0,0.0,30.0,0.0,30.0
1478,12,400.0,15,8,3,0.15,400,MODEL_BASED,0.5,5,0.9,3,12,MODEL_BASED,1,401,0,0,0,0,0,0,0,0.0,0.0,10.0,0.0,10.0
1480,12,400.0,15,8,3,0.15,400,OPEN_LOOP,0.0,0,0.9,3,12,OPEN_LOOP,7,400,0,0,0,0,0,0,0,0.0,0.0,70.0,0.0,70.0
1479,12,400.0,15,8,3,0.15,400,MODEL_BASED,0.5,10,0.9,3,12,MODEL_BASED,1,401,0,0,0,0,0,0,0,0.0,0.0,10.0,0.0,10.0
1472,12,400.0,15,8,3,0.15,400,MODEL_BASED,0.25,0,0.9,3,12,MODEL_BASED,3,402,0,0,0,0,0,0,0,0.0,0.0,30.0,0.0,30.0
1482,12,400.0,15,8,3,0.15,400,OPEN_LOOP,0.0,5,0.9,3,12,OPEN_LOOP,7,400,0,0,0,0,0,0,0,0.0,0.0,70.0,0.0,70.0
1483,12,400.0,15,8,3,0.15,400,OPEN_LOOP,0.0,10,0.9,3,12,OPEN_LOOP,7,400,0,0,0,0,0,0,0,0.0,0.0,70.0,0.0,70.0
1488,12,400.0,15,8,3,0.15,400,OPEN_LOOP,0.1,0,0.9,3,12,OPEN_LOOP,7,397,0,0,0,3,3,3,0,0.0,2.0,70.0,0.0,70.0
1481,12,400.0,15,8,3,0.15,400,OPEN_LOOP,0.0,2,0.9,3,12,OPEN_LOOP,7,400,0,0,0,0,0,0,0,0.0,0.0,70.0,0.0,70.0
1485,12,400.0,15,8,3,0.15,400,OPEN_LOOP,0.05,2,0.9,3,12,OPEN_LOOP,18,393,0,0,0,9,7,7,0,0.2222222222222222,8.285714285714286,180.0,0.0,180.0
1487,12,400.0,15,8,3,0.15,400,OPEN_LOOP,0.05,10,0.9,3,12,OPEN_LOOP,18,393,0,0,0,9,7,7,0,0.2222222222222222,8.285714285714286,180.0,0.0,180.0
1476,12,400.0,15,8,3,0.15,400,MODEL_BASED,0.5,0,0.9,3,12,MODEL_BASED,1,401,0,0,0,0,0,0,0,0.0,0.0,10.0,0.0,10.0
1491,12,400.0,15,8,3,0.15,400,OPEN_LOOP,0.1,10,0.9,3,12,OPEN_LOOP,7,397,0,0,0,3,3,3,0,0.0,2.0,70.0,0.0,70.0
1473,12,400.0,15,8,3,0.15,400,MODEL_BASED,0.25,2,0.9,3,12,MODEL_BASED,3,402,0,0,0,0,0,0,0,0.0,0.0,30.0,0.0,30.0
1489,12,400.0,15,8,3,0.15,400,OPEN_LOOP,0.1,2,0.9,3,12,OPEN_LOOP,7,397,0,0,0,3,3,3,0,0.0,2.0,70.0,0.0,70.0
1492,12,400.0,15,8,3,0.15,400,OPEN_LOOP,0.25,0,0.9,3,12,OPEN_LOOP,10,388,0,0,0,15,14,12,0,0.06666666666666665,2.0714285714285716,100.0,0.0,100.0
1484,12,400.0,15,8,3,0.15,400,OPEN_LOOP,0.05,0,0.9,3,12,OPEN_LOOP,18,393,0,0,0,9,7,7,0,0.2222222222222222,8.285714285714286,180.0,0.0,180.0
1490,12,400.0,15,8,3,0.15,400,OPEN_LOOP,0.1,5,0.9,3,12,OPEN_LOOP,7,397,0,0,0,3,3,3,0,0.0,2.0,70.0,0.0,70.0
1493,12,400.0,15,8,3,0.15,400,OPEN_LOOP,0.25,2,0.9,3,12,OPEN_LOOP,10,388,0,0,0,15,14,12,0,0.06666666666666665,2.0714285714285716,100.0,0.0,100.0
1495,12,400.0,15,8,3,0.15,400,OPEN_LOOP,0.25,10,0.9,3,12,OPEN_LOOP,10,388,0,0,0,15,14,12,0,0.06666666666666665,2.0714285714285716,100.0,0.0,100.0
1494,12,400.0,15,8,3,0.15,400,OPEN_LOOP,0.25,5,0.9,3,12,OPEN_LOOP,10,388,0,0,0,15,14,12,0,0.06666666666666665,2.0714285714285716,100.0,0.0,100.0
1496,12,400.0,15,8,3,0.15,400,OPEN_LOOP,0.5,0,0.9,3,12,OPEN_LOOP,11,378,0,0,0,30,27,22,0,0.09999999999999998,2.3703703703703702,110.0,0.0,110.0
1486,12,400.0,15,8,3,0.15,400,OPEN_LOOP,0.05,5,0.9,3,12,OPEN_LOOP,18,393,0,0,0,9,7,7,0,0.2222222222222222,8.285714285714286,180.0,0.0,180.0
1500,12,400.0,15,8,3,0.15,400,COLD_RESTART,0.0,0,0.9,3,12,COLD_RESTART,7,400,0,0,0,0,0,0,0,0.0,0.0,70.0,0.0,70.0
1506,12,400.0,15,8,3,0.15,400,COLD_RESTART,0.05,5,0.9,3,12,COLD_RESTART,4,388,10,2,0,3,3,0,0,0.0,7.0,40.0,0.0,40.0
1504,12,400.0,15,8,3,0.15,400,COLD_RESTART,0.05,0,0.9,3,12,COLD_RESTART,6,400,0,2,0,3,3,0,0,0.0,6.333333333333333,60.0,0.0,60.0
1498,12,400.0,15,8,3,0.15,400,OPEN_LOOP,0.5,5,0.9,3,12,OPEN_LOOP,11,378,0,0,0,30,27,22,0,0.09999999999999998,2.3703703703703702,110.0,0.0,110.0
1497,12,400.0,15,8,3,0.15,400,OPEN_LOOP,0.5,2,0.9,3,12,OPEN_LOOP,11,378,0,0,0,30,27,22,0,0.09999999999999998,2.3703703703703702,110.0,0.0,110.0
1507,12,400.0,15,8,3,0.15,400,COLD_RESTART,0.05,10,0.9,3,12,COLD_RESTART,8,332,60,6,1,7,7,2,1,0.0,4.714285714285714,80.0,0.0,80.0
1501,12,400.0,15,8,3,0.15,400,COLD_RESTART,0.0,2,0.9,3,12,COLD_RESTART,7,400,0,0,0,0,0,0,0,0.0,0.0,70.0,0.0,70.0
1502,12,400.0,15,8,3,0.15,400,COLD_RESTART,0.0,5,0.9,3,12,COLD_RESTART,7,400,0,0,0,0,0,0,0,0.0,0.0,70.0,0.0,70.0
1508,12,400.0,15,8,3,0.15,400,COLD_RESTART,0.1,0,0.9,3,12,COLD_RESTART,8,398,0,6,0,8,8,2,0,0.0,7.0,80.0,0.0,80.0
1499,12,400.0,15,8,3,0.15,400,OPEN_LOOP,0.5,10,0.9,3,12,OPEN_LOOP,11,378,0,0,0,30,27,22,0,0.09999999999999998,2.3703703703703702,110.0,0.0,110.0
1510,12,400.0,15,8,3,0.15,400,COLD_RESTART,0.1,5,0.9,3,12,COLD_RESTART,5,387,10,2,0,2,2,1,0,0.0,2.5,50.0,0.0,50.0
1511,12,400.0,15,8,3,0.15,400,COLD_RESTART,0.1,10,0.9,3,12,COLD_RESTART,3,277,116,5,12,16,16,2,2,0.0,2.125,30.0,0.0,30.0
1505,12,400.0,15,8,3,0.15,400,COLD_RESTART,0.05,2,0.9,3,12,COLD_RESTART,11,376,16,8,0,8,8,0,2,0.0,5.75,110.0,0.0,110.0
1515,12,400.0,15,8,3,0.15,400,COLD_RESTART,0.25,10,0.9,3,12,COLD_RESTART,3,306,91,2,30,21,21,1,0,0.0,1.380952380952381,30.0,0.0,30.0
1509,12,400.0,15,8,3,0.15,400,COLD_RESTART,0.1,2,0.9,3,12,COLD_RESTART,9,377,14,7,0,7,7,2,2,0.0,5.428571428571429,90.0,0.0,90.0
1503,12,400.0,15,8,3,0.15,400,COLD_RESTART,0.0,10,0.9,3,12,COLD_RESTART,7,400,0,0,0,0,0,0,0,0.0,0.0,70.0,0.0,70.0
1514,12,400.0,15,8,3,0.15,400,COLD_RESTART,0.25,5,0.9,3,12,COLD_RESTART,2,358,38,4,19,9,9,0,0,0.0,1.0,20.0,0.0,20.0
1520,12,400.0,15,8,3,0.15,400,CLOSED_LOOP,0.0,0,0.9,3,12,CLOSED_LOOP,7,400,0,0,0,0,0,0,0,0.0,0.0,70.0,0.0,70.0
1521,12,400.0,15,8,3,0.15,400,CLOSED_LOOP,0.0,2,0.9,3,12,CLOSED_LOOP,7,400,0,0,0,0,0,0,0,0.0,0.0,70.0,0.0,70.0
1522,12,400.0,15,8,3,0.15,400,CLOSED_LOOP,0.0,5,0.9,3,12,CLOSED_LOOP,7,400,0,0,0,0,0,0,0,0.0,0.0,70.0,0.0,70.0
1516,12,400.0,15,8,3,0.15,400,COLD_RESTART,0.5,0,0.9,3,12,COLD_RESTART,9,399,0,41,19,25,24,1,11,0.040000000000000036,2.25,90.0,0.0,90.0
1523,12,400.0,15,8,3,0.15,400,CLOSED_LOOP,0.0,10,0.9,3,12,CLOSED_LOOP,7,400,0,0,0,0,0,0,0,0.0,0.0,70.0,0.0,70.0
1524,12,400.0,15,8,3,0.15,400,CLOSED_LOOP,0.05,0,0.9,3,12,CLOSED_LOOP,6,400,0,2,0,3,3,0,0,0.0,6.333333333333333,60.0,0.0,60.0
1526,12,400.0,15,8,3,0.15,400,CLOSED_LOOP,0.05,5,0.9,3,12,CLOSED_LOOP,4,388,10,2,0,3,3,0,0,0.0,7.0,40.0,0.0,40.0
1519,12,400.0,15,8,3,0.15,400,COLD_RESTART,0.5,10,0.9,3,12,COLD_RESTART,0,178,204,6,77,46,44,7,0,0.04347826086956519,1.4772727272727273,0.0,0.0,0.0
1517,12,400.0,15,8,3,0.15,400,COLD_RESTART,0.5,2,0.9,3,12,COLD_RESTART,1,207,160,31,154,52,52,1,0,0.0,1.1346153846153846,10.0,0.0,10.0
1513,12,400.0,15,8,3,0.15,400,COLD_RESTART,0.25,2,0.9,3,12,COLD_RESTART,7,368,21,9,4,10,10,2,1,0.0,2.1,70.0,0.0,70.0
1530,12,400.0,15,8,3,0.15,400,CLOSED_LOOP,0.1,5,0.9,3,12,CLOSED_LOOP,5,387,10,2,0,2,2,1,0,0.0,2.5,50.0,0.0,50.0
1518,12,400.0,15,8,3,0.15,400,COLD_RESTART,0.5,5,0.9,3,12,COLD_RESTART,0,182,196,11,94,56,52,7,0,0.0714285714285714,1.1923076923076923,0.0,0.0,0.0
1512,12,400.0,15,8,3,0.15,400,COLD_RESTART,0.25,0,0.9,3,12,COLD_RESTART,4,400,0,24,8,18,16,0,12,0.11111111111111116,2.125,40.0,0.0,40.0
1528,12,400.0,15,8,3,0.15,400,CLOSED_LOOP,0.1,0,0.9,3,12,CLOSED_LOOP,8,398,0,6,0,8,8,2,0,0.0,7.0,80.0,0.0,80.0
1533,12,400.0,15,8,3,0.15,400,CLOSED_LOOP,0.25,2,0.9,3,12,CLOSED_LOOP,6,369,21,8,6,11,10,2,0,0.09090909090909094,1.8,60.0,0.0,60.0
1532,12,400.0,15,8,3,0.15,400,CLOSED_LOOP,0.25,0,0.9,3,12,CLOSED_LOOP,6,400,0,11,2,9,8,0,0,0.11111111111111116,6.25,60.0,0.0,60.0
1535,12,400.0,15,8,3,0.15,400,CLOSED_LOOP,0.25,10,0.9,3,12,CLOSED_LOOP,3,306,91,2,30,21,21,1,0,0.0,1.380952380952381,30.0,0.0,30.0
1531,12,400.0,15,8,3,0.15,400,CLOSED_LOOP,0.1,10,0.9,3,12,CLOSED_LOOP,3,277,116,5,12,16,16,2,0,0.0,2.125,30.0,0.0,30.0
1534,12,400.0,15,8,3,0.15,400,CLOSED_LOOP,0.25,5,0.9,3,12,CLOSED_LOOP,2,358,38,4,19,9,9,0,0,0.0,1.0,20.0,0.0,20.0
1529,12,400.0,15,8,3,0.15,400,CLOSED_LOOP,0.1,2,0.9,3,12,CLOSED_LOOP,13,369,21,10,2,11,11,0,0,0.0,4.818181818181818,130.0,0.0,130.0
1527,12,400.0,15,8,3,0.15,400,CLOSED_LOOP,0.05,10,0.9,3,12,CLOSED_LOOP,7,332,60,6,1,7,7,2,0,0.0,5.285714285714286,70.0,0.0,70.0
1541,12,400.0,15,8,3,0.15,400,GOVERNED,0.0,2,0.9,3,12,GOVERNED,7,400,0,0,0,0,0,0,0,0.0,0.0,70.0,0.0,70.0
1540,12,400.0,15,8,3,0.15,400,GOVERNED,0.0,0,0.9,3,12,GOVERNED,7,400,0,0,0,0,0,0,0,0.0,0.0,70.0,0.0,70.0
1542,12,400.0,15,8,3,0.15,400,GOVERNED,0.0,5,0.9,3,12,GOVERNED,7,400,0,0,0,0,0,0,0,0.0,0.0,70.0,0.0,70.0
1543,12,400.0,15,8,3,0.15,400,GOVERNED,0.0,10,0.9,3,12,GOVERNED,7,400,0,0,0,0,0,0,0,0.0,0.0,70.0,0.0,70.0
1544,12,400.0,15,8,3,0.15,400,GOVERNED,0.05,0,0.9,3,12,GOVERNED,6,400,0,2,0,3,3,0,0,0.0,6.333333333333333,60.0,0.0,60.0
1525,12,400.0,15,8,3,0.15,400,CLOSED_LOOP,0.05,2,0.9,3,12,CLOSED_LOOP,8,390,6,3,0,6,5,1,0,0.16666666666666663,5.8,80.0,0.0,80.0
1537,12,400.0,15,8,3,0.15,400,CLOSED_LOOP,0.5,2,0.9,3,12,CLOSED_LOOP,1,207,160,31,154,52,52,1,0,0.0,1.1346153846153846,10.0,0.0,10.0
1536,12,400.0,15,8,3,0.15,400,CLOSED_LOOP,0.5,0,0.9,3,12,CLOSED_LOOP,11,400,0,38,16,23,21,0,0,0.08695652173913049,4.809523809523809,110.0,0.0,110.0
1547,12,400.0,15,8,3,0.15,400,GOVERNED,0.05,10,0.9,3,12,GOVERNED,7,332,60,6,1,7,7,2,0,0.0,5.285714285714286,70.0,0.0,70.0
1550,12,400.0,15,8,3,0.15,400,GOVERNED,0.1,5,0.9,3,12,GOVERNED,5,387,10,2,0,2,2,1,0,0.0,2.5,50.0,0.0,50.0
1549,12,400.0,15,8,3,0.15,400,GOVERNED,0.1,2,0.9,3,12,GOVERNED,13,369,21,10,2,11,11,0,0,0.0,4.818181818181818,130.0,0.0,130.0
1545,12,400.0,15,8,3,0.15,400,GOVERNED,0.05,2,0.9,3,12,GOVERNED,8,390,6,3,0,6,5,1,0,0.16666666666666663,5.8,80.0,0.0,80.0
1548,12,400.0,15,8,3,0.15,400,GOVERNED,0.1,0,0.9,3,12,GOVERNED,8,398,0,6,0,8,8,2,0,0.0,7.0,80.0,0.0,80.0
1553,12,400.0,15,8,3,0.15,400,GOVERNED,0.25,2,0.9,3,12,GOVERNED,6,369,21,8,6,11,10,2,0,0.09090909090909094,1.8,60.0,0.0,60.0
1546,12,400.0,15,8,3,0.15,400,GOVERNED,0.05,5,0.9,3,12,GOVERNED,4,388,10,2,0,3,3,0,0,0.0,7.0,40.0,0.0,40.0
1538,12,400.0,15,8,3,0.15,400,CLOSED_LOOP,0.5,5,0.9,3,12,CLOSED_LOOP,0,182,196,11,94,56,52,7,0,0.0714285714285714,1.1923076923076923,0.0,0.0,0.0
1539,12,400.0,15,8,3,0.15,400,CLOSED_LOOP,0.5,10,0.9,3,12,CLOSED_LOOP,0,178,204,6,77,46,44,7,0,0.04347826086956519,1.4772727272727273,0.0,0.0,0.0
1555,12,400.0,15,8,3,0.15,400,GOVERNED,0.25,10,0.9,3,12,GOVERNED,3,306,91,2,30,21,21,1,0,0.0,1.380952380952381,30.0,0.0,30.0
1551,12,400.0,15,8,3,0.15,400,GOVERNED,0.1,10,0.9,3,12,GOVERNED,3,277,116,5,12,16,16,2,0,0.0,2.125,30.0,0.0,30.0
1560,13,400.0,15,8,3,0.15,400,REFLEX,0.0,0,0.9,3,13,REFLEX,3,401,0,0,0,0,0,0,0,0.0,0.0,30.0,0.0,30.0
1561,13,400.0,15,8,3,0.15,400,REFLEX,0.0,2,0.9,3,13,REFLEX,3,401,0,0,0,0,0,0,0,0.0,0.0,30.0,0.0,30.0
1563,13,400.0,15,8,3,0.15,400,REFLEX,0.0,10,0.9,3,13,REFLEX,3,401,0,0,0,0,0,0,0,0.0,0.0,30.0,0.0,30.0
1556,12,400.0,15,8,3,0.15,400,GOVERNED,0.5,0,0.9,3,12,GOVERNED,11,400,0,38,16,23,21,0,0,0.08695652173913049,4.809523809523809,110.0,0.0,110.0
1564,13,400.0,15,8,3,0.15,400,REFLEX,0.05,0,0.9,3,13,REFLEX,13,407,0,0,0,0,0,0,0,0.0,0.0,130.0,0.0,130.0
1552,12,400.0,15,8,3,0.15,400,GOVERNED,0.25,0,0.9,3,12,GOVERNED,6,400,0,11,2,9,8,0,0,0.11111111111111116,6.25,60.0,0.0,60.0
1562,13,400.0,15,8,3,0.15,400,REFLEX,0.0,5,0.9,3,13,REFLEX,3,401,0,0,0,0,0,0,0,0.0,0.0,30.0,0.0,30.0
1557,12,400.0,15,8,3,0.15,400,GOVERNED,0.5,2,0.9,3,12,GOVERNED,1,207,160,31,154,52,52,1,0,0.0,1.1346153846153846,10.0,0.0,10.0
1565,13,400.0,15,8,3,0.15,400,REFLEX,0.05,2,0.9,3,13,REFLEX,13,407,0,0,0,0,0,0,0,0.0,0.0,130.0,0.0,130.0
1567,13,400.0,15,8,3,0.15,400,REFLEX,0.05,10,0.9,3,13,REFLEX,13,407,0,0,0,0,0,0,0,0.0,0.0,130.0,0.0,130.0
1554,12,400.0,15,8,3,0.15,400,GOVERNED,0.25,5,0.9,3,12,GOVERNED,2,358,38,4,19,9,9,0,0,0.0,1.0,20.0,0.0,20.0
1566,13,400.0,15,8,3,0.15,400,REFLEX,0.05,5,0.9,3,13,REFLEX,13,407,0,0,0,0,0,0,0,0.0,0.0,130.0,0.0,130.0
1568,13,400.0,15,8,3,0.15,400,REFLEX,0.1,0,0.9,3,13,REFLEX,8,405,0,0,0,0,0,0,0,0.0,0.0,80.0,0.0,80.0
1570,13,400.0,15,8,3,0.15,400,REFLEX,0.1,5,0.9,3,13,REFLEX,8,405,0,0,0,0,0,0,0,0.0,0.0,80.0,0.0,80.0
1569,13,400.0,15,8,3,0.15,400,REFLEX,0.1,2,0.9,3,13,REFLEX,8,405,0,0,0,0,0,0,0,0.0,0.0,80.0,0.0,80.0
1559,12,400.0,15,8,3,0.15,400,GOVERNED,0.5,10,0.9,3,12,GOVERNED,0,178,204,6,77,46,44,7,0,0.04347826086956519,1.4772727272727273,0.0,0.0,0.0
1573,13,400.0,15,8,3,0.15,400,REFLEX,0.25,2,0.9,3,13,REFLEX,12,407,0,0,0,0,0,0,0,0.0,0.0,120.0,0.0,120.0
1580,13,400.0,15,8,3,0.15,400,MODEL_BASED,0.0,0,0.9,3,13,MODEL_BASED,3,401,0,0,0,0,0,0,0,0.0,0.0,30.0,0.0,30.0
1576,13,400.0,15,8,3,0.15,400,REFLEX,0.5,0,0.9,3,13,REFLEX,17,410,0,0,0,0,0,0,0,0.0,0.0,170.0,0.0,170.0
1577,13,400.0,15,8,3,0.15,400,REFLEX,0.5,2,0.9,3,13,REFLEX,17,410,0,0,0,0,0,0,0,0.0,0.0,170.0,0.0,170.0
1578,13,400.0,15,8,3,0.15,400,REFLEX,0.5,5,0.9,3,13,REFLEX,17,410,0,0,0,0,0,0,0,0.0,0.0,170.0,0.0,170.0
1579,13,400.0,15,8,3,0.15,400,REFLEX,0.5,10,0.9,3,13,REFLEX,17,410,0,0,0,0,0,0,0,0.0,0.0,170.0,0.0,170.0
1582,13,400.0,15,8,3,0.15,400,MODEL_BASED,0.0,5,0.9,3,13,MODEL_BASED,3,401,0,0,0,0,0,0,0,0.0,0.0,30.0,0.0,30.0
1574,13,400.0,15,8,3,0.15,400,REFLEX,0.25,5,0.9,3,13,REFLEX,12,407,0,0,0,0,0,0,0,0.0,0.0,120.0,0.0,120.0
1558,12,400.0,15,8,3,0.15,400,GOVERNED,0.5,5,0.9,3,12,GOVERNED,0,182,196,11,94,56,52,7,0,0.0714285714285714,1.1923076923076923,0.0,0.0,0.0
1581,13,400.0,15,8,3,0.15,400,MODEL_BASED,0.0,2,0.9,3,13,MODEL_BASED,3,401,0,0,0,0,0,0,0,0.0,0.0,30.0,0.0,30.0
1575,13,400.0,15,8,3,0.15,400,REFLEX,0.25,10,0.9,3,13,REFLEX,12,407,0,0,0,0,0,0,0,0.0,0.0,120.0,0.0,120.0
1587,13,400.0,15,8,3,0.15,400,MODEL_BASED,0.05,10,0.9,3,13,MODEL_BASED,5,402,0,0,0,0,0,0,0,0.0,0.0,50.0,0.0,50.0
1584,13,400.0,15,8,3,0.15,400,MODEL_BASED,0.05,0,0.9,3,13,MODEL_BASED,5,402,0,0,0,0,0,0,0,0.0,0.0,50.0,0.0,50.0
1583,13,400.0,15,8,3,0.15,400,MODEL_BASED,0.0,10,0.9,3,13,MODEL_BASED,3,401,0,0,0,0,0,0,0,0.0,0.0,30.0,0.0,30.0
1589,13,400.0,15,8,3,0.15,400,MODEL_BASED,0.1,2,0.9,3,13,MODEL_BASED,11,408,0,0,0,0,0,0,0,0.0,0.0,110.0,0.0,110.0
1572,13,400.0,15,8,3,0.15,400,REFLEX,0.25,0,0.9,3,13,REFLEX,12,407,0,0,0,0,0,0,0,0.0,0.0,120.0,0.0,120.0
1590,13,400.0,15,8,3,0.15,400,MODEL_BASED,0.1,5,0.9,3,13,MODEL_BASED,11,408,0,0,0,0,0,0,0,0.0,0.0,110.0,0.0,110.0
1571,13,400.0,15,8,3,0.15,400,REFLEX,0.1,10,0.9,3,13,REFLEX,8,405,0,0,0,0,0,0,0,0.0,0.0,80.0,0.0,80.0
1585,13,400.0,15,8,3,0.15,400,MODEL_BASED,0.05,2,0.9,3,13,MODEL_BASED,5,402,0,0,0,0,0,0,0,0.0,0.0,50.0,0.0,50.0
1588,13,400.0,15,8,3,0.15,400,MODEL_BASED,0.1,0,0.9,3,13,MODEL_BASED,11,408,0,0,0,0,0,0,0,0.0,0.0,110.0,0.0,110.0
1586,13,400.0,15,8,3,0.15,400,MODEL_BASED,0.05,5,0.9,3,13,MODEL_BASED,5,402,0,0,0,0,0,0,0,0.0,0.0,50.0,0.0,50.0
1592,13,400.0,15,8,3,0.15,400,MODEL_BASED,0.25,0,0.9,3,13,MODEL_BASED,12,407,0,0,0,0,0,0,0,0.0,0.0,120.0,0.0,120.0
1593,13,400.0,15,8,3,0.15,400,MODEL_BASED,0.25,2,0.9,3,13,MODEL_BASED,12,407,0,0,0,0,0,0,0,0.0,0.0,120.0,0.0,120.0
1591,13,400.0,15,8,3,0.15,400,MODEL_BASED,0.1,10,0.9,3,13,MODEL_BASED,11,408,0,0,0,0,0,0,0,0.0,0.0,110.0,0.0,110.0
1601,13,400.0,15,8,3,0.15,400,OPEN_LOOP,0.0,2,0.9,3,13,OPEN_LOOP,11,400,0,0,0,0,0,0,0,0.0,0.0,110.0,0.0,110.0
1599,13,400.0,15,8,3,0.15,400,MODEL_BASED,0.5,10,0.9,3,13,MODEL_BASED,11,308,0,0,0,0,0,0,0,0.0,0.0,110.0,0.0,110.0
1603,13,400.0,15,8,3,0.15,400,OPEN_LOOP,0.0,10,0.9,3,13,OPEN_LOOP,11,400,0,0,0,0,0,0,0,0.0,0.0,110.0,0.0,110.0
1604,13,400.0,15,8,3,0.15,400,OPEN_LOOP,0.05,0,0.9,3,13,OPEN_LOOP,9,397,0,0,0,4,4,3,0,0.0,1.25,90.0,0.0,90.0
1602,13,400.0,15,8,3,0.15,400,OPEN_LOOP,0.0,5,0.9,3,13,OPEN_LOOP,11,400,0,0,0,0,0,0,0,0.0,0.0,110.0,0.0,110.0
1594,13,400.0,15,8,3,0.15,400,MODEL_BASED,0.25,5,0.9,3,13,MODEL_BASED,12,407,0,0,0,0,0,0,0,0.0,0.0,120.0,0.0,120.0
1597,13,400.0,15,8,3,0.15,400,MODEL_BASED,0.5,2,0.9,3,13,MODEL_BASED,11,308,0,0,0,0,0,0,0,0.0,0.0,110.0,0.0,110.0
1606,13,400.0,15,8,3,0.15,400,OPEN_LOOP,0.05,5,0.9,3,13,OPEN_LOOP,9,397,0,0,0,4,4,3,0,0.0,1.25,90.0,0.0,90.0
1596,13,400.0,15,8,3,0.15,400,MODEL_BASED,0.5,0,0.9,3,13,MODEL_BASED,11,308,0,0,0,0,0,0,0,0.0,0.0,110.0,0.0,110.0
1600,13,400.0,15,8,3,0.15,400,OPEN_LOOP,0.0,0,0.9,3,13,OPEN_LOOP,11,400,0,0,0,0,0,0,0,0.0,0.0,110.0,0.0,110.0
1607,13,400.0,15,8,3,0.15,400,OPEN_LOOP,0.05,10,0.9,3,13,OPEN_LOOP,9,397,0,0,0,4,4,3,0,0.0,1.25,90.0,0.0,90.0
1608,13,400.0,15,8,3,0.15,400,OPEN_LOOP,0.1,0,0.9,3,13,OPEN_LOOP,16,392,0,0,0,7,7,8,0,0.0,4.714285714285714,160.0,0.0,160.0
1598,13,400.0,15,8,3,0.15,400,MODEL_BASED,0.5,5,0.9,3,13,MODEL_BASED,11,308,0,0,0,0,0,0,0,0.0,0.0,110.0,0.0,110.0
1609,13,400.0,15,8,3,0.15,400,OPEN_LOOP,0.1,2,0.9,3,13,OPEN_LOOP,16,392,0,0,0,7,7,8,0,0.0,4.714285714285714,160.0,0.0,160.0
1605,13,400.0,15,8,3,0.15,400,OPEN_LOOP,0.05,2,0.9,3,13,OPEN_LOOP,9,397,0,0,0,4,4,3,0,0.0,1.25,90.0,0.0,90.0
1613,13,400.0,15,8,3,0.15,400,OPEN_LOOP,0.25,2,0.9,3,13,OPEN_LOOP,10,391,0,0,0,11,11,9,0,0.0,2.8181818181818183,100.0,0.0,100.0
1616,13,400.0,15,8,3,0.15,400,OPEN_LOOP,0.5,0,0.9,3,13,OPEN_LOOP,12,381,0,0,0,26,26,19,0,0.0,1.1538461538461537,120.0,0.0,120.0
1595,13,400.0,15,8,3,0.15,400,MODEL_BASED,0.25,10,0.9,3,13,MODEL_BASED,12,407,0,0,0,0,0,0,0,0.0,0.0,120.0,0.0,120.0
1617,13,400.0,15,8,3,0.15,400,OPEN_LOOP,0.5,2,0.9,3,13,OPEN_LOOP,12,381,0,0,0,26,26,19,0,0.0,1.1538461538461537,120.0,0.0,120.0
1615,13,400.0,15,8,3,0.15,400,OPEN_LOOP,0.25,10,0.9,3,13,OPEN_LOOP,10,391,0,0,0,11,11,9,0,0.0,2.8181818181818183,100.0,0.0,100.0
1619,13,400.0,15,8,3,0.15,400,OPEN_LOOP,0.5,10,0.9,3,13,OPEN_LOOP,12,381,0,0,0,26,26,19,0,0.0,1.1538461538461537,120.0,0.0,120.0
1610,13,400.0,15,8,3,0.15,400,OPEN_LOOP,0.1,5,0.9,3,13,OPEN_LOOP,16,392,0,0,0,7,7,8,0,0.0,4.714285714285714,160.0,0.0,160.0
1618,13,400.0,15,8,3,0.15,400,OPEN_LOOP,0.5,5,0.9,3,13,OPEN_LOOP,12,381,0,0,0,26,26,19,0,0.0,1.1538461538461537,120.0,0.0,120.0
1620,13,400.0,15,8,3,0.15,400,COLD_RESTART,0.0,0,0.9,3,13,COLD_RESTART,11,400,0,0,0,0,0,0,0,0.0,0.0,110.0,0.0,110.0
1623,13,400.0,15,8,3,0.15,400,COLD_RESTART,0.0,10,0.9,3,13,COLD_RESTART,11,400,0,0,0,0,0,0,0,0.0,0.0,110.0,0.0,110.0
1612,13,400.0,15,8,3,0.15,400,OPEN_LOOP,0.25,0,0.9,3,13,OPEN_LOOP,10,391,0,0,0,11,11,9,0,0.0,2.8181818181818183,100.0,0.0,100.0
1624,13,400.0,15,8,3,0.15,400,COLD_RESTART,0.05,0,0.9,3,13,COLD_RESTART,7,400,0,3,0,3,3,0,2,0.0,1.6666666666666667,70.0,0.0,70.0
1614,13,400.0,15,8,3,0.15,400,OPEN_LOOP,0.25,5,0.9,3,13,OPEN_LOOP,10,391,0,0,0,11,11,9,0,0.0,2.8181818181818183,100.0,0.0,100.0
1626,13,400.0,15,8,3,0.15,400,COLD_RESTART,0.05,5,0.9,3,13,COLD_RESTART,17,350,42,8,3,10,9,0,2,0.09999999999999998,3.3333333333333335,170.0,0.0,170.0
1625,13,400.0,15,8,3,0.15,400,COLD_RESTART,0.05,2,0.9,3,13,COLD_RESTART,5,396,2,1,0,2,2,1,1,0.0,2.0,50.0,0.0,50.0
1611,13,400.0,15,8,3,0.15,400,OPEN_LOOP,0.1,10,0.9,3,13,OPEN_LOOP,16,392,0,0,0,7,7,8,0,0.0,4.714285714285714,160.0,0.0,160.0
1622,13,400.0,15,8,3,0.15,400,COLD_RESTART,0.0,5,0.9,3,13,COLD_RESTART,11,400,0,0,0,0,0,0,0,0.0,0.0,110.0,0.0,110.0
1630,13,400.0,15,8,3,0.15,400,COLD_RESTART,0.1,5,0.9,3,13,COLD_RESTART,9,360,33,5,3,10,9,2,3,0.09999999999999998,1.6666666666666667,90.0,0.0,90.0
1629,13,400.0,15,8,3,0.15,400,COLD_RESTART,0.1,2,0.9,3,13,COLD_RESTART,14,345,35,16,4,17,17,4,11,0.0,1.2352941176470589,140.0,0.0,140.0
1634,13,400.0,15,8,3,0.15,400,COLD_RESTART,0.25,5,0.9,3,13,COLD_RESTART,6,269,115,13,37,26,26,2,2,0.0,1.3846153846153846,60.0,0.0,60.0
1632,13,400.0,15,8,3,0.15,400,COLD_RESTART,0.25,0,0.9,3,13,COLD_RESTART,6,398,0,5,0,6,6,2,0,0.0,2.3333333333333335,60.0,0.0,60.0
1627,13,400.0,15,8,3,0.15,400,COLD_RESTART,0.05,10,0.9,3,13,COLD_RESTART,6,375,22,2,1,4,4,1,1,0.0,4.0,60.0,0.0,60.0
1628,13,400.0,15,8,3,0.15,400,COLD_RESTART,0.1,0,0.9,3,13,COLD_RESTART,12,400,0,10,1,11,10,0,1,0.09090909090909094,4.2,120.0,0.0,120.0
1633,13,400.0,15,8,3,0.15,400,COLD_RESTART,0.25,2,0.9,3,13,COLD_RESTART,6,336,44,18,14,25,24,2,3,0.040000000000000036,1.5,60.0,0.0,60.0
1621,13,400.0,15,8,3,0.15,400,COLD_RESTART,0.0,2,0.9,3,13,COLD_RESTART,11,400,0,0,0,0,0,0,0,0.0,0.0,110.0,0.0,110.0
1640,13,400.0,15,8,3,0.15,400,CLOSED_LOOP,0.0,0,0.9,3,13,CLOSED_LOOP,11,400,0,0,0,0,0,0,0,0.0,0.0,110.0,0.0,110.0
1631,13,400.0,15,8,3,0.15,400,COLD_RESTART,0.1,10,0.9,3,13,COLD_RESTART,5,287,104,5,15,16,16,3,4,0.0,1.0625,50.0,0.0,50.0
1642,13,400.0,15,8,3,0.15,400,CLOSED_LOOP,0.0,5,0.9,3,13,CLOSED_LOOP,11,400,0,0,0,0,0,0,0,0.0,0.0,110.0,0.0,110.0
1641,13,400.0,15,8,3,0.15,400,CLOSED_LOOP,0.0,2,0.9,3,13,CLOSED_LOOP,11,400,0,0,0,0,0,0,0,0.0,0.0,110.0,0.0,110.0
1635,13,400.0,15,8,3,0.15,400,COLD_RESTART,0.25,10,0.9,3,13,COLD_RESTART,2,126,263,7,100,50,47,2,0,0.06000000000000005,1.0212765957446808,20.0,0.0,20.0
1639,13,400.0,15,8,3,0.15,400,COLD_RESTART,0.5,10,0.9,3,13,COLD_RESTART,0,132,256,5,87,63,63,6,0,0.0,1.1111111111111112,0.0,0.0,0.0
1643,13,400.0,15,8,3,0.15,400,CLOSED_LOOP,0.0,10,0.9,3,13,CLOSED_LOOP,11,400,0,0,0,0,0,0,0,0.0,0.0,110.0,0.0,110.0
1646,13,400.0,15,8,3,0.15,400,CLOSED_LOOP,0.05,5,0.9,3,13,CLOSED_LOOP,5,394,5,1,0,1,1,0,0,0.0,1.0,50.0,0.0,50.0
1636,13,400.0,15,8,3,0.15,400,COLD_RESTART,0.5,0,0.9,3,13,COLD_RESTART,9,396,0,45,20,27,26,4,12,0.03703703703703709,2.730769230769231,90.0,0.0,90.0
1638,13,400.0,15,8,3,0.15,400,COLD_RESTART,0.5,5,0.9,3,13,COLD_RESTART,3,139,236,7,129,70,69,9,0,0.014285714285714235,1.0434782608695652,30.0,0.0,30.0
1647,13,400.0,15,8,3,0.15,400,CLOSED_LOOP,0.05,10,0.9,3,13,CLOSED_LOOP,8,324,68,6,2,8,8,1,0,0.0,3.875,80.0,0.0,80.0
1648,13,400.0,15,8,3,0.15,400,CLOSED_LOOP,0.1,0,0.9,3,13,CLOSED_LOOP,9,399,0,3,0,3,3,1,0,0.0,1.0,90.0,0.0,90.0
1650,13,400.0,15,8,3,0.15,400,CLOSED_LOOP,0.1,5,0.9,3,13,CLOSED_LOOP,13,362,30,6,0,7,7,2,0,0.0,5.285714285714286,130.0,0.0,130.0
1645,13,400.0,15,8,3,0.15,400,CLOSED_LOOP,0.05,2,0.9,3,13,CLOSED_LOOP,14,382,12,6,1,6,6,0,0,0.0,2.5,140.0,0.0,140.0
1644,13,400.0,15,8,3,0.15,400,CLOSED_LOOP,0.05,0,0.9,3,13,CLOSED_LOOP,9,399,0,2,0,3,3,1,0,0.0,5.333333333333333,90.0,0.0,90.0
1651,13,400.0,15,8,3,0.15,400,CLOSED_LOOP,0.1,10,0.9,3,13,CLOSED_LOOP,8,330,64,3,10,10,9,2,0,0.09999999999999998,1.0,80.0,0.0,80.0
1652,13,400.0,15,8,3,0.15,400,CLOSED_LOOP,0.25,0,0.9,3,13,CLOSED_LOOP,6,398,0,5,0,6,6,2,0,0.0,2.3333333333333335,60.0,0.0,60.0
1637,13,400.0,15,8,3,0.15,400,COLD_RESTART,0.5,2,0.9,3,13,COLD_RESTART,3,176,182,39,166,66,65,2,5,0.015151515151515138,1.0769230769230769,30.0,0.0,30.0
1649,13,400.0,15,8,3,0.15,400,CLOSED_LOOP,0.1,2,0.9,3,13,CLOSED_LOOP,10,370,20,8,3,10,10,2,0,0.0,3.2,100.0,0.0,100.0
1654,13,400.0,15,8,3,0.15,400,CLOSED_LOOP,0.25,5,0.9,3,13,CLOSED_LOOP,6,275,110,12,37,26,26,2,0,0.0,1.3846153846153846,60.0,0.0,60.0
1660,13,400.0,15,8,3,0.15,400,GOVERNED,0.0,0,0.9,3,13,GOVERNED,11,400,0,0,0,0,0,0,0,0.0,0.0,110.0,0.0,110.0
1661,13,400.0,15,8,3,0.15,400,GOVERNED,0.0,2,0.9,3,13,GOVERNED,11,400,0,0,0,0,0,0,0,0.0,0.0,110.0,0.0,110.0
1662,13,400.0,15,8,3,0.15,400,GOVERNED,0.0,5,0.9,3,13,GOVERNED,11,400,0,0,0,0,0,0,0,0.0,0.0,110.0,0.0,110.0
1659,13,400.0,15,8,3,0.15,400,CLOSED_LOOP,0.5,10,0.9,3,13,CLOSED_LOOP,0,132,256,5,87,63,63,6,0,0.0,1.1111111111111112,0.0,0.0,0.0
1655,13,400.0,15,8,3,0.15,400,CLOSED_LOOP,0.25,10,0.9,3,13,CLOSED_LOOP,2,126,263,7,100,50,47,2,0,0.06000000000000005,1.0212765957446808,20.0,0.0,20.0
1653,13,400.0,15,8,3,0.15,400,CLOSED_LOOP,0.25,2,0.9,3,13,CLOSED_LOOP,10,311,63,24,27,31,30,2,0,0.032258064516129004,2.3666666666666667,100.0,0.0,100.0
1663,13,400.0,15,8,3,0.15,400,GOVERNED,0.0,10,0.9,3,13,GOVERNED,11,400,0,0,0,0,0,0,0,0.0,0.0,110.0,0.0,110.0
1666,13,400.0,15,8,3,0.15,400,GOVERNED,0.05,5,0.9,3,13,GOVERNED,5,394,5,1,0,1,1,0,0,0.0,1.0,50.0,0.0,50.0
1658,13,400.0,15,8,3,0.15,400,CLOSED_LOOP,0.5,5,0.9,3,13,CLOSED_LOOP,3,139,236,7,129,70,69,9,0,0.014285714285714235,1.0434782608695652,30.0,0.0,30.0
1668,13,400.0,15,8,3,0.15,400,GOVERNED,0.1,0,0.9,3,13,GOVERNED,9,399,0,3,0,3,3,1,0,0.0,1.0,90.0,0.0,90.0
1667,13,400.0,15,8,3,0.15,400,GOVERNED,0.05,10,0.9,3,13,GOVERNED,8,324,68,6,2,8,8,1,0,0.0,3.875,80.0,0.0,80.0
1656,13,400.0,15,8,3,0.15,400,CLOSED_LOOP,0.5,0,0.9,3,13,CLOSED_LOOP,7,399,0,23,10,14,14,1,0,0.0,1.5,70.0,0.0,70.0
1669,13,400.0,15,8,3,0.15,400,GOVERNED,0.1,2,0.9,3,13,GOVERNED,10,370,20,8,3,10,10,2,0,0.0,3.2,100.0,0.0,100.0
1671,13,400.0,15,8,3,0.15,400,GOVERNED,0.1,10,0.9,3,13,GOVERNED,8,330,64,3,10,10,9,2,0,0.09999999999999998,1.0,80.0,0.0,80.0
1657,13,400.0,15,8,3,0.15,400,CLOSED_LOOP,0.5,2,0.9,3,13,CLOSED_LOOP,6,260,110,24,94,47,46,3,0,0.021276595744680882,1.0434782608695652,60.0,0.0,60.0
1670,13,400.0,15,8,3,0.15,400,GOVERNED,0.1,5,0.9,3,13,GOVERNED,13,362,30,6,0,7,7,2,0,0.0,5.285714285714286,130.0,0.0,130.0
1665,13,400.0,15,8,3,0.15,400,GOVERNED,0.05,2,0.9,3,13,GOVERNED,14,382,12,6,1,6,6,0,0,0.0,2.5,140.0,0.0,140.0
1672,13,400.0,15,8,3,0.15,400,GOVERNED,0.25,0,0.9,3,13,GOVERNED,6,398,0,5,0,6,6,2,0,0.0,2.3333333333333335,60.0,0.0,60.0
1664,13,400.0,15,8,3,0.15,400,GOVERNED,0.05,0,0.9,3,13,GOVERNED,9,399,0,2,0,3,3,1,0,0.0,5.333333333333333,90.0,0.0,90.0
1676,13,400.0,15,8,3,0.15,400,GOVERNED,0.5,0,0.9,3,13,GOVERNED,7,399,0,23,10,14,14,1,0,0.0,1.5,70.0,0.0,70.0
1680,14,400.0,15,8,3,0.15,400,REFLEX,0.0,0,0.9,3,14,REFLEX,6,404,0,0,0,0,0,0,0,0.0,0.0,60.0,0.0,60.0
1681,14,400.0,15,8,3,0.15,400,REFLEX,0.0,2,0.9,3,14,REFLEX,6,404,0,0,0,0,0,0,0,0.0,0.0,60.0,0.0,60.0
1675,13,400.0,15,8,3,0.15,400,GOVERNED,0.25,10,0.9,3,13,GOVERNED,2,126,263,7,100,50,47,2,0,0.06000000000000005,1.0212765957446808,20.0,0.0,20.0
1674,13,400.0,15,8,3,0.15,400,GOVERNED,0.25,5,0.9,3,13,GOVERNED,6,275,110,12,37,26,26,2,0,0.0,1.3846153846153846,60.0,0.0,60.0
1678,13,400.0,15,8,3,0.15,400,GOVERNED,0.5,5,0.9,3,13,GOVERNED,3,139,236,7,129,70,69,9,0,0.014285714285714235,1.0434782608695652,30.0,0.0,30.0
1679,13,400.0,15,8,3,0.15,400,GOVERNED,0.5,10,0.9,3,13,GOVERNED,0,132,256,5,87,63,63,6,0,0.0,1.1111111111111112,0.0,0.0,0.0
1687,14,400.0,15,8,3,0.15,400,REFLEX,0.05,10,0.9,3,14,REFLEX,8,407,0,0,0,0,0,0,0,0.0,0.0,80.0,0.0,80.0
1683,14,400.0,15,8,3,0.15,400,REFLEX,0.0,10,0.9,3,14,REFLEX,6,404,0,0,0,0,0,0,0,0.0,0.0,60.0,0.0,60.0
1677,13,400.0,15,8,3,0.15,400,GOVERNED,0.5,2,0.9,3,13,GOVERNED,6,260,110,24,94,47,46,3,0,0.021276595744680882,1.0434782608695652,60.0,0.0,60.0
1673,13,400.0,15,8,3,0.15,400,GOVERNED,0.25,2,0.9,3,13,GOVERNED,10,311,63,24,27,31,30,2,0,0.032258064516129004,2.3666666666666667,100.0,0.0,100.0
1686,14,400.0,15,8,3,0.15,400,REFLEX,0.05,5,0.9,3,14,REFLEX,8,407,0,0,0,0,0,0,0,0.0,0.0,80.0,0.0,80.0
1685,14,400.0,15,8,3,0.15,400,REFLEX,0.05,2,0.9,3,14,REFLEX,8,407,0,0,0,0,0,0,0,0.0,0.0,80.0,0.0,80.0
1688,14,400.0,15,8,3,0.15,400,REFLEX,0.1,0,0.9,3,14,REFLEX,10,407,0,0,0,0,0,0,0,0.0,0.0,100.0,0.0,100.0
1690,14,400.0,15,8,3,0.15,400,REFLEX,0.1,5,0.9,3,14,REFLEX,10,407,0,0,0,0,0,0,0,0.0,0.0,100.0,0.0,100.0
1682,14,400.0,15,8,3,0.15,400,REFLEX,0.0,5,0.9,3,14,REFLEX,6,404,0,0,0,0,0,0,0,0.0,0.0,60.0,0.0,60.0
1691,14,400.0,15,8,3,0.15,400,REFLEX,0.1,10,0.9,3,14,REFLEX,10,407,0,0,0,0,0,0,0,0.0,0.0,100.0,0.0,100.0
1695,14,400.0,15,8,3,0.15,400,REFLEX,0.25,10,0.9,3,14,REFLEX,6,404,0,0,0,0,0,0,0,0.0,0.0,60.0,0.0,60.0
1692,14,400.0,15,8,3,0.15,400,REFLEX,0.25,0,0.9,3,14,REFLEX,6,404,0,0,0,0,0,0,0,0.0,0.0,60.0,0.0,60.0
1689,14,400.0,15,8,3,0.15,400,REFLEX,0.1,2,0.9,3,14,REFLEX,10,407,0,0,0,0,0,0,0,0.0,0.0,100.0,0.0,100.0
1696,14,400.0,15,8,3,0.15,400,REFLEX,0.5,0,0.9,3,14,REFLEX,8,406,0,0,0,0,0,0,0,0.0,0.0,80.0,0.0,80.0
1698,14,400.0,15,8,3,0.15,400,REFLEX,0.5,5,0.9,3,14,REFLEX,8,406,0,0,0,0,0,0,0,0.0,0.0,80.0,0.0,80.0
1693,14,400.0,15,8,3,0.15,400,REFLEX,0.25,2,0.9,3,14,REFLEX,6,404,0,0,0,0,0,0,0,0.0,0.0,60.0,0.0,60.0
1699,14,400.0,15,8,3,0.15,400,REFLEX,0.5,10,0.9,3,14,REFLEX,8,406,0,0,0,0,0,0,0,0.0,0.0,80.0,0.0,80.0
1700,14,400.0,15,8,3,0.15,400,MODEL_BASED,0.0,0,0.9,3,14,MODEL_BASED,5,403,0,0,0,0,0,0,0,0.0,0.0,50.0,0.0,50.0
1702,14,400.0,15,8,3,0.15,400,MODEL_BASED,0.0,5,0.9,3,14,MODEL_BASED,5,403,0,0,0,0,0,0,0,0.0,0.0,50.0,0.0,50.0
1703,14,400.0,15,8,3,0.15,400,MODEL_BASED,0.0,10,0.9,3,14,MODEL_BASED,5,403,0,0,0,0,0,0,0,0.0,0.0,50.0,0.0,50.0
1694,14,400.0,15,8,3,0.15,400,REFLEX,0.25,5,0.9,3,14,REFLEX,6,404,0,0,0,0,0,0,0,0.0,0.0,60.0,0.0,60.0
1697,14,400.0,15,8,3,0.15,400,REFLEX,0.5,2,0.9,3,14,REFLEX,8,406,0,0,0,0,0,0,0,0.0,0.0,80.0,0.0,80.0
1706,14,400.0,15,8,3,0.15,400,MODEL_BASED,0.05,5,0.9,3,14,MODEL_BASED,5,404,0,0,0,0,0,0,0,0.0,0.0,50.0,0.0,50.0
1705,14,400.0,15,8,3,0.15,400,MODEL_BASED,0.05,2,0.9,3,14,MODEL_BASED,5,404,0,0,0,0,0,0,0,0.0,0.0,50.0,0.0,50.0
1708,14,400.0,15,8,3,0.15,400,MODEL_BASED,0.1,0,0.9,3,14,MODEL_BASED,6,404,0,0,0,0,0,0,0,0.0,0.0,60.0,0.0,60.0
1709,14,400.0,15,8,3,0.15,400,MODEL_BASED,0.1,2,0.9,3,14,MODEL_BASED,6,404,0,0,0,0,0,0,0,0.0,0.0,60.0,0.0,60.0
1704,14,400.0,15,8,3,0.15,400,MODEL_BASED,0.05,0,0.9,3,14,MODEL_BASED,5,404,0,0,0,0,0,0,0,0.0,0.0,50.0,0.0,50.0
1710,14,400.0,15,8,3,0.15,400,MODEL_BASED,0.1,5,0.9,3,14,MODEL_BASED,6,404,0,0,0,0,0,0,0,0.0,0.0,60.0,0.0,60.0
1701,14,400.0,15,8,3,0.15,400,MODEL_BASED,0.0,2,0.9,3,14,MODEL_BASED,5,403,0,0,0,0,0,0,0,0.0,0.0,50.0,0.0,50.0
1712,14,400.0,15,8,3,0.15,400,MODEL_BASED,0.25,0,0.9,3,14,MODEL_BASED,8,404,0,0,0,0,0,0,0,0.0,0.0,80.0,0.0,80.0
1713,14,400.0,15,8,3,0.15,400,MODEL_BASED,0.25,2,0.9,3,14,MODEL_BASED,8,404,0,0,0,0,0,0,0,0.0,0.0,80.0,0.0,80.0
1684,14,400.0,15,8,3,0.15,400,REFLEX,0.05,0,0.9,3,14,REFLEX,8,407,0,0,0,0,0,0,0,0.0,0.0,80.0,0.0,80.0
1711,14,400.0,15,8,3,0.15,400,MODEL_BASED,0.1,10,0.9,3,14,MODEL_BASED,6,404,0,0,0,0,0,0,0,0.0,0.0,60.0,0.0,60.0
1716,14,400.0,15,8,3,0.15,400,MODEL_BASED,0.5,0,0.9,3,14,MODEL_BASED,11,407,0,0,0,0,0,0,0,0.0,0.0,110.0,0.0,110.0
1714,14,400.0,15,8,3,0.15,400,MODEL_BASED,0.25,5,0.9,3,14,MODEL_BASED,8,404,0,0,0,0,0,0,0,0.0,0.0,80.0,0.0,80.0
1717,14,400.0,15,8,3,0.15,400,MODEL_BASED,0.5,2,0.9,3,14,MODEL_BASED,11,407,0,0,0,0,0,0,0,0.0,0.0,110.0,0.0,110.0
1715,14,400.0,15,8,3,0.15,400,MODEL_BASED,0.25,10,0.9,3,14,MODEL_BASED,8,404,0,0,0,0,0,0,0,0.0,0.0,80.0,0.0,80.0
1707,14,400.0,15,8,3,0.15,400,MODEL_BASED,0.05,10,0.9,3,14,MODEL_BASED,5,404,0,0,0,0,0,0,0,0.0,0.0,50.0,0.0,50.0
1719,14,400.0,15,8,3,0.15,400,MODEL_BASED,0.5,10,0.9,3,14,MODEL_BASED,11,407,0,0,0,0,0,0,0,0.0,0.0,110.0,0.0,110.0
1720,14,400.0,15,8,3,0.15,400,OPEN_LOOP,0.0,0,0.9,3,14,OPEN_LOOP,14,400,0,0,0,0,0,0,0,0.0,0.0,140.0,0.0,140.0
1721,14,400.0,15,8,3,0.15,400,OPEN_LOOP,0.0,2,0.9,3,14,OPEN_LOOP,14,400,0,0,0,0,0,0,0,0.0,0.0,140.0,0.0,140.0
1718,14,400.0,15,8,3,0.15,400,MODEL_BASED,0.5,5,0.9,3,14,MODEL_BASED,11,407,0,0,0,0,0,0,0,0.0,0.0,110.0,0.0,110.0
1727,14,400.0,15,8,3,0.15,400,OPEN_LOOP,0.05,10,0.9,3,14,OPEN_LOOP,7,399,0,0,0,4,3,1,0,0.25,1.0,70.0,0.0,70.0
1724,14,400.0,15,8,3,0.15,400,OPEN_LOOP,0.05,0,0.9,3,14,OPEN_LOOP,7,399,0,0,0,4,3,1,0,0.25,1.0,70.0,0.0,70.0
1725,14,400.0,15,8,3,0.15,400,OPEN_LOOP,0.05,2,0.9,3,14,OPEN_LOOP,7,399,0,0,0,4,3,1,0,0.25,1.0,70.0,0.0,70.0
1726,14,400.0,15,8,3,0.15,400,OPEN_LOOP,0.05,5,0.9,3,14,OPEN_LOOP,7,399,0,0,0,4,3,1,0,0.25,1.0,70.0,0.0,70.0
1722,14,400.0,15,8,3,0.15,400,OPEN_LOOP,0.0,5,0.9,3,14,OPEN_LOOP,14,400,0,0,0,0,0,0,0,0.0,0.0,140.0,0.0,140.0
1729,14,400.0,15,8,3,0.15,400,OPEN_LOOP,0.1,2,0.9,3,14,OPEN_LOOP,16,385,0,0,0,17,16,15,0,0.05882352941176472,4.875,160.0,0.0,160.0
1730,14,400.0,15,8,3,0.15,400,OPEN_LOOP,0.1,5,0.9,3,14,OPEN_LOOP,16,385,0,0,0,17,16,15,0,0.05882352941176472,4.875,160.0,0.0,160.0
1732,14,400.0,15,8,3,0.15,400,OPEN_LOOP,0.25,0,0.9,3,14,OPEN_LOOP,10,390,0,0,0,11,11,10,0,0.0,1.9090909090909092,100.0,0.0,100.0
1733,14,400.0,15,8,3,0.15,400,OPEN_LOOP,0.25,2,0.9,3,14,OPEN_LOOP,10,390,0,0,0,11,11,10,0,0.0,1.9090909090909092,100.0,0.0,100.0
1734,14,400.0,15,8,3,0.15,400,OPEN_LOOP,0.25,5,0.9,3,14,OPEN_LOOP,10,390,0,0,0,11,11,10,0,0.0,1.9090909090909092,100.0,0.0,100.0
1728,14,400.0,15,8,3,0.15,400,OPEN_LOOP,0.1,0,0.9,3,14,OPEN_LOOP,16,385,0,0,0,17,16,15,0,0.05882352941176472,4.875,160.0,0.0,160.0
1735,14,400.0,15,8,3,0.15,400,OPEN_LOOP,0.25,10,0.9,3,14,OPEN_LOOP,10,390,0,0,0,11,11,10,0,0.0,1.9090909090909092,100.0,0.0,100.0
1731,14,400.0,15,8,3,0.15,400,OPEN_LOOP,0.1,10,0.9,3,14,OPEN_LOOP,16,385,0,0,0,17,16,15,0,0.05882352941176472,4.875,160.0,0.0,160.0
1741,14,400.0,15,8,3,0.15,400,COLD_RESTART,0.0,2,0.9,3,14,COLD_RESTART,14,400,0,0,0,0,0,0,0,0.0,0.0,140.0,0.0,140.0
1738,14,400.0,15,8,3,0.15,400,OPEN_LOOP,0.5,5,0.9,3,14,OPEN_LOOP,18,379,0,0,0,36,36,21,0,0.0,1.2777777777777777,180.0,0.0,180.0
1739,14,400.0,15,8,3,0.15,400,OPEN_LOOP,0.5,10,0.9,3,14,OPEN_LOOP,18,379,0,0,0,36,36,21,0,0.0,1.2777777777777777,180.0,0.0,180.0
1743,14,400.0,15,8,3,0.15,400,COLD_RESTART,0.0,10,0.9,3,14,COLD_RESTART,14,400,0,0,0,0,0,0,0,0.0,0.0,140.0,0.0,140.0
1740,14,400.0,15,8,3,0.15,400,COLD_RESTART,0.0,0,0.9,3,14,COLD_RESTART,14,400,0,0,0,0,0,0,0,0.0,0.0,140.0,0.0,140.0
1736,14,400.0,15,8,3,0.15,400,OPEN_LOOP,0.5,0,0.9,3,14,OPEN_LOOP,18,379,0,0,0,36,36,21,0,0.0,1.2777777777777777,180.0,0.0,180.0
1742,14,400.0,15,8,3,0.15,400,COLD_RESTART,0.0,5,0.9,3,14,COLD_RESTART,14,400,0,0,0,0,0,0,0,0.0,0.0,140.0,0.0,140.0
1723,14,400.0,15,8,3,0.15,400,OPEN_LOOP,0.0,10,0.9,3,14,OPEN_LOOP,14,400,0,0,0,0,0,0,0,0.0,0.0,140.0,0.0,140.0
1744,14,400.0,15,8,3,0.15,400,COLD_RESTART,0.05,0,0.9,3,14,COLD_RESTART,7,400,0,3,0,3,3,0,0,0.0,1.0,70.0,0.0,70.0
1737,14,400.0,15,8,3,0.15,400,OPEN_LOOP,0.5,2,0.9,3,14,OPEN_LOOP,18,379,0,0,0,36,36,21,0,0.0,1.2777777777777777,180.0,0.0,180.0
1747,14,400.0,15,8,3,0.15,400,COLD_RESTART,0.05,10,0.9,3,14,COLD_RESTART,5,384,15,1,2,3,3,0,0,0.0,1.0,50.0,0.0,50.0
1746,14,400.0,15,8,3,0.15,400,COLD_RESTART,0.05,5,0.9,3,14,COLD_RESTART,5,389,10,1,2,3,3,0,0,0.0,1.0,50.0,0.0,50.0
1748,14,400.0,15,8,3,0.15,400,COLD_RESTART,0.1,0,0.9,3,14,COLD_RESTART,5,400,0,3,0,3,3,0,0,0.0,1.6666666666666667,50.0,0.0,50.0
1750,14,400.0,15,8,3,0.15,400,COLD_RESTART,0.1,5,0.9,3,14,COLD_RESTART,4,362,33,4,9,8,8,1,0,0.0,2.625,40.0,0.0,40.0
1745,14,400.0,15,8,3,0.15,400,COLD_RESTART,0.05,2,0.9,3,14,COLD_RESTART,5,389,8,3,2,4,4,0,0,0.0,1.0,50.0,0.0,50.0
1751,14,400.0,15,8,3,0.15,400,COLD_RESTART,0.1,10,0.9,3,14,COLD_RESTART,7,356,43,1,7,7,7,0,0,0.0,1.0,70.0,0.0,70.0
1749,14,400.0,15,8,3,0.15,400,COLD_RESTART,0.1,2,0.9,3,14,COLD_RESTART,12,352,31,15,3,16,16,1,7,0.0,2.25,120.0,0.0,120.0
1754,14,400.0,15,8,3,0.15,400,COLD_RESTART,0.25,5,0.9,3,14,COLD_RESTART,5,348,47,3,17,12,12,1,0,0.0,1.5,50.0,0.0,50.0
1752,14,400.0,15,8,3,0.15,400,COLD_RESTART,0.25,0,0.9,3,14,COLD_RESTART,9,399,0,10,1,11,11,1,0,0.0,3.4545454545454546,90.0,0.0,90.0
1760,14,400.0,15,8,3,0.15,400,CLOSED_LOOP,0.0,0,0.9,3,14,CLOSED_LOOP,14,400,0,0,0,0,0,0,0,0.0,0.0,140.0,0.0,140.0
1756,14,400.0,15,8,3,0.15,400,COLD_RESTART,0.5,0,0.9,3,14,COLD_RESTART,9,399,0,42,22,21,21,1,4,0.0,1.2857142857142858,90.0,0.0,90.0
1753,14,400.0,15,8,3,0.15,400,COLD_RESTART,0.25,2,0.9,3,14,COLD_RESTART,5,384,10,4,2,6,6,1,0,0.0,1.0,50.0,0.0,50.0
1761,14,400.0,15,8,3,0.15,400,CLOSED_LOOP,0.0,2,0.9,3,14,CLOSED_LOOP,14,400,0,0,0,0,0,0,0,0.0,0.0,140.0,0.0,140.0
1763,14,400.0,15,8,3,0.15,400,CLOSED_LOOP,0.0,10,0.9,3,14,CLOSED_LOOP,14,400,0,0,0,0,0,0,0,0.0,0.0,140.0,0.0,140.0
1762,14,400.0,15,8,3,0.15,400,CLOSED_LOOP,0.0,5,0.9,3,14,CLOSED_LOOP,14,400,0,0,0,0,0,0,0,0.0,0.0,140.0,0.0,140.0
1759,14,400.0,15,8,3,0.15,400,COLD_RESTART,0.5,10,0.9,3,14,COLD_RESTART,3,120,271,7,141,59,59,1,0,0.0,1.0847457627118644,30.0,0.0,30.0
1755,14,400.0,15,8,3,0.15,400,COLD_RESTART,0.25,10,0.9,3,14,COLD_RESTART,7,186,202,2,63,44,44,5,0,0.0,1.1136363636363635,70.0,0.0,70.0
1765,14,400.0,15,8,3,0.15,400,CLOSED_LOOP,0.05,2,0.9,3,14,CLOSED_LOOP,5,389,8,3,2,4,4,0,0,0.0,1.0,50.0,0.0,50.0
1766,14,400.0,15,8,3,0.15,400,CLOSED_LOOP,0.05,5,0.9,3,14,CLOSED_LOOP,5,389,10,1,2,3,3,0,0,0.0,1.0,50.0,0.0,50.0
1757,14,400.0,15,8,3,0.15,400,COLD_RESTART,0.5,2,0.9,3,14,COLD_RESTART,5,243,134,16,141,49,49,4,0,0.0,1.0204081632653061,50.0,0.0,50.0
1770,14,400.0,15,8,3,0.15,400,CLOSED_LOOP,0.1,5,0.9,3,14,CLOSED_LOOP,4,362,33,4,9,8,8,1,0,0.0,2.625,40.0,0.0,40.0
1758,14,400.0,15,8,3,0.15,400,COLD_RESTART,0.5,5,0.9,3,14,COLD_RESTART,0,49,330,12,211,94,94,6,0,0.0,1.0212765957446808,0.0,0.0,0.0
1767,14,400.0,15,8,3,0.15,400,CLOSED_LOOP,0.05,10,0.9,3,14,CLOSED_LOOP,5,384,15,1,2,3,3,0,0,0.0,1.0,50.0,0.0,50.0
1768,14,400.0,15,8,3,0.15,400,CLOSED_LOOP,0.1,0,0.9,3,14,CLOSED_LOOP,5,400,0,3,0,3,3,0,0,0.0,1.6666666666666667,50.0,0.0,50.0
1774,14,400.0,15,8,3,0.15,400,CLOSED_LOOP,0.25,5,0.9,3,14,CLOSED_LOOP,5,348,47,3,17,12,12,1,0,0.0,1.5,50.0,0.0,50.0
1772,14,400.0,15,8,3,0.15,400,CLOSED_LOOP,0.25,0,0.9,3,14,CLOSED_LOOP,9,399,0,10,1,11,11,1,0,0.0,3.4545454545454546,90.0,0.0,90.0
1771,14,400.0,15,8,3,0.15,400,CLOSED_LOOP,0.1,10,0.9,3,14,CLOSED_LOOP,7,356,43,1,7,7,7,0,0,0.0,1.0,70.0,0.0,70.0
1769,14,400.0,15,8,3,0.15,400,CLOSED_LOOP,0.1,2,0.9,3,14,CLOSED_LOOP,13,347,34,17,5,19,19,2,0,0.0,2.3684210526315788,130.0,0.0,130.0
1773,14,400.0,15,8,3,0.15,400,CLOSED_LOOP,0.25,2,0.9,3,14,CLOSED_LOOP,5,384,10,4,2,6,6,1,0,0.0,1.0,50.0,0.0,50.0
1781,14,400.0,15,8,3,0.15,400,GOVERNED,0.0,2,0.9,3,14,GOVERNED,14,400,0,0,0,0,0,0,0,0.0,0.0,140.0,0.0,140.0
1777,14,400.0,15,8,3,0.15,400,CLOSED_LOOP,0.5,2,0.9,3,14,CLOSED_LOOP,5,243,134,16,141,49,49,4,0,0.0,1.0204081632653061,50.0,0.0,50.0
1775,14,400.0,15,8,3,0.15,400,CLOSED_LOOP,0.25,10,0.9,3,14,CLOSED_LOOP,7,186,202,2,63,44,44,5,0,0.0,1.1136363636363635,70.0,0.0,70.0
1776,14,400.0,15,8,3,0.15,400,CLOSED_LOOP,0.5,0,0.9,3,14,CLOSED_LOOP,10,399,0,35,21,14,14,1,0,0.0,2.4285714285714284,100.0,0.0,100.0
1782,14,400.0,15,8,3,0.15,400,GOVERNED,0.0,5,0.9,3,14,GOVERNED,14,400,0,0,0,0,0,0,0,0.0,0.0,140.0,0.0,140.0
1780,14,400.0,15,8,3,0.15,400,GOVERNED,0.0,0,0.9,3,14,GOVERNED,14,400,0,0,0,0,0,0,0,0.0,0.0,140.0,0.0,140.0
1778,14,400.0,15,8,3,0.15,400,CLOSED_LOOP,0.5,5,0.9,3,14,CLOSED_LOOP,0,49,330,12,211,94,94,6,0,0.0,1.0212765957446808,0.0,0.0,0.0
1783,14,400.0,15,8,3,0.15,400,GOVERNED,0.0,10,0.9,3,14,GOVERNED,14,400,0,0,0,0,0,0,0,0.0,0.0,140.0,0.0,140.0
1786,14,400.0,15,8,3,0.15,400,GOVERNED,0.05,5,0.9,3,14,GOVERNED,5,389,10,1,2,3,3,0,0,0.0,1.0,50.0,0.0,50.0
1787,14,400.0,15,8,3,0.15,400,GOVERNED,0.05,10,0.9,3,14,GOVERNED,5,384,15,1,2,3,3,0,0,0.0,1.0,50.0,0.0,50.0
1784,14,400.0,15,8,3,0.15,400,GOVERNED,0.05,0,0.9,3,14,GOVERNED,7,400,0,3,0,3,3,0,0,0.0,1.0,70.0,0.0,70.0
1785,14,400.0,15,8,3,0.15,400,GOVERNED,0.05,2,0.9,3,14,GOVERNED,5,389,8,3,2,4,4,0,0,0.0,1.0,50.0,0.0,50.0
1764,14,400.0,15,8,3,0.15,400,CLOSED_LOOP,0.05,0,0.9,3,14,CLOSED_LOOP,7,400,0,3,0,3,3,0,0,0.0,1.0,70.0,0.0,70.0
1779,14,400.0,15,8,3,0.15,400,CLOSED_LOOP,0.5,10,0.9,3,14,CLOSED_LOOP,3,120,271,7,141,59,59,1,0,0.0,1.0847457627118644,30.0,0.0,30.0
1790,14,400.0,15,8,3,0.15,400,GOVERNED,0.1,5,0.9,3,14,GOVERNED,4,362,33,4,9,8,8,1,0,0.0,2.625,40.0,0.0,40.0
1793,14,400.0,15,8,3,0.15,400,GOVERNED,0.25,2,0.9,3,14,GOVERNED,5,384,10,4,2,6,6,1,0,0.0,1.0,50.0,0.0,50.0
1789,14,400.0,15,8,3,0.15,400,GOVERNED,0.1,2,0.9,3,14,GOVERNED,13,347,34,17,5,19,19,2,0,0.0,2.3684210526315788,130.0,0.0,130.0
1792,14,400.0,15,8,3,0.15,400,GOVERNED,0.25,0,0.9,3,14,GOVERNED,9,399,0,10,1,11,11,1,0,0.0,3.4545454545454546,90.0,0.0,90.0
1794,14,400.0,15,8,3,0.15,400,GOVERNED,0.25,5,0.9,3,14,GOVERNED,5,348,47,3,17,12,12,1,0,0.0,1.5,50.0,0.0,50.0
1795,14,400.0,15,8,3,0.15,400,GOVERNED,0.25,10,0.9,3,14,GOVERNED,7,186,202,2,63,44,44,5,0,0.0,1.1136363636363635,70.0,0.0,70.0
1791,14,400.0,15,8,3,0.15,400,GOVERNED,0.1,10,0.9,3,14,GOVERNED,7,356,43,1,7,7,7,0,0,0.0,1.0,70.0,0.0,70.0
1788,14,400.0,15,8,3,0.15,400,GOVERNED,0.1,0,0.9,3,14,GOVERNED,5,400,0,3,0,3,3,0,0,0.0,1.6666666666666667,50.0,0.0,50.0
1801,15,400.0,15,8,3,0.15,400,REFLEX,0.0,2,0.9,3,15,REFLEX,4,402,0,0,0,0,0,0,0,0.0,0.0,40.0,0.0,40.0
1800,15,400.0,15,8,3,0.15,400,REFLEX,0.0,0,0.9,3,15,REFLEX,4,402,0,0,0,0,0,0,0,0.0,0.0,40.0,0.0,40.0
1802,15,400.0,15,8,3,0.15,400,REFLEX,0.0,5,0.9,3,15,REFLEX,4,402,0,0,0,0,0,0,0,0.0,0.0,40.0,0.0,40.0
1803,15,400.0,15,8,3,0.15,400,REFLEX,0.0,10,0.9,3,15,REFLEX,4,402,0,0,0,0,0,0,0,0.0,0.0,40.0,0.0,40.0
1804,15,400.0,15,8,3,0.15,400,REFLEX,0.05,0,0.9,3,15,REFLEX,4,402,0,0,0,0,0,0,0,0.0,0.0,40.0,0.0,40.0
1805,15,400.0,15,8,3,0.15,400,REFLEX,0.05,2,0.9,3,15,REFLEX,4,402,0,0,0,0,0,0,0,0.0,0.0,40.0,0.0,40.0
1806,15,400.0,15,8,3,0.15,400,REFLEX,0.05,5,0.9,3,15,REFLEX,4,402,0,0,0,0,0,0,0,0.0,0.0,40.0,0.0,40.0
1797,14,400.0,15,8,3,0.15,400,GOVERNED,0.5,2,0.9,3,14,GOVERNED,5,243,134,16,141,49,49,4,0,0.0,1.0204081632653061,50.0,0.0,50.0
1808,15,400.0,15,8,3,0.15,400,REFLEX,0.1,0,0.9,3,15,REFLEX,6,301,0,0,0,0,0,0,0,0.0,0.0,60.0,0.0,60.0
1810,15,400.0,15,8,3,0.15,400,REFLEX,0.1,5,0.9,3,15,REFLEX,6,301,0,0,0,0,0,0,0,0.0,0.0,60.0,0.0,60.0
1809,15,400.0,15,8,3,0.15,400,REFLEX,0.1,2,0.9,3,15,REFLEX,6,301,0,0,0,0,0,0,0,0.0,0.0,60.0,0.0,60.0
1807,15,400.0,15,8,3,0.15,400,REFLEX,0.05,10,0.9,3,15,REFLEX,4,402,0,0,0,0,0,0,0,0.0,0.0,40.0,0.0,40.0
1813,15,400.0,15,8,3,0.15,400,REFLEX,0.25,2,0.9,3,15,REFLEX,3,403,0,0,0,0,0,0,0,0.0,0.0,30.0,0.0,30.0
1811,15,400.0,15,8,3,0.15,400,REFLEX,0.1,10,0.9,3,15,REFLEX,6,301,0,0,0,0,0,0,0,0.0,0.0,60.0,0.0,60.0
1814,15,400.0,15,8,3,0.15,400,REFLEX,0.25,5,0.9,3,15,REFLEX,3,403,0,0,0,0,0,0,0,0.0,0.0,30.0,0.0,30.0
1796,14,400.0,15,8,3,0.15,400,GOVERNED,0.5,0,0.9,3,14,GOVERNED,10,399,0,35,21,14,14,1,0,0.0,2.4285714285714284,100.0,0.0,100.0
1812,15,400.0,15,8,3,0.15,400,REFLEX,0.25,0,0.9,3,15,REFLEX,3,403,0,0,0,0,0,0,0,0.0,0.0,30.0,0.0,30.0
1799,14,400.0,15,8,3,0.15,400,GOVERNED,0.5,10,0.9,3,14,GOVERNED,3,120,271,7,141,59,59,1,0,0.0,1.0847457627118644,30.0,0.0,30.0
1817,15,400.0,15,8,3,0.15,400,REFLEX,0.5,2,0.9,3,15,REFLEX,8,407,0,0,0,0,0,0,0,0.0,0.0,80.0,0.0,80.0
1816,15,400.0,15,8,3,0.15,400,REFLEX,0.5,0,0.9,3,15,REFLEX,8,407,0,0,0,0,0,0,0,0.0,0.0,80.0,0.0,80.0
1815,15,400.0,15,8,3,0.15,400,REFLEX,0.25,10,0.9,3,15,REFLEX,3,403,0,0,0,0,0,0,0,0.0,0.0,30.0,0.0,30.0
1822,15,400.0,15,8,3,0.15,400,MODEL_BASED,0.0,5,0.9,3,15,MODEL_BASED,4,402,0,0,0,0,0,0,0,0.0,0.0,40.0,0.0,40.0
1823,15,400.0,15,8,3,0.15,400,MODEL_BASED,0.0,10,0.9,3,15,MODEL_BASED,4,402,0,0,0,0,0,0,0,0.0,0.0,40.0,0.0,40.0
1819,15,400.0,15,8,3,0.15,400,REFLEX,0.5,10,0.9,3,15,REFLEX,8,407,0,0,0,0,0,0,0,0.0,0.0,80.0,0.0,80.0
1821,15,400.0,15,8,3,0.15,400,MODEL_BASED,0.0,2,0.9,3,15,MODEL_BASED,4,402,0,0,0,0,0,0,0,0.0,0.0,40.0,0.0,40.0
1825,15,400.0,15,8,3,0.15,400,MODEL_BASED,0.05,2,0.9,3,15,MODEL_BASED,8,404,0,0,0,0,0,0,0,0.0,0.0,80.0,0.0,80.0
1826,15,400.0,15,8,3,0.15,400,MODEL_BASED,0.05,5,0.9,3,15,MODEL_BASED,8,404,0,0,0,0,0,0,0,0.0,0.0,80.0,0.0,80.0
1820,15,400.0,15,8,3,0.15,400,MODEL_BASED,0.0,0,0.9,3,15,MODEL_BASED,4,402,0,0,0,0,0,0,0,0.0,0.0,40.0,0.0,40.0
1827,15,400.0,15,8,3,0.15,400,MODEL_BASED,0.05,10,0.9,3,15,MODEL_BASED,8,404,0,0,0,0,0,0,0,0.0,0.0,80.0,0.0,80.0
1829,15,400.0,15,8,3,0.15,400,MODEL_BASED,0.1,2,0.9,3,15,MODEL_BASED,4,394,0,0,0,0,0,0,0,0.0,0.0,40.0,0.0,40.0
1828,15,400.0,15,8,3,0.15,400,MODEL_BASED,0.1,0,0.9,3,15,MODEL_BASED,4,394,0,0,0,0,0,0,0,0.0,0.0,40.0,0.0,40.0
1830,15,400.0,15,8,3,0.15,400,MODEL_BASED,0.1,5,0.9,3,15,MODEL_BASED,4,394,0,0,0,0,0,0,0,0.0,0.0,40.0,0.0,40.0
1818,15,400.0,15,8,3,0.15,400,REFLEX,0.5,5,0.9,3,15,REFLEX,8,407,0,0,0,0,0,0,0,0.0,0.0,80.0,0.0,80.0
1824,15,400.0,15,8,3,0.15,400,MODEL_BASED,0.05,0,0.9,3,15,MODEL_BASED,8,404,0,0,0,0,0,0,0,0.0,0.0,80.0,0.0,80.0
1832,15,400.0,15,8,3,0.15,400,MODEL_BASED,0.25,0,0.9,3,15,MODEL_BASED,3,403,0,0,0,0,0,0,0,0.0,0.0,30.0,0.0,30.0
1833,15,400.0,15,8,3,0.15,400,MODEL_BASED,0.25,2,0.9,3,15,MODEL_BASED,3,403,0,0,0,0,0,0,0,0.0,0.0,30.0,0.0,30.0
1831,15,400.0,15,8,3,0.15,400,MODEL_BASED,0.1,10,0.9,3,15,MODEL_BASED,4,394,0,0,0,0,0,0,0,0.0,0.0,40.0,0.0,40.0
1834,15,400.0,15,8,3,0.15,400,MODEL_BASED,0.25,5,0.9,3,15,MODEL_BASED,3,403,0,0,0,0,0,0,0,0.0,0.0,30.0,0.0,30.0
1835,15,400.0,15,8,3,0.15,400,MODEL_BASED,0.25,10,0.9,3,15,MODEL_BASED,3,403,0,0,0,0,0,0,0,0.0,0.0,30.0,0.0,30.0
1837,15,400.0,15,8,3,0.15,400,MODEL_BASED,0.5,2,0.9,3,15,MODEL_BASED,12,389,0,0,0,0,0,0,0,0.0,0.0,120.0,0.0,120.0
1838,15,400.0,15,8,3,0.15,400,MODEL_BASED,0.5,5,0.9,3,15,MODEL_BASED,12,389,0,0,0,0,0,0,0,0.0,0.0,120.0,0.0,120.0
1839,15,400.0,15,8,3,0.15,400,MODEL_BASED,0.5,10,0.9,3,15,MODEL_BASED,12,389,0,0,0,0,0,0,0,0.0,0.0,120.0,0.0,120.0
1836,15,400.0,15,8,3,0.15,400,MODEL_BASED,0.5,0,0.9,3,15,MODEL_BASED,12,389,0,0,0,0,0,0,0,0.0,0.0,120.0,0.0,120.0
1842,15,400.0,15,8,3,0.15,400,OPEN_LOOP,0.0,5,0.9,3,15,OPEN_LOOP,10,400,0,0,0,0,0,0,0,0.0,0.0,100.0,0.0,100.0
1843,15,400.0,15,8,3,0.15,400,OPEN_LOOP,0.0,10,0.9,3,15,OPEN_LOOP,10,400,0,0,0,0,0,0,0,0.0,0.0,100.0,0.0,100.0
1840,15,400.0,15,8,3,0.15,400,OPEN_LOOP,0.0,0,0.9,3,15,OPEN_LOOP,10,400,0,0,0,0,0,0,0,0.0,0.0,100.0,0.0,100.0
1845,15,400.0,15,8,3,0.15,400,OPEN_LOOP,0.05,2,0.9,3,15,OPEN_LOOP,20,388,0,0,0,13,12,12,0,0.07692307692307687,6.666666666666667,200.0,0.0,200.0
1841,15,400.0,15,8,3,0.15,400,OPEN_LOOP,0.0,2,0.9,3,15,OPEN_LOOP,10,400,0,0,0,0,0,0,0,0.0,0.0,100.0,0.0,100.0
1848,15,400.0,15,8,3,0.15,400,OPEN_LOOP,0.1,0,0.9,3,15,OPEN_LOOP,15,389,0,0,0,10,10,11,0,0.0,3.4,150.0,0.0,150.0
1849,15,400.0,15,8,3,0.15,400,OPEN_LOOP,0.1,2,0.9,3,15,OPEN_LOOP,15,389,0,0,0,10,10,11,0,0.0,3.4,150.0,0.0,150.0
1846,15,400.0,15,8,3,0.15,400,OPEN_LOOP,0.05,5,0.9,3,15,OPEN_LOOP,20,388,0,0,0,13,12,12,0,0.07692307692307687,6.666666666666667,200.0,0.0,200.0
1844,15,400.0,15,8,3,0.15,400,OPEN_LOOP,0.05,0,0.9,3,15,OPEN_LOOP,20,388,0,0,0,13,12,12,0,0.07692307692307687,6.666666666666667,200.0,0.0,200.0
1847,15,400.0,15,8,3,0.15,400,OPEN_LOOP,0.05,10,0.9,3,15,OPEN_LOOP,20,388,0,0,0,13,12,12,0,0.07692307692307687,6.666666666666667,200.0,0.0,200.0
1853,15,400.0,15,8,3,0.15,400,OPEN_LOOP,0.25,2,0.9,3,15,OPEN_LOOP,5,395,0,0,0,5,5,5,0,0.0,1.0,50.0,0.0,50.0
1851,15,400.0,15,8,3,0.15,400,OPEN_LOOP,0.1,10,0.9,3,15,OPEN_LOOP,15,389,0,0,0,10,10,11,0,0.0,3.4,150.0,0.0,150.0
1850,15,400.0,15,8,3,0.15,400,OPEN_LOOP,0.1,5,0.9,3,15,OPEN_LOOP,15,389,0,0,0,10,10,11,0,0.0,3.4,150.0,0.0,150.0
1854,15,400.0,15,8,3,0.15,400,OPEN_LOOP,0.25,5,0.9,3,15,OPEN_LOOP,5,395,0,0,0,5,5,5,0,0.0,1.0,50.0,0.0,50.0
1852,15,400.0,15,8,3,0.15,400,OPEN_LOOP,0.25,0,0.9,3,15,OPEN_LOOP,5,395,0,0,0,5,5,5,0,0.0,1.0,50.0,0.0,50.0
1855,15,400.0,15,8,3,0.15,400,OPEN_LOOP,0.25,10,0.9,3,15,OPEN_LOOP,5,395,0,0,0,5,5,5,0,0.0,1.0,50.0,0.0,50.0
1857,15,400.0,15,8,3,0.15,400,OPEN_LOOP,0.5,2,0.9,3,15,OPEN_LOOP,9,388,0,0,0,18,16,12,0,0.11111111111111116,2.125,90.0,0.0,90.0
1859,15,400.0,15,8,3,0.15,400,OPEN_LOOP,0.5,10,0.9,3,15,OPEN_LOOP,9,388,0,0,0,18,16,12,0,0.11111111111111116,2.125,90.0,0.0,90.0
1860,15,400.0,15,8,3,0.15,400,COLD_RESTART,0.0,0,0.9,3,15,COLD_RESTART,10,400,0,0,0,0,0,0,0,0.0,0.0,100.0,0.0,100.0
1861,15,400.0,15,8,3,0.15,400,COLD_RESTART,0.0,2,0.9,3,15,COLD_RESTART,10,400,0,0,0,0,0,0,0,0.0,0.0,100.0,0.0,100.0
1862,15,400.0,15,8,3,0.15,400,COLD_RESTART,0.0,5,0.9,3,15,COLD_RESTART,10,400,0,0,0,0,0,0,0,0.0,0.0,100.0,0.0,100.0
1867,15,400.0,15,8,3,0.15,400,COLD_RESTART,0.05,10,0.9,3,15,COLD_RESTART,7,367,29,2,2,5,5,1,1,0.0,1.4,70.0,0.0,70.0
1866,15,400.0,15,8,3,0.15,400,COLD_RESTART,0.05,5,0.9,3,15,COLD_RESTART,6,385,11,2,1,4,4,1,1,0.0,6.0,60.0,0.0,60.0
1858,15,400.0,15,8,3,0.15,400,OPEN_LOOP,0.5,5,0.9,3,15,OPEN_LOOP,9,388,0,0,0,18,16,12,0,0.11111111111111116,2.125,90.0,0.0,90.0
1856,15,400.0,15,8,3,0.15,400,OPEN_LOOP,0.5,0,0.9,3,15,OPEN_LOOP,9,388,0,0,0,18,16,12,0,0.11111111111111116,2.125,90.0,0.0,90.0
1868,15,400.0,15,8,3,0.15,400,COLD_RESTART,0.1,0,0.9,3,15,COLD_RESTART,11,398,0,6,2,5,5,2,1,0.0,7.6,110.0,0.0,110.0
1870,15,400.0,15,8,3,0.15,400,COLD_RESTART,0.1,5,0.9,3,15,COLD_RESTART,10,362,30,6,1,7,7,2,2,0.0,3.7142857142857144,100.0,0.0,100.0
1869,15,400.0,15,8,3,0.15,400,COLD_RESTART,0.1,2,0.9,3,15,COLD_RESTART,7,387,6,3,1,7,6,4,0,0.1428571428571429,5.333333333333333,70.0,0.0,70.0
1871,15,400.0,15,8,3,0.15,400,COLD_RESTART,0.1,10,0.9,3,15,COLD_RESTART,8,340,53,5,1,6,6,2,4,0.0,1.8333333333333333,80.0,0.0,80.0
1863,15,400.0,15,8,3,0.15,400,COLD_RESTART,0.0,10,0.9,3,15,COLD_RESTART,10,400,0,0,0,0,0,0,0,0.0,0.0,100.0,0.0,100.0
1865,15,400.0,15,8,3,0.15,400,COLD_RESTART,0.05,2,0.9,3,15,COLD_RESTART,10,374,18,8,2,9,9,0,3,0.0,4.333333333333333,100.0,0.0,100.0
1873,15,400.0,15,8,3,0.15,400,COLD_RESTART,0.25,2,0.9,3,15,COLD_RESTART,4,388,8,3,2,4,4,1,0,0.0,1.0,40.0,0.0,40.0
1864,15,400.0,15,8,3,0.15,400,COLD_RESTART,0.05,0,0.9,3,15,COLD_RESTART,10,398,0,8,1,9,7,2,8,0.2222222222222222,4.857142857142857,100.0,0.0,100.0
1872,15,400.0,15,8,3,0.15,400,COLD_RESTART,0.25,0,0.9,3,15,COLD_RESTART,5,399,0,8,3,6,6,1,1,0.0,1.0,50.0,0.0,50.0
1874,15,400.0,15,8,3,0.15,400,COLD_RESTART,0.25,5,0.9,3,15,COLD_RESTART,3,265,125,9,46,34,34,1,0,0.0,1.0,30.0,0.0,30.0
1880,15,400.0,15,8,3,0.15,400,CLOSED_LOOP,0.0,0,0.9,3,15,CLOSED_LOOP,10,400,0,0,0,0,0,0,0,0.0,0.0,100.0,0.0,100.0
1798,14,400.0,15,8,3,0.15,400,GOVERNED,0.5,5,0.9,3,14,GOVERNED,0,49,330,12,211,94,94,6,0,0.0,1.0212765957446808,0.0,0.0,0.0
1878,15,400.0,15,8,3,0.15,400,COLD_RESTART,0.5,5,0.9,3,15,COLD_RESTART,2,339,47,2,20,20,19,6,0,0.050000000000000044,1.368421052631579,20.0,0.0,20.0
1875,15,400.0,15,8,3,0.15,400,COLD_RESTART,0.25,10,0.9,3,15,COLD_RESTART,4,210,183,3,60,44,44,2,0,0.0,1.0,40.0,0.0,40.0
1877,15,400.0,15,8,3,0.15,400,COLD_RESTART,0.5,2,0.9,3,15,COLD_RESTART,4,346,35,12,19,21,19,5,0,0.09523809523809523,1.4736842105263157,40.0,0.0,40.0
1879,15,400.0,15,8,3,0.15,400,COLD_RESTART,0.5,10,0.9,3,15,COLD_RESTART,1,278,106,2,50,32,31,8,0,0.03125,1.064516129032258,10.0,0.0,10.0
1882,15,400.0,15,8,3,0.15,400,CLOSED_LOOP,0.0,5,0.9,3,15,CLOSED_LOOP,10,400,0,0,0,0,0,0,0,0.0,0.0,100.0,0.0,100.0
1883,15,400.0,15,8,3,0.15,400,CLOSED_LOOP,0.0,10,0.9,3,15,CLOSED_LOOP,10,400,0,0,0,0,0,0,0,0.0,0.0,100.0,0.0,100.0
1876,15,400.0,15,8,3,0.15,400,COLD_RESTART,0.5,0,0.9,3,15,COLD_RESTART,10,398,0,55,21,36,34,2,19,0.05555555555555558,1.588235294117647,100.0,0.0,100.0
1881,15,400.0,15,8,3,0.15,400,CLOSED_LOOP,0.0,2,0.9,3,15,CLOSED_LOOP,10,400,0,0,0,0,0,0,0,0.0,0.0,100.0,0.0,100.0
1889,15,400.0,15,8,3,0.15,400,CLOSED_LOOP,0.1,2,0.9,3,15,CLOSED_LOOP,7,387,6,3,1,7,6,4,0,0.1428571428571429,5.333333333333333,70.0,0.0,70.0
1887,15,400.0,15,8,3,0.15,400,CLOSED_LOOP,0.05,10,0.9,3,15,CLOSED_LOOP,11,343,52,5,1,7,6,0,0,0.1428571428571429,3.6666666666666665,110.0,0.0,110.0
1888,15,400.0,15,8,3,0.15,400,CLOSED_LOOP,0.1,0,0.9,3,15,CLOSED_LOOP,10,398,0,7,1,8,8,2,0,0.0,5.125,100.0,0.0,100.0
1884,15,400.0,15,8,3,0.15,400,CLOSED_LOOP,0.05,0,0.9,3,15,CLOSED_LOOP,8,399,0,4,0,5,5,1,0,0.0,5.2,80.0,0.0,80.0
1891,15,400.0,15,8,3,0.15,400,CLOSED_LOOP,0.1,10,0.9,3,15,CLOSED_LOOP,7,269,120,8,11,17,17,2,0,0.0,1.8823529411764706,70.0,0.0,70.0
1893,15,400.0,15,8,3,0.15,400,CLOSED_LOOP,0.25,2,0.9,3,15,CLOSED_LOOP,4,388,8,3,2,4,4,1,0,0.0,1.0,40.0,0.0,40.0
1894,15,400.0,15,8,3,0.15,400,CLOSED_LOOP,0.25,5,0.9,3,15,CLOSED_LOOP,3,265,125,9,46,34,34,1,0,0.0,1.0,30.0,0.0,30.0
1885,15,400.0,15,8,3,0.15,400,CLOSED_LOOP,0.05,2,0.9,3,15,CLOSED_LOOP,7,379,13,6,2,8,8,2,0,0.0,5.625,70.0,0.0,70.0
1895,15,400.0,15,8,3,0.15,400,CLOSED_LOOP,0.25,10,0.9,3,15,CLOSED_LOOP,4,210,183,3,60,44,44,2,0,0.0,1.0,40.0,0.0,40.0
1897,15,400.0,15,8,3,0.15,400,CLOSED_LOOP,0.5,2,0.9,3,15,CLOSED_LOOP,4,346,35,12,19,21,19,5,0,0.09523809523809523,1.4736842105263157,40.0,0.0,40.0
1886,15,400.0,15,8,3,0.15,400,CLOSED_LOOP,0.05,5,0.9,3,15,CLOSED_LOOP,10,363,31,6,1,6,6,0,0,0.0,5.166666666666667,100.0,0.0,100.0
1900,15,400.0,15,8,3,0.15,400,GOVERNED,0.0,0,0.9,3,15,GOVERNED,10,400,0,0,0,0,0,0,0,0.0,0.0,100.0,0.0,100.0
1901,15,400.0,15,8,3,0.15,400,GOVERNED,0.0,2,0.9,3,15,GOVERNED,10,400,0,0,0,0,0,0,0,0.0,0.0,100.0,0.0,100.0
1892,15,400.0,15,8,3,0.15,400,CLOSED_LOOP,0.25,0,0.9,3,15,CLOSED_LOOP,6,399,0,8,3,6,6,1,0,0.0,1.0,60.0,0.0,60.0
1902,15,400.0,15,8,3,0.15,400,GOVERNED,0.0,5,0.9,3,15,GOVERNED,10,400,0,0,0,0,0,0,0,0.0,0.0,100.0,0.0,100.0
1890,15,400.0,15,8,3,0.15,400,CLOSED_LOOP,0.1,5,0.9,3,15,CLOSED_LOOP,9,375,20,4,0,4,4,1,0,0.0,2.75,90.0,0.0,90.0
1896,15,400.0,15,8,3,0.15,400,CLOSED_LOOP,0.5,0,0.9,3,15,CLOSED_LOOP,12,400,0,37,19,20,17,0,0,0.15000000000000002,1.8235294117647058,120.0,0.0,120.0
1904,15,400.0,15,8,3,0.15,400,GOVERNED,0.05,0,0.9,3,15,GOVERNED,8,399,0,4,0,5,5,1,0,0.0,5.2,80.0,0.0,80.0
1905,15,400.0,15,8,3,0.15,400,GOVERNED,0.05,2,0.9,3,15,GOVERNED,7,379,13,6,2,8,8,2,0,0.0,5.625,70.0,0.0,70.0
1903,15,400.0,15,8,3,0.15,400,GOVERNED,0.0,10,0.9,3,15,GOVERNED,10,400,0,0,0,0,0,0,0,0.0,0.0,100.0,0.0,100.0
1908,15,400.0,15,8,3,0.15,400,GOVERNED,0.1,0,0.9,3,15,GOVERNED,10,398,0,7,1,8,8,2,0,0.0,5.125,100.0,0.0,100.0
1909,15,400.0,15,8,3,0.15,400,GOVERNED,0.1,2,0.9,3,15,GOVERNED,7,387,6,3,1,7,6,4,0,0.1428571428571429,5.333333333333333,70.0,0.0,70.0
1912,15,400.0,15,8,3,0.15,400,GOVERNED,0.25,0,0.9,3,15,GOVERNED,6,399,0,8,3,6,6,1,0,0.0,1.0,60.0,0.0,60.0
1906,15,400.0,15,8,3,0.15,400,GOVERNED,0.05,5,0.9,3,15,GOVERNED,10,363,31,6,1,6,6,0,0,0.0,5.166666666666667,100.0,0.0,100.0
1898,15,400.0,15,8,3,0.15,400,CLOSED_LOOP,0.5,5,0.9,3,15,CLOSED_LOOP,2,339,47,2,20,20,19,6,0,0.050000000000000044,1.368421052631579,20.0,0.0,20.0
1907,15,400.0,15,8,3,0.15,400,GOVERNED,0.05,10,0.9,3,15,GOVERNED,11,343,52,5,1,7,6,0,0,0.1428571428571429,3.6666666666666665,110.0,0.0,110.0
1910,15,400.0,15,8,3,0.15,400,GOVERNED,0.1,5,0.9,3,15,GOVERNED,9,375,20,4,0,4,4,1,0,0.0,2.75,90.0,0.0,90.0
1899,15,400.0,15,8,3,0.15,400,CLOSED_LOOP,0.5,10,0.9,3,15,CLOSED_LOOP,1,278,106,2,50,32,31,8,0,0.03125,1.064516129032258,10.0,0.0,10.0
1920,16,400.0,15,8,3,0.15,400,REFLEX,0.0,0,0.9,3,16,REFLEX,3,403,0,0,0,0,0,0,0,0.0,0.0,30.0,0.0,30.0
1917,15,400.0,15,8,3,0.15,400,GOVERNED,0.5,2,0.9,3,15,GOVERNED,4,346,35,12,19,21,19,5,0,0.09523809523809523,1.4736842105263157,40.0,0.0,40.0
1918,15,400.0,15,8,3,0.15,400,GOVERNED,0.5,5,0.9,3,15,GOVERNED,2,339,47,2,20,20,19,6,0,0.050000000000000044,1.368421052631579,20.0,0.0,20.0
1921,16,400.0,15,8,3,0.15,400,REFLEX,0.0,2,0.9,3,16,REFLEX,3,403,0,0,0,0,0,0,0,0.0,0.0,30.0,0.0,30.0
1916,15,400.0,15,8,3,0.15,400,GOVERNED,0.5,0,0.9,3,15,GOVERNED,12,400,0,37,19,20,17,0,0,0.15000000000000002,1.8235294117647058,120.0,0.0,120.0
1915,15,400.0,15,8,3,0.15,400,GOVERNED,0.25,10,0.9,3,15,GOVERNED,4,210,183,3,60,44,44,2,0,0.0,1.0,40.0,0.0,40.0
1919,15,400.0,15,8,3,0.15,400,GOVERNED,0.5,10,0.9,3,15,GOVERNED,1,278,106,2,50,32,31,8,0,0.03125,1.064516129032258,10.0,0.0,10.0
1911,15,400.0,15,8,3,0.15,400,GOVERNED,0.1,10,0.9,3,15,GOVERNED,7,269,120,8,11,17,17,2,0,0.0,1.8823529411764706,70.0,0.0,70.0
1913,15,400.0,15,8,3,0.15,400,GOVERNED,0.25,2,0.9,3,15,GOVERNED,4,388,8,3,2,4,4,1,0,0.0,1.0,40.0,0.0,40.0
1924,16,400.0,15,8,3,0.15,400,REFLEX,0.05,0,0.9,3,16,REFLEX,11,407,0,0,0,0,0,0,0,0.0,0.0,110.0,0.0,110.0
1925,16,400.0,15,8,3,0.15,400,REFLEX,0.05,2,0.9,3,16,REFLEX,11,407,0,0,0,0,0,0,0,0.0,0.0,110.0,0.0,110.0
1922,16,400.0,15,8,3,0.15,400,REFLEX,0.0,5,0.9,3,16,REFLEX,3,403,0,0,0,0,0,0,0,0.0,0.0,30.0,0.0,30.0
1914,15,400.0,15,8,3,0.15,400,GOVERNED,0.25,5,0.9,3,15,GOVERNED,3,265,125,9,46,34,34,1,0,0.0,1.0,30.0,0.0,30.0
1927,16,400.0,15,8,3,0.15,400,REFLEX,0.05,10,0.9,3,16,REFLEX,11,407,0,0,0,0,0,0,0,0.0,0.0,110.0,0.0,110.0
1929,16,400.0,15,8,3,0.15,400,REFLEX,0.1,2,0.9,3,16,REFLEX,8,407,0,0,0,0,0,0,0,0.0,0.0,80.0,0.0,80.0
1930,16,400.0,15,8,3,0.15,400,REFLEX,0.1,5,0.9,3,16,REFLEX,8,407,0,0,0,0,0,0,0,0.0,0.0,80.0,0.0,80.0
1931,16,400.0,15,8,3,0.15,400,REFLEX,0.1,10,0.9,3,16,REFLEX,8,407,0,0,0,0,0,0,0,0.0,0.0,80.0,0.0,80.0
1928,16,400.0,15,8,3,0.15,400,REFLEX,0.1,0,0.9,3,16,REFLEX,8,407,0,0,0,0,0,0,0,0.0,0.0,80.0,0.0,80.0
1933,16,400.0,15,8,3,0.15,400,REFLEX,0.25,2,0.9,3,16,REFLEX,13,409,0,0,0,0,0,0,0,0.0,0.0,130.0,0.0,130.0
1934,16,400.0,15,8,3,0.15,400,REFLEX,0.25,5,0.9,3,16,REFLEX,13,409,0,0,0,0,0,0,0,0.0,0.0,130.0,0.0,130.0
1932,16,400.0,15,8,3,0.15,400,REFLEX,0.25,0,0.9,3,16,REFLEX,13,409,0,0,0,0,0,0,0,0.0,0.0,130.0,0.0,130.0
1923,16,400.0,15,8,3,0.15,400,REFLEX,0.0,10,0.9,3,16,REFLEX,3,403,0,0,0,0,0,0,0,0.0,0.0,30.0,0.0,30.0
1940,16,400.0,15,8,3,0.15,400,MODEL_BASED,0.0,0,0.9,3,16,MODEL_BASED,4,404,0,0,0,0,0,0,0,0.0,0.0,40.0,0.0,40.0
1926,16,400.0,15,8,3,0.15,400,REFLEX,0.05,5,0.9,3,16,REFLEX,11,407,0,0,0,0,0,0,0,0.0,0.0,110.0,0.0,110.0
1937,16,400.0,15,8,3,0.15,400,REFLEX,0.5,2,0.9,3,16,REFLEX,17,356,0,0,0,0,0,0,0,0.0,0.0,170.0,0.0,170.0
1939,16,400.0,15,8,3,0.15,400,REFLEX,0.5,10,0.9,3,16,REFLEX,17,356,0,0,0,0,0,0,0,0.0,0.0,170.0,0.0,170.0
1935,16,400.0,15,8,3,0.15,400,REFLEX,0.25,10,0.9,3,16,REFLEX,13,409,0,0,0,0,0,0,0,0.0,0.0,130.0,0.0,130.0
1942,16,400.0,15,8,3,0.15,400,MODEL_BASED,0.0,5,0.9,3,16,MODEL_BASED,4,404,0,0,0,0,0,0,0,0.0,0.0,40.0,0.0,40.0
1943,16,400.0,15,8,3,0.15,400,MODEL_BASED,0.0,10,0.9,3,16,MODEL_BASED,4,404,0,0,0,0,0,0,0,0.0,0.0,40.0,0.0,40.0
1944,16,400.0,15,8,3,0.15,400,MODEL_BASED,0.05,0,0.9,3,16,MODEL_BASED,10,404,0,0,0,0,0,0,0,0.0,0.0,100.0,0.0,100.0
1945,16,400.0,15,8,3,0.15,400,MODEL_BASED,0.05,2,0.9,3,16,MODEL_BASED,10,404,0,0,0,0,0,0,0,0.0,0.0,100.0,0.0,100.0
1941,16,400.0,15,8,3,0.15,400,MODEL_BASED,0.0,2,0.9,3,16,MODEL_BASED,4,404,0,0,0,0,0,0,0,0.0,0.0,40.0,0.0,40.0
1946,16,400.0,15,8,3,0.15,400,MODEL_BASED,0.05,5,0.9,3,16,MODEL_BASED,10,404,0,0,0,0,0,0,0,0.0,0.0,100.0,0.0,100.0
1947,16,400.0,15,8,3,0.15,400,MODEL_BASED,0.05,10,0.9,3,16,MODEL_BASED,10,404,0,0,0,0,0,0,0,0.0,0.0,100.0,0.0,100.0
1951,16,400.0,15,8,3,0.15,400,MODEL_BASED,0.1,10,0.9,3,16,MODEL_BASED,18,409,0,0,0,0,0,0,0,0.0,0.0,180.0,0.0,180.0
1953,16,400.0,15,8,3,0.15,400,MODEL_BASED,0.25,2,0.9,3,16,MODEL_BASED,10,227,0,0,0,0,0,0,0,0.0,0.0,100.0,0.0,100.0
1938,16,400.0,15,8,3,0.15,400,REFLEX,0.5,5,0.9,3,16,REFLEX,17,356,0,0,0,0,0,0,0,0.0,0.0,170.0,0.0,170.0
1950,16,400.0,15,8,3,0.15,400,MODEL_BASED,0.1,5,0.9,3,16,MODEL_BASED,18,409,0,0,0,0,0,0,0,0.0,0.0,180.0,0.0,180.0
1948,16,400.0,15,8,3,0.15,400,MODEL_BASED,0.1,0,0.9,3,16,MODEL_BASED,18,409,0,0,0,0,0,0,0,0.0,0.0,180.0,0.0,180.0
1955,16,400.0,15,8,3,0.15,400,MODEL_BASED,0.25,10,0.9,3,16,MODEL_BASED,10,227,0,0,0,0,0,0,0,0.0,0.0,100.0,0.0,100.0
1956,16,400.0,15,8,3,0.15,400,MODEL_BASED,0.5,0,0.9,3,16,MODEL_BASED,14,405,0,0,0,0,0,0,0,0.0,0.0,140.0,0.0,140.0
1954,16,400.0,15,8,3,0.15,400,MODEL_BASED,0.25,5,0.9,3,16,MODEL_BASED,10,227,0,0,0,0,0,0,0,0.0,0.0,100.0,0.0,100.0
1949,16,400.0,15,8,3,0.15,400,MODEL_BASED,0.1,2,0.9,3,16,MODEL_BASED,18,409,0,0,0,0,0,0,0,0.0,0.0,180.0,0.0,180.0
1952,16,400.0,15,8,3,0.15,400,MODEL_BASED,0.25,0,0.9,3,16,MODEL_BASED,10,227,0,0,0,0,0,0,0,0.0,0.0,100.0,0.0,100.0
1959,16,400.0,15,8,3,0.15,400,MODEL_BASED,0.5,10,0.9,3,16,MODEL_BASED,14,405,0,0,0,0,0,0,0,0.0,0.0,140.0,0.0,140.0
1962,16,400.0,15,8,3,0.15,400,OPEN_LOOP,0.0,5,0.9,3,16,OPEN_LOOP,15,400,0,0,0,0,0,0,0,0.0,0.0,150.0,0.0,150.0
1964,16,400.0,15,8,3,0.15,400,OPEN_LOOP,0.05,0,0.9,3,16,OPEN_LOOP,10,395,0,0,0,4,4,5,0,0.0,4.5,100.0,0.0,100.0
1960,16,400.0,15,8,3,0.15,400,OPEN_LOOP,0.0,0,0.9,3,16,OPEN_LOOP,15,400,0,0,0,0,0,0,0,0.0,0.0,150.0,0.0,150.0
1966,16,400.0,15,8,3,0.15,400,OPEN_LOOP,0.05,5,0.9,3,16,OPEN_LOOP,10,395,0,0,0,4,4,5,0,0.0,4.5,100.0,0.0,100.0
1957,16,400.0,15,8,3,0.15,400,MODEL_BASED,0.5,2,0.9,3,16,MODEL_BASED,14,405,0,0,0,0,0,0,0,0.0,0.0,140.0,0.0,140.0
1961,16,400.0,15,8,3,0.15,400,OPEN_LOOP,0.0,2,0.9,3,16,OPEN_LOOP,15,400,0,0,0,0,0,0,0,0.0,0.0,150.0,0.0,150.0
1963,16,400.0,15,8,3,0.15,400,OPEN_LOOP,0.0,10,0.9,3,16,OPEN_LOOP,15,400,0,0,0,0,0,0,0,0.0,0.0,150.0,0.0,150.0
1968,16,400.0,15,8,3,0.15,400,OPEN_LOOP,0.1,0,0.9,3,16,OPEN_LOOP,8,398,0,0,0,3,3,2,0,0.0,2.0,80.0,0.0,80.0
1936,16,400.0,15,8,3,0.15,400,REFLEX,0.5,0,0.9,3,16,REFLEX,17,356,0,0,0,0,0,0,0,0.0,0.0,170.0,0.0,170.0
1967,16,400.0,15,8,3,0.15,400,OPEN_LOOP,0.05,10,0.9,3,16,OPEN_LOOP,10,395,0,0,0,4,4,5,0,0.0,4.5,100.0,0.0,100.0
1969,16,400.0,15,8,3,0.15,400,OPEN_LOOP,0.1,2,0.9,3,16,OPEN_LOOP,8,398,0,0,0,3,3,2,0,0.0,2.0,80.0,0.0,80.0
1965,16,400.0,15,8,3,0.15,400,OPEN_LOOP,0.05,2,0.9,3,16,OPEN_LOOP,10,395,0,0,0,4,4,5,0,0.0,4.5,100.0,0.0,100.0
1958,16,400.0,15,8,3,0.15,400,MODEL_BASED,0.5,5,0.9,3,16,MODEL_BASED,14,405,0,0,0,0,0,0,0,0.0,0.0,140.0,0.0,140.0
1970,16,400.0,15,8,3,0.15,400,OPEN_LOOP,0.1,5,0.9,3,16,OPEN_LOOP,8,398,0,0,0,3,3,2,0,0.0,2.0,80.0,0.0,80.0
1971,16,400.0,15,8,3,0.15,400,OPEN_LOOP,0.1,10,0.9,3,16,OPEN_LOOP,8,398,0,0,0,3,3,2,0,0.0,2.0,80.0,0.0,80.0
1972,16,400.0,15,8,3,0.15,400,OPEN_LOOP,0.25,0,0.9,3,16,OPEN_LOOP,17,379,0,0,0,26,26,21,0,0.0,2.769230769230769,170.0,0.0,170.0
1975,16,400.0,15,8,3,0.15,400,OPEN_LOOP,0.25,10,0.9,3,16,OPEN_LOOP,17,379,0,0,0,26,26,21,0,0.0,2.769230769230769,170.0,0.0,170.0
1981,16,400.0,15,8,3,0.15,400,COLD_RESTART,0.0,2,0.9,3,16,COLD_RESTART,15,400,0,0,0,0,0,0,0,0.0,0.0,150.0,0.0,150.0
1980,16,400.0,15,8,3,0.15,400,COLD_RESTART,0.0,0,0.9,3,16,COLD_RESTART,15,400,0,0,0,0,0,0,0,0.0,0.0,150.0,0.0,150.0
1973,16,400.0,15,8,3,0.15,400,OPEN_LOOP,0.25,2,0.9,3,16,OPEN_LOOP,17,379,0,0,0,26,26,21,0,0.0,2.769230769230769,170.0,0.0,170.0
1984,16,400.0,15,8,3,0.15,400,COLD_RESTART,0.05,0,0.9,3,16,COLD_RESTART,10,399,0,8,1,8,8,1,4,0.0,5.625,100.0,0.0,100.0
1979,16,400.0,15,8,3,0.15,400,OPEN_LOOP,0.5,10,0.9,3,16,OPEN_LOOP,21,348,0,0,0,63,61,52,0,0.031746031746031744,2.0,210.0,0.0,210.0
1983,16,400.0,15,8,3,0.15,400,COLD_RESTART,0.0,10,0.9,3,16,COLD_RESTART,15,400,0,0,0,0,0,0,0,0.0,0.0,150.0,0.0,150.0
1986,16,400.0,15,8,3,0.15,400,COLD_RESTART,0.05,5,0.9,3,16,COLD_RESTART,8,382,15,3,1,5,4,0,2,0.19999999999999996,4.25,80.0,0.0,80.0
1974,16,400.0,15,8,3,0.15,400,OPEN_LOOP,0.25,5,0.9,3,16,OPEN_LOOP,17,379,0,0,0,26,26,21,0,0.0,2.769230769230769,170.0,0.0,170.0
1982,16,400.0,15,8,3,0.15,400,COLD_RESTART,0.0,5,0.9,3,16,COLD_RESTART,15,400,0,0,0,0,0,0,0,0.0,0.0,150.0,0.0,150.0
1987,16,400.0,15,8,3,0.15,400,COLD_RESTART,0.05,10,0.9,3,16,COLD_RESTART,12,368,27,2,2,3,3,3,3,0.0,1.0,120.0,0.0,120.0
1985,16,400.0,15,8,3,0.15,400,COLD_RESTART,0.05,2,0.9,3,16,COLD_RESTART,10,391,6,2,3,4,4,1,1,0.0,3.0,100.0,0.0,100.0
1988,16,400.0,15,8,3,0.15,400,COLD_RESTART,0.1,0,0.9,3,16,COLD_RESTART,9,398,0,7,0,7,7,2,0,0.0,6.857142857142857,90.0,0.0,90.0
1977,16,400.0,15,8,3,0.15,400,OPEN_LOOP,0.5,2,0.9,3,16,OPEN_LOOP,21,348,0,0,0,63,61,52,0,0.031746031746031744,2.0,210.0,0.0,210.0
1989,16,400.0,15,8,3,0.15,400,COLD_RESTART,0.1,2,0.9,3,16,COLD_RESTART,14,355,28,13,4,16,15,4,4,0.0625,2.1333333333333333,140.0,0.0,140.0
1991,16,400.0,15,8,3,0.15,400,COLD_RESTART,0.1,10,0.9,3,16,COLD_RESTART,11,191,189,13,13,24,24,5,4,0.0,1.9583333333333333,110.0,0.0,110.0
1993,16,400.0,15,8,3,0.15,400,COLD_RESTART,0.25,2,0.9,3,16,COLD_RESTART,9,278,85,34,36,43,42,3,8,0.023255813953488413,1.4047619047619047,90.0,0.0,90.0
1976,16,400.0,15,8,3,0.15,400,OPEN_LOOP,0.5,0,0.9,3,16,OPEN_LOOP,21,348,0,0,0,63,61,52,0,0.031746031746031744,2.0,210.0,0.0,210.0
1978,16,400.0,15,8,3,0.15,400,OPEN_LOOP,0.5,5,0.9,3,16,OPEN_LOOP,21,348,0,0,0,63,61,52,0,0.031746031746031744,2.0,210.0,0.0,210.0
1992,16,400.0,15,8,3,0.15,400,COLD_RESTART,0.25,0,0.9,3,16,COLD_RESTART,13,398,0,42,10,30,30,2,19,0.0,1.8666666666666667,130.0,0.0,130.0
1995,16,400.0,15,8,3,0.15,400,COLD_RESTART,0.25,10,0.9,3,16,COLD_RESTART,4,238,149,2,56,35,34,7,0,0.02857142857142858,1.3235294117647058,40.0,0.0,40.0
1997,16,400.0,15,8,3,0.15,400,COLD_RESTART,0.5,2,0.9,3,16,COLD_RESTART,4,232,134,26,118,52,51,5,3,0.019230769230769273,1.2156862745098038,40.0,0.0,40.0
2001,16,400.0,15,8,3,0.15,400,CLOSED_LOOP,0.0,2,0.9,3,16,CLOSED_LOOP,15,400,0,0,0,0,0,0,0,0.0,0.0,150.0,0.0,150.0
2000,16,400.0,15,8,3,0.15,400,CLOSED_LOOP,0.0,0,0.9,3,16,CLOSED_LOOP,15,400,0,0,0,0,0,0,0,0.0,0.0,150.0,0.0,150.0
2002,16,400.0,15,8,3,0.15,400,CLOSED_LOOP,0.0,5,0.9,3,16,CLOSED_LOOP,15,400,0,0,0,0,0,0,0,0.0,0.0,150.0,0.0,150.0
2003,16,400.0,15,8,3,0.15,400,CLOSED_LOOP,0.0,10,0.9,3,16,CLOSED_LOOP,15,400,0,0,0,0,0,0,0,0.0,0.0,150.0,0.0,150.0
1999,16,400.0,15,8,3,0.15,400,COLD_RESTART,0.5,10,0.9,3,16,COLD_RESTART,1,93,295,7,156,67,67,3,0,0.0,1.0,10.0,0.0,10.0
2004,16,400.0,15,8,3,0.15,400,CLOSED_LOOP,0.05,0,0.9,3,16,CLOSED_LOOP,15,398,0,6,0,8,7,2,0,0.125,4.285714285714286,150.0,0.0,150.0
1996,16,400.0,15,8,3,0.15,400,COLD_RESTART,0.5,0,0.9,3,16,COLD_RESTART,7,399,0,58,22,33,33,1,20,0.0,1.5757575757575757,70.0,0.0,70.0
2006,16,400.0,15,8,3,0.15,400,CLOSED_LOOP,0.05,5,0.9,3,16,CLOSED_LOOP,13,367,26,5,3,6,6,2,0,0.0,2.0,130.0,0.0,130.0
1990,16,400.0,15,8,3,0.15,400,COLD_RESTART,0.1,5,0.9,3,16,COLD_RESTART,9,305,77,11,8,20,19,5,6,0.050000000000000044,3.263157894736842,90.0,0.0,90.0
2007,16,400.0,15,8,3,0.15,400,CLOSED_LOOP,0.05,10,0.9,3,16,CLOSED_LOOP,14,315,77,5,4,12,10,2,0,0.16666666666666663,2.5,140.0,0.0,140.0
2008,16,400.0,15,8,3,0.15,400,CLOSED_LOOP,0.1,0,0.9,3,16,CLOSED_LOOP,9,398,0,7,0,7,7,2,0,0.0,6.857142857142857,90.0,0.0,90.0
2012,16,400.0,15,8,3,0.15,400,CLOSED_LOOP,0.25,0,0.9,3,16,CLOSED_LOOP,13,399,0,8,0,10,9,1,0,0.09999999999999998,3.5555555555555554,130.0,0.0,130.0
1998,16,400.0,15,8,3,0.15,400,COLD_RESTART,0.5,5,0.9,3,16,COLD_RESTART,0,66,310,11,238,89,89,8,1,0.0,1.0,0.0,0.0,0.0
2011,16,400.0,15,8,3,0.15,400,CLOSED_LOOP,0.1,10,0.9,3,16,CLOSED_LOOP,13,266,121,9,8,18,18,3,0,0.0,3.111111111111111,130.0,0.0,130.0
2010,16,400.0,15,8,3,0.15,400,CLOSED_LOOP,0.1,5,0.9,3,16,CLOSED_LOOP,12,332,56,8,6,15,15,3,0,0.0,4.333333333333333,120.0,0.0,120.0
1994,16,400.0,15,8,3,0.15,400,COLD_RESTART,0.25,5,0.9,3,16,COLD_RESTART,5,328,59,6,19,21,19,5,0,0.09523809523809523,1.1578947368421053,50.0,0.0,50.0
2009,16,400.0,15,8,3,0.15,400,CLOSED_LOOP,0.1,2,0.9,3,16,CLOSED_LOOP,7,385,10,4,4,5,4,1,0,0.19999999999999996,1.0,70.0,0.0,70.0
2014,16,400.0,15,8,3,0.15,400,CLOSED_LOOP,0.25,5,0.9,3,16,CLOSED_LOOP,5,328,59,6,19,21,19,5,0,0.09523809523809523,1.1578947368421053,50.0,0.0,50.0
2005,16,400.0,15,8,3,0.15,400,CLOSED_LOOP,0.05,2,0.9,3,16,CLOSED_LOOP,15,359,28,12,2,17,14,1,0,0.17647058823529416,4.714285714285714,150.0,0.0,150.0
2016,16,400.0,15,8,3,0.15,400,CLOSED_LOOP,0.5,0,0.9,3,16,CLOSED_LOOP,10,399,0,32,13,20,18,1,0,0.09999999999999998,1.7222222222222223,100.0,0.0,100.0
2023,16,400.0,15,8,3,0.15,400,GOVERNED,0.0,10,0.9,3,16,GOVERNED,15,400,0,0,0,0,0,0,0,0.0,0.0,150.0,0.0,150.0
2021,16,400.0,15,8,3,0.15,400,GOVERNED,0.0,2,0.9,3,16,GOVERNED,15,400,0,0,0,0,0,0,0,0.0,0.0,150.0,0.0,150.0
2024,16,400.0,15,8,3,0.15,400,GOVERNED,0.05,0,0.9,3,16,GOVERNED,15,398,0,6,0,8,7,2,0,0.125,4.285714285714286,150.0,0.0,150.0
2015,16,400.0,15,8,3,0.15,400,CLOSED_LOOP,0.25,10,0.9,3,16,CLOSED_LOOP,4,238,149,2,56,35,34,7,0,0.02857142857142858,1.3235294117647058,40.0,0.0,40.0
2022,16,400.0,15,8,3,0.15,400,GOVERNED,0.0,5,0.9,3,16,GOVERNED,15,400,0,0,0,0,0,0,0,0.0,0.0,150.0,0.0,150.0
2019,16,400.0,15,8,3,0.15,400,CLOSED_LOOP,0.5,10,0.9,3,16,CLOSED_LOOP,1,93,295,7,156,67,67,3,0,0.0,1.0,10.0,0.0,10.0
2026,16,400.0,15,8,3,0.15,400,GOVERNED,0.05,5,0.9,3,16,GOVERNED,13,367,26,5,3,6,6,2,0,0.0,2.0,130.0,0.0,130.0
2025,16,400.0,15,8,3,0.15,400,GOVERNED,0.05,2,0.9,3,16,GOVERNED,15,359,28,12,2,17,14,1,0,0.17647058823529416,4.714285714285714,150.0,0.0,150.0
2017,16,400.0,15,8,3,0.15,400,CLOSED_LOOP,0.5,2,0.9,3,16,CLOSED_LOOP,8,200,161,32,129,66,65,5,0,0.015151515151515138,1.2153846153846153,80.0,0.0,80.0
2029,16,400.0,15,8,3,0.15,400,GOVERNED,0.1,2,0.9,3,16,GOVERNED,7,385,10,4,4,5,4,1,0,0.19999999999999996,1.0,70.0,0.0,70.0
2020,16,400.0,15,8,3,0.15,400,GOVERNED,0.0,0,0.9,3,16,GOVERNED,15,400,0,0,0,0,0,0,0,0.0,0.0,150.0,0.0,150.0
2013,16,400.0,15,8,3,0.15,400,CLOSED_LOOP,0.25,2,0.9,3,16,CLOSED_LOOP,13,300,73,26,33,37,37,1,0,0.0,1.162162162162162,130.0,0.0,130.0
2028,16,400.0,15,8,3,0.15,400,GOVERNED,0.1,0,0.9,3,16,GOVERNED,9,398,0,7,0,7,7,2,0,0.0,6.857142857142857,90.0,0.0,90.0
2032,16,400.0,15,8,3,0.15,400,GOVERNED,0.25,0,0.9,3,16,GOVERNED,13,399,0,8,0,10,9,1,0,0.09999999999999998,3.5555555555555554,130.0,0.0,130.0
2034,16,400.0,15,8,3,0.15,400,GOVERNED,0.25,5,0.9,3,16,GOVERNED,5,328,59,6,19,21,19,5,0,0.09523809523809523,1.1578947368421053,50.0,0.0,50.0
2027,16,400.0,15,8,3,0.15,400,GOVERNED,0.05,10,0.9,3,16,GOVERNED,14,315,77,5,4,12,10,2,0,0.16666666666666663,2.5,140.0,0.0,140.0
2031,16,400.0,15,8,3,0.15,400,GOVERNED,0.1,10,0.9,3,16,GOVERNED,13,266,121,9,8,18,18,3,0,0.0,3.111111111111111,130.0,0.0,130.0
2040,17,400.0,15,8,3,0.15,400,REFLEX,0.0,0,0.9,3,17,REFLEX,11,407,0,0,0,0,0,0,0,0.0,0.0,110.0,0.0,110.0
2041,17,400.0,15,8,3,0.15,400,REFLEX,0.0,2,0.9,3,17,REFLEX,11,407,0,0,0,0,0,0,0,0.0,0.0,110.0,0.0,110.0
2042,17,400.0,15,8,3,0.15,400,REFLEX,0.0,5,0.9,3,17,REFLEX,11,407,0,0,0,0,0,0,0,0.0,0.0,110.0,0.0,110.0
2043,17,400.0,15,8,3,0.15,400,REFLEX,0.0,10,0.9,3,17,REFLEX,11,407,0,0,0,0,0,0,0,0.0,0.0,110.0,0.0,110.0
2030,16,400.0,15,8,3,0.15,400,GOVERNED,0.1,5,0.9,3,16,GOVERNED,12,332,56,8,6,15,15,3,0,0.0,4.333333333333333,120.0,0.0,120.0
2018,16,400.0,15,8,3,0.15,400,CLOSED_LOOP,0.5,5,0.9,3,16,CLOSED_LOOP,0,28,354,16,269,93,92,2,0,0.010752688172043001,1.0326086956521738,0.0,0.0,0.0
2033,16,400.0,15,8,3,0.15,400,GOVERNED,0.25,2,0.9,3,16,GOVERNED,13,300,73,26,33,37,37,1,0,0.0,1.162162162162162,130.0,0.0,130.0
2044,17,400.0,15,8,3,0.15,400,REFLEX,0.05,0,0.9,3,17,REFLEX,10,408,0,0,0,0,0,0,0,0.0,0.0,100.0,0.0,100.0
2037,16,400.0,15,8,3,0.15,400,GOVERNED,0.5,2,0.9,3,16,GOVERNED,8,200,161,32,129,66,65,5,0,0.015151515151515138,1.2153846153846153,80.0,0.0,80.0
2046,17,400.0,15,8,3,0.15,400,REFLEX,0.05,5,0.9,3,17,REFLEX,10,408,0,0,0,0,0,0,0,0.0,0.0,100.0,0.0,100.0
2035,16,400.0,15,8,3,0.15,400,GOVERNED,0.25,10,0.9,3,16,GOVERNED,4,238,149,2,56,35,34,7,0,0.02857142857142858,1.3235294117647058,40.0,0.0,40.0
2036,16,400.0,15,8,3,0.15,400,GOVERNED,0.5,0,0.9,3,16,GOVERNED,10,399,0,32,13,20,18,1,0,0.09999999999999998,1.7222222222222223,100.0,0.0,100.0
2045,17,400.0,15,8,3,0.15,400,REFLEX,0.05,2,0.9,3,17,REFLEX,10,408,0,0,0,0,0,0,0,0.0,0.0,100.0,0.0,100.0
2038,16,400.0,15,8,3,0.15,400,GOVERNED,0.5,5,0.9,3,16,GOVERNED,0,28,354,16,269,93,92,2,0,0.010752688172043001,1.0326086956521738,0.0,0.0,0.0
2047,17,400.0,15,8,3,0.15,400,REFLEX,0.05,10,0.9,3,17,REFLEX,10,408,0,0,0,0,0,0,0,0.0,0.0,100.0,0.0,100.0
2048,17,400.0,15,8,3,0.15,400,REFLEX,0.1,0,0.9,3,17,REFLEX,12,408,0,0,0,0,0,0,0,0.0,0.0,120.0,0.0,120.0
2050,17,400.0,15,8,3,0.15,400,REFLEX,0.1,5,0.9,3,17,REFLEX,12,408,0,0,0,0,0,0,0,0.0,0.0,120.0,0.0,120.0
2053,17,400.0,15,8,3,0.15,400,REFLEX,0.25,2,0.9,3,17,REFLEX,12,409,0,0,0,0,0,0,0,0.0,0.0,120.0,0.0,120.0
2051,17,400.0,15,8,3,0.15,400,REFLEX,0.1,10,0.9,3,17,REFLEX,12,408,0,0,0,0,0,0,0,0.0,0.0,120.0,0.0,120.0
2054,17,400.0,15,8,3,0.15,400,REFLEX,0.25,5,0.9,3,17,REFLEX,12,409,0,0,0,0,0,0,0,0.0,0.0,120.0,0.0,120.0
2056,17,400.0,15,8,3,0.15,400,REFLEX,0.5,0,0.9,3,17,REFLEX,3,58,0,0,0,0,0,0,0,0.0,0.0,30.0,0.0,30.0
2052,17,400.0,15,8,3,0.15,400,REFLEX,0.25,0,0.9,3,17,REFLEX,12,409,0,0,0,0,0,0,0,0.0,0.0,120.0,0.0,120.0
2039,16,400.0,15,8,3,0.15,400,GOVERNED,0.5,10,0.9,3,16,GOVERNED,1,93,295,7,156,67,67,3,0,0.0,1.0,10.0,0.0,10.0
2060,17,400.0,15,8,3,0.15,400,MODEL_BASED,0.0,0,0.9,3,17,MODEL_BASED,10,404,0,0,0,0,0,0,0,0.0,0.0,100.0,0.0,100.0
2049,17,400.0,15,8,3,0.15,400,REFLEX,0.1,2,0.9,3,17,REFLEX,12,408,0,0,0,0,0,0,0,0.0,0.0,120.0,0.0,120.0
2059,17,400.0,15,8,3,0.15,400,REFLEX,0.5,10,0.9,3,17,REFLEX,3,58,0,0,0,0,0,0,0,0.0,0.0,30.0,0.0,30.0
2061,17,400.0,15,8,3,0.15,400,MODEL_BASED,0.0,2,0.9,3,17,MODEL_BASED,10,404,0,0,0,0,0,0,0,0.0,0.0,100.0,0.0,100.0
2055,17,400.0,15,8,3,0.15,400,REFLEX,0.25,10,0.9,3,17,REFLEX,12,409,0,0,0,0,0,0,0,0.0,0.0,120.0,0.0,120.0
2062,17,400.0,15,8,3,0.15,400,MODEL_BASED,0.0,5,0.9,3,17,MODEL_BASED,10,404,0,0,0,0,0,0,0,0.0,0.0,100.0,0.0,100.0
2063,17,400.0,15,8,3,0.15,400,MODEL_BASED,0.0,10,0.9,3,17,MODEL_BASED,10,404,0,0,0,0,0,0,0,0.0,0.0,100.0,0.0,100.0
2057,17,400.0,15,8,3,0.15,400,REFLEX,0.5,2,0.9,3,17,REFLEX,3,58,0,0,0,0,0,0,0,0.0,0.0,30.0,0.0,30.0
2064,17,400.0,15,8,3,0.15,400,MODEL_BASED,0.05,0,0.9,3,17,MODEL_BASED,13,410,0,0,0,0,0,0,0,0.0,0.0,130.0,0.0,130.0
2058,17,400.0,15,8,3,0.15,400,REFLEX,0.5,5,0.9,3,17,REFLEX,3,58,0,0,0,0,0,0,0,0.0,0.0,30.0,0.0,30.0
2069,17,400.0,15,8,3,0.15,400,MODEL_BASED,0.1,2,0.9,3,17,MODEL_BASED,11,409,0,0,0,0,0,0,0,0.0,0.0,110.0,0.0,110.0
2070,17,400.0,15,8,3,0.15,400,MODEL_BASED,0.1,5,0.9,3,17,MODEL_BASED,11,409,0,0,0,0,0,0,0,0.0,0.0,110.0,0.0,110.0
2072,17,400.0,15,8,3,0.15,400,MODEL_BASED,0.25,0,0.9,3,17,MODEL_BASED,14,409,0,0,0,0,0,0,0,0.0,0.0,140.0,0.0,140.0
2073,17,400.0,15,8,3,0.15,400,MODEL_BASED,0.25,2,0.9,3,17,MODEL_BASED,14,409,0,0,0,0,0,0,0,0.0,0.0,140.0,0.0,140.0
2065,17,400.0,15,8,3,0.15,400,MODEL_BASED,0.05,2,0.9,3,17,MODEL_BASED,13,410,0,0,0,0,0,0,0,0.0,0.0,130.0,0.0,130.0
2075,17,400.0,15,8,3,0.15,400,MODEL_BASED,0.25,10,0.9,3,17,MODEL_BASED,14,409,0,0,0,0,0,0,0,0.0,0.0,140.0,0.0,140.0
2074,17,400.0,15,8,3,0.15,400,MODEL_BASED,0.25,5,0.9,3,17,MODEL_BASED,14,409,0,0,0,0,0,0,0,0.0,0.0,140.0,0.0,140.0
2067,17,400.0,15,8,3,0.15,400,MODEL_BASED,0.05,10,0.9,3,17,MODEL_BASED,13,410,0,0,0,0,0,0,0,0.0,0.0,130.0,0.0,130.0
2068,17,400.0,15,8,3,0.15,400,MODEL_BASED,0.1,0,0.9,3,17,MODEL_BASED,11,409,0,0,0,0,0,0,0,0.0,0.0,110.0,0.0,110.0
2066,17,400.0,15,8,3,0.15,400,MODEL_BASED,0.05,5,0.9,3,17,MODEL_BASED,13,410,0,0,0,0,0,0,0,0.0,0.0,130.0,0.0,130.0
2079,17,400.0,15,8,3,0.15,400,MODEL_BASED,0.5,10,0.9,3,17,MODEL_BASED,4,77,0,0,0,0,0,0,0,0.0,0.0,40.0,0.0,40.0
2077,17,400.0,15,8,3,0.15,400,MODEL_BASED,0.5,2,0.9,3,17,MODEL_BASED,4,77,0,0,0,0,0,0,0,0.0,0.0,40.0,0.0,40.0
2080,17,400.0,15,8,3,0.15,400,OPEN_LOOP,0.0,0,0.9,3,17,OPEN_LOOP,10,400,0,0,0,0,0,0,0,0.0,0.0,100.0,0.0,100.0
2082,17,400.0,15,8,3,0.15,400,OPEN_LOOP,0.0,5,0.9,3,17,OPEN_LOOP,10,400,0,0,0,0,0,0,0,0.0,0.0,100.0,0.0,100.0
2083,17,400.0,15,8,3,0.15,400,OPEN_LOOP,0.0,10,0.9,3,17,OPEN_LOOP,10,400,0,0,0,0,0,0,0,0.0,0.0,100.0,0.0,100.0
2071,17,400.0,15,8,3,0.15,400,MODEL_BASED,0.1,10,0.9,3,17,MODEL_BASED,11,409,0,0,0,0,0,0,0,0.0,0.0,110.0,0.0,110.0
2078,17,400.0,15,8,3,0.15,400,MODEL_BASED,0.5,5,0.9,3,17,MODEL_BASED,4,77,0,0,0,0,0,0,0,0.0,0.0,40.0,0.0,40.0
2081,17,400.0,15,8,3,0.15,400,OPEN_LOOP,0.0,2,0.9,3,17,OPEN_LOOP,10,400,0,0,0,0,0,0,0,0.0,0.0,100.0,0.0,100.0
2086,17,400.0,15,8,3,0.15,400,OPEN_LOOP,0.05,5,0.9,3,17,OPEN_LOOP,9,398,0,0,0,3,2,2,0,0.33333333333333337,1.0,90.0,0.0,90.0
2076,17,400.0,15,8,3,0.15,400,MODEL_BASED,0.5,0,0.9,3,17,MODEL_BASED,4,77,0,0,0,0,0,0,0,0.0,0.0,40.0,0.0,40.0
2088,17,400.0,15,8,3,0.15,400,OPEN_LOOP,0.1,0,0.9,3,17,OPEN_LOOP,11,394,0,0,0,7,7,6,0,0.0,2.142857142857143,110.0,0.0,110.0
2089,17,400.0,15,8,3,0.15,400,OPEN_LOOP,0.1,2,0.9,3,17,OPEN_LOOP,11,394,0,0,0,7,7,6,0,0.0,2.142857142857143,110.0,0.0,110.0
2090,17,400.0,15,8,3,0.15,400,OPEN_LOOP,0.1,5,0.9,3,17,OPEN_LOOP,11,394,0,0,0,7,7,6,0,0.0,2.142857142857143,110.0,0.0,110.0
2084,17,400.0,15,8,3,0.15,400,OPEN_LOOP,0.05,0,0.9,3,17,OPEN_LOOP,9,398,0,0,0,3,2,2,0,0.33333333333333337,1.0,90.0,0.0,90.0
2085,17,400.0,15,8,3,0.15,400,OPEN_LOOP,0.05,2,0.9,3,17,OPEN_LOOP,9,398,0,0,0,3,2,2,0,0.33333333333333337,1.0,90.0,0.0,90.0
2087,17,400.0,15,8,3,0.15,400,OPEN_LOOP,0.05,10,0.9,3,17,OPEN_LOOP,9,398,0,0,0,3,2,2,0,0.33333333333333337,1.0,90.0,0.0,90.0
2091,17,400.0,15,8,3,0.15,400,OPEN_LOOP,0.1,10,0.9,3,17,OPEN_LOOP,11,394,0,0,0,7,7,6,0,0.0,2.142857142857143,110.0,0.0,110.0
2092,17,400.0,15,8,3,0.15,400,OPEN_LOOP,0.25,0,0.9,3,17,OPEN_LOOP,17,387,0,0,0,14,13,13,0,0.0714285714285714,1.0769230769230769,170.0,0.0,170.0
2094,17,400.0,15,8,3,0.15,400,OPEN_LOOP,0.25,5,0.9,3,17,OPEN_LOOP,17,387,0,0,0,14,13,13,0,0.0714285714285714,1.0769230769230769,170.0,0.0,170.0
2101,17,400.0,15,8,3,0.15,400,COLD_RESTART,0.0,2,0.9,3,17,COLD_RESTART,10,400,0,0,0,0,0,0,0,0.0,0.0,100.0,0.0,100.0
2100,17,400.0,15,8,3,0.15,400,COLD_RESTART,0.0,0,0.9,3,17,COLD_RESTART,10,400,0,0,0,0,0,0,0,0.0,0.0,100.0,0.0,100.0
2102,17,400.0,15,8,3,0.15,400,COLD_RESTART,0.0,5,0.9,3,17,COLD_RESTART,10,400,0,0,0,0,0,0,0,0.0,0.0,100.0,0.0,100.0
2097,17,400.0,15,8,3,0.15,400,OPEN_LOOP,0.5,2,0.9,3,17,OPEN_LOOP,16,368,0,0,0,42,42,32,0,0.0,1.6904761904761905,160.0,0.0,160.0
2098,17,400.0,15,8,3,0.15,400,OPEN_LOOP,0.5,5,0.9,3,17,OPEN_LOOP,16,368,0,0,0,42,42,32,0,0.0,1.6904761904761905,160.0,0.0,160.0
2103,17,400.0,15,8,3,0.15,400,COLD_RESTART,0.0,10,0.9,3,17,COLD_RESTART,10,400,0,0,0,0,0,0,0,0.0,0.0,100.0,0.0,100.0
2093,17,400.0,15,8,3,0.15,400,OPEN_LOOP,0.25,2,0.9,3,17,OPEN_LOOP,17,387,0,0,0,14,13,13,0,0.0714285714285714,1.0769230769230769,170.0,0.0,170.0
2099,17,400.0,15,8,3,0.15,400,OPEN_LOOP,0.5,10,0.9,3,17,OPEN_LOOP,16,368,0,0,0,42,42,32,0,0.0,1.6904761904761905,160.0,0.0,160.0
2095,17,400.0,15,8,3,0.15,400,OPEN_LOOP,0.25,10,0.9,3,17,OPEN_LOOP,17,387,0,0,0,14,13,13,0,0.0714285714285714,1.0769230769230769,170.0,0.0,170.0
2107,17,400.0,15,8,3,0.15,400,COLD_RESTART,0.05,10,0.9,3,17,COLD_RESTART,8,354,41,3,2,4,4,2,2,0.0,3.0,80.0,0.0,80.0
2109,17,400.0,15,8,3,0.15,400,COLD_RESTART,0.1,2,0.9,3,17,COLD_RESTART,8,372,19,9,6,10,10,0,0,0.0,1.1,80.0,0.0,80.0
2096,17,400.0,15,8,3,0.15,400,OPEN_LOOP,0.5,0,0.9,3,17,OPEN_LOOP,16,368,0,0,0,42,42,32,0,0.0,1.6904761904761905,160.0,0.0,160.0
2104,17,400.0,15,8,3,0.15,400,COLD_RESTART,0.05,0,0.9,3,17,COLD_RESTART,9,400,0,9,2,7,7,0,3,0.0,2.7142857142857144,90.0,0.0,90.0
2111,17,400.0,15,8,3,0.15,400,COLD_RESTART,0.1,10,0.9,3,17,COLD_RESTART,9,347,47,2,6,10,9,2,0,0.09999999999999998,1.5555555555555556,90.0,0.0,90.0
2110,17,400.0,15,8,3,0.15,400,COLD_RESTART,0.1,5,0.9,3,17,COLD_RESTART,8,336,54,9,8,13,13,0,1,0.0,2.1538461538461537,80.0,0.0,80.0
2113,17,400.0,15,8,3,0.15,400,COLD_RESTART,0.25,2,0.9,3,17,COLD_RESTART,9,368,22,7,4,14,14,3,0,0.0,2.0714285714285716,90.0,0.0,90.0
2105,17,400.0,15,8,3,0.15,400,COLD_RESTART,0.05,2,0.9,3,17,COLD_RESTART,9,386,11,3,6,5,5,0,0,0.0,2.4,90.0,0.0,90.0
2106,17,400.0,15,8,3,0.15,400,COLD_RESTART,0.05,5,0.9,3,17,COLD_RESTART,10,362,31,5,6,6,6,2,3,0.0,1.6666666666666667,100.0,0.0,100.0
2112,17,400.0,15,8,3,0.15,400,COLD_RESTART,0.25,0,0.9,3,17,COLD_RESTART,6,399,0,12,3,9,9,1,6,0.0,1.5555555555555556,60.0,0.0,60.0
2114,17,400.0,15,8,3,0.15,400,COLD_RESTART,0.25,5,0.9,3,17,COLD_RESTART,4,267,109,15,24,32,32,9,7,0.0,1.375,40.0,0.0,40.0
2116,17,400.0,15,8,3,0.15,400,COLD_RESTART,0.5,0,0.9,3,17,COLD_RESTART,11,394,0,27,11,24,23,6,4,0.04166666666666663,1.6956521739130435,110.0,0.0,110.0
2108,17,400.0,15,8,3,0.15,400,COLD_RESTART,0.1,0,0.9,3,17,COLD_RESTART,9,399,0,6,2,6,5,1,2,0.16666666666666663,1.2,90.0,0.0,90.0
2115,17,400.0,15,8,3,0.15,400,COLD_RESTART,0.25,10,0.9,3,17,COLD_RESTART,5,153,235,7,73,46,45,4,2,0.021739130434782594,1.0444444444444445,50.0,0.0,50.0
2122,17,400.0,15,8,3,0.15,400,CLOSED_LOOP,0.0,5,0.9,3,17,CLOSED_LOOP,10,400,0,0,0,0,0,0,0,0.0,0.0,100.0,0.0,100.0
2121,17,400.0,15,8,3,0.15,400,CLOSED_LOOP,0.0,2,0.9,3,17,CLOSED_LOOP,10,400,0,0,0,0,0,0,0,0.0,0.0,100.0,0.0,100.0
2117,17,400.0,15,8,3,0.15,400,COLD_RESTART,0.5,2,0.9,3,17,COLD_RESTART,3,247,115,29,85,50,49,6,1,0.020000000000000018,1.1020408163265305,30.0,0.0,30.0
2124,17,400.0,15,8,3,0.15,400,CLOSED_LOOP,0.05,0,0.9,3,17,CLOSED_LOOP,11,400,0,5,2,3,3,0,0,0.0,1.3333333333333333,110.0,0.0,110.0
2126,17,400.0,15,8,3,0.15,400,CLOSED_LOOP,0.05,5,0.9,3,17,CLOSED_LOOP,11,374,21,4,2,4,4,1,0,0.0,3.75,110.0,0.0,110.0
2125,17,400.0,15,8,3,0.15,400,CLOSED_LOOP,0.05,2,0.9,3,17,CLOSED_LOOP,9,386,11,3,6,5,5,0,0,0.0,2.4,90.0,0.0,90.0
2123,17,400.0,15,8,3,0.15,400,CLOSED_LOOP,0.0,10,0.9,3,17,CLOSED_LOOP,10,400,0,0,0,0,0,0,0,0.0,0.0,100.0,0.0,100.0
2127,17,400.0,15,8,3,0.15,400,CLOSED_LOOP,0.05,10,0.9,3,17,CLOSED_LOOP,10,375,21,2,1,2,2,2,0,0.0,3.0,100.0,0.0,100.0
2120,17,400.0,15,8,3,0.15,400,CLOSED_LOOP,0.0,0,0.9,3,17,CLOSED_LOOP,10,400,0,0,0,0,0,0,0,0.0,0.0,100.0,0.0,100.0
2118,17,400.0,15,8,3,0.15,400,COLD_RESTART,0.5,5,0.9,3,17,COLD_RESTART,0,115,259,10,185,78,77,10,0,0.012820512820512775,1.051948051948052,0.0,0.0,0.0
2128,17,400.0,15,8,3,0.15,400,CLOSED_LOOP,0.1,0,0.9,3,17,CLOSED_LOOP,11,399,0,4,1,6,5,1,0,0.16666666666666663,2.2,110.0,0.0,110.0
2129,17,400.0,15,8,3,0.15,400,CLOSED_LOOP,0.1,2,0.9,3,17,CLOSED_LOOP,8,372,19,9,6,10,10,0,0,0.0,1.1,80.0,0.0,80.0
2130,17,400.0,15,8,3,0.15,400,CLOSED_LOOP,0.1,5,0.9,3,17,CLOSED_LOOP,8,362,33,5,6,8,7,0,0,0.125,2.4285714285714284,80.0,0.0,80.0
2119,17,400.0,15,8,3,0.15,400,COLD_RESTART,0.5,10,0.9,3,17,COLD_RESTART,1,132,257,4,125,64,64,5,0,0.0,1.203125,10.0,0.0,10.0
2133,17,400.0,15,8,3,0.15,400,CLOSED_LOOP,0.25,2,0.9,3,17,CLOSED_LOOP,9,368,22,7,4,14,14,3,0,0.0,2.0714285714285716,90.0,0.0,90.0
2134,17,400.0,15,8,3,0.15,400,CLOSED_LOOP,0.25,5,0.9,3,17,CLOSED_LOOP,7,279,98,11,27,32,32,8,0,0.0,1.40625,70.0,0.0,70.0
2135,17,400.0,15,8,3,0.15,400,CLOSED_LOOP,0.25,10,0.9,3,17,CLOSED_LOOP,7,193,198,6,65,38,38,3,0,0.0,1.0526315789473684,70.0,0.0,70.0
2136,17,400.0,15,8,3,0.15,400,CLOSED_LOOP,0.5,0,0.9,3,17,CLOSED_LOOP,13,397,0,27,11,20,19,3,0,0.050000000000000044,1.4210526315789473,130.0,0.0,130.0
2131,17,400.0,15,8,3,0.15,400,CLOSED_LOOP,0.1,10,0.9,3,17,CLOSED_LOOP,9,347,47,2,6,10,9,2,0,0.09999999999999998,1.5555555555555556,90.0,0.0,90.0
2141,17,400.0,15,8,3,0.15,400,GOVERNED,0.0,2,0.9,3,17,GOVERNED,10,400,0,0,0,0,0,0,0,0.0,0.0,100.0,0.0,100.0
2142,17,400.0,15,8,3,0.15,400,GOVERNED,0.0,5,0.9,3,17,GOVERNED,10,400,0,0,0,0,0,0,0,0.0,0.0,100.0,0.0,100.0
2132,17,400.0,15,8,3,0.15,400,CLOSED_LOOP,0.25,0,0.9,3,17,CLOSED_LOOP,8,397,0,10,0,10,10,3,0,0.0,2.6,80.0,0.0,80.0
2144,17,400.0,15,8,3,0.15,400,GOVERNED,0.05,0,0.9,3,17,GOVERNED,11,400,0,5,2,3,3,0,0,0.0,1.3333333333333333,110.0,0.0,110.0
2145,17,400.0,15,8,3,0.15,400,GOVERNED,0.05,2,0.9,3,17,GOVERNED,9,386,11,3,6,5,5,0,0,0.0,2.4,90.0,0.0,90.0
2143,17,400.0,15,8,3,0.15,400,GOVERNED,0.0,10,0.9,3,17,GOVERNED,10,400,0,0,0,0,0,0,0,0.0,0.0,100.0,0.0,100.0
2146,17,400.0,15,8,3,0.15,400,GOVERNED,0.05,5,0.9,3,17,GOVERNED,11,374,21,4,2,4,4,1,0,0.0,3.75,110.0,0.0,110.0
2147,17,400.0,15,8,3,0.15,400,GOVERNED,0.05,10,0.9,3,17,GOVERNED,10,375,21,2,1,2,2,2,0,0.0,3.0,100.0,0.0,100.0
2148,17,400.0,15,8,3,0.15,400,GOVERNED,0.1,0,0.9,3,17,GOVERNED,11,399,0,4,1,6,5,1,0,0.16666666666666663,2.2,110.0,0.0,110.0
2138,17,400.0,15,8,3,0.15,400,CLOSED_LOOP,0.5,5,0.9,3,17,CLOSED_LOOP,0,115,259,10,185,78,77,10,0,0.012820512820512775,1.051948051948052,0.0,0.0,0.0
2140,17,400.0,15,8,3,0.15,400,GOVERNED,0.0,0,0.9,3,17,GOVERNED,10,400,0,0,0,0,0,0,0,0.0,0.0,100.0,0.0,100.0
2152,17,400.0,15,8,3,0.15,400,GOVERNED,0.25,0,0.9,3,17,GOVERNED,8,397,0,10,0,10,10,3,0,0.0,2.6,80.0,0.0,80.0
2151,17,400.0,15,8,3,0.15,400,GOVERNED,0.1,10,0.9,3,17,GOVERNED,9,347,47,2,6,10,9,2,0,0.09999999999999998,1.5555555555555556,90.0,0.0,90.0
2139,17,400.0,15,8,3,0.15,400,CLOSED_LOOP,0.5,10,0.9,3,17,CLOSED_LOOP,1,132,257,4,125,64,64,5,0,0.0,1.203125,10.0,0.0,10.0
2154,17,400.0,15,8,3,0.15,400,GOVERNED,0.25,5,0.9,3,17,GOVERNED,7,279,98,11,27,32,32,8,0,0.0,1.40625,70.0,0.0,70.0
2137,17,400.0,15,8,3,0.15,400,CLOSED_LOOP,0.5,2,0.9,3,17,CLOSED_LOOP,6,228,133,30,100,56,56,5,0,0.0,1.1428571428571428,60.0,0.0,60.0
2156,17,400.0,15,8,3,0.15,400,GOVERNED,0.5,0,0.9,3,17,GOVERNED,13,397,0,27,11,20,19,3,0,0.050000000000000044,1.4210526315789473,130.0,0.0,130.0
2149,17,400.0,15,8,3,0.15,400,GOVERNED,0.1,2,0.9,3,17,GOVERNED,8,372,19,9,6,10,10,0,0,0.0,1.1,80.0,0.0,80.0
2160,18,400.0,15,8,3,0.15,400,REFLEX,0.0,0,0.9,3,18,REFLEX,4,403,0,0,0,0,0,0,0,0.0,0.0,40.0,0.0,40.0
2150,17,400.0,15,8,3,0.15,400,GOVERNED,0.1,5,0.9,3,17,GOVERNED,8,362,33,5,6,8,7,0,0,0.125,2.4285714285714284,80.0,0.0,80.0
2162,18,400.0,15,8,3,0.15,400,REFLEX,0.0,5,0.9,3,18,REFLEX,4,403,0,0,0,0,0,0,0,0.0,0.0,40.0,0.0,40.0
2155,17,400.0,15,8,3,0.15,400,GOVERNED,0.25,10,0.9,3,17,GOVERNED,7,193,198,6,65,38,38,3,0,0.0,1.0526315789473684,70.0,0.0,70.0
2163,18,400.0,15,8,3,0.15,400,REFLEX,0.0,10,0.9,3,18,REFLEX,4,403,0,0,0,0,0,0,0,0.0,0.0,40.0,0.0,40.0
2164,18,400.0,15,8,3,0.15,400,REFLEX,0.05,0,0.9,3,18,REFLEX,7,407,0,0,0,0,0,0,0,0.0,0.0,70.0,0.0,70.0
2165,18,400.0,15,8,3,0.15,400,REFLEX,0.05,2,0.9,3,18,REFLEX,7,407,0,0,0,0,0,0,0,0.0,0.0,70.0,0.0,70.0
2159,17,400.0,15,8,3,0.15,400,GOVERNED,0.5,10,0.9,3,17,GOVERNED,1,132,257,4,125,64,64,5,0,0.0,1.203125,10.0,0.0,10.0
2166,18,400.0,15,8,3,0.15,400,REFLEX,0.05,5,0.9,3,18,REFLEX,7,407,0,0,0,0,0,0,0,0.0,0.0,70.0,0.0,70.0
2167,18,400.0,15,8,3,0.15,400,REFLEX,0.05,10,0.9,3,18,REFLEX,7,407,0,0,0,0,0,0,0,0.0,0.0,70.0,0.0,70.0
2153,17,400.0,15,8,3,0.15,400,GOVERNED,0.25,2,0.9,3,17,GOVERNED,9,368,22,7,4,14,14,3,0,0.0,2.0714285714285716,90.0,0.0,90.0
2161,18,400.0,15,8,3,0.15,400,REFLEX,0.0,2,0.9,3,18,REFLEX,4,403,0,0,0,0,0,0,0,0.0,0.0,40.0,0.0,40.0
2168,18,400.0,15,8,3,0.15,400,REFLEX,0.1,0,0.9,3,18,REFLEX,12,409,0,0,0,0,0,0,0,0.0,0.0,120.0,0.0,120.0
2169,18,400.0,15,8,3,0.15,400,REFLEX,0.1,2,0.9,3,18,REFLEX,12,409,0,0,0,0,0,0,0,0.0,0.0,120.0,0.0,120.0
2171,18,400.0,15,8,3,0.15,400,REFLEX,0.1,10,0.9,3,18,REFLEX,12,409,0,0,0,0,0,0,0,0.0,0.0,120.0,0.0,120.0
2170,18,400.0,15,8,3,0.15,400,REFLEX,0.1,5,0.9,3,18,REFLEX,12,409,0,0,0,0,0,0,0,0.0,0.0,120.0,0.0,120.0
2157,17,400.0,15,8,3,0.15,400,GOVERNED,0.5,2,0.9,3,17,GOVERNED,6,228,133,30,100,56,56,5,0,0.0,1.1428571428571428,60.0,0.0,60.0
2174,18,400.0,15,8,3,0.15,400,REFLEX,0.25,5,0.9,3,18,REFLEX,10,271,0,0,0,0,0,0,0,0.0,0.0,100.0,0.0,100.0
2172,18,400.0,15,8,3,0.15,400,REFLEX,0.25,0,0.9,3,18,REFLEX,10,271,0,0,0,0,0,0,0,0.0,0.0,100.0,0.0,100.0
2158,17,400.0,15,8,3,0.15,400,GOVERNED,0.5,5,0.9,3,17,GOVERNED,0,115,259,10,185,78,77,10,0,0.012820512820512775,1.051948051948052,0.0,0.0,0.0
2173,18,400.0,15,8,3,0.15,400,REFLEX,0.25,2,0.9,3,18,REFLEX,10,271,0,0,0,0,0,0,0,0.0,0.0,100.0,0.0,100.0
2178,18,400.0,15,8,3,0.15,400,REFLEX,0.5,5,0.9,3,18,REFLEX,4,81,0,0,0,0,0,0,0,0.0,0.0,40.0,0.0,40.0
2180,18,400.0,15,8,3,0.15,400,MODEL_BASED,0.0,0,0.9,3,18,MODEL_BASED,4,403,0,0,0,0,0,0,0,0.0,0.0,40.0,0.0,40.0
2177,18,400.0,15,8,3,0.15,400,REFLEX,0.5,2,0.9,3,18,REFLEX,4,81,0,0,0,0,0,0,0,0.0,0.0,40.0,0.0,40.0
2183,18,400.0,15,8,3,0.15,400,MODEL_BASED,0.0,10,0.9,3,18,MODEL_BASED,4,403,0,0,0,0,0,0,0,0.0,0.0,40.0,0.0,40.0
2175,18,400.0,15,8,3,0.15,400,REFLEX,0.25,10,0.9,3,18,REFLEX,10,271,0,0,0,0,0,0,0,0.0,0.0,100.0,0.0,100.0
2185,18,400.0,15,8,3,0.15,400,MODEL_BASED,0.05,2,0.9,3,18,MODEL_BASED,4,404,0,0,0,0,0,0,0,0.0,0.0,40.0,0.0,40.0
2186,18,400.0,15,8,3,0.15,400,MODEL_BASED,0.05,5,0.9,3,18,MODEL_BASED,4,404,0,0,0,0,0,0,0,0.0,0.0,40.0,0.0,40.0
2184,18,400.0,15,8,3,0.15,400,MODEL_BASED,0.05,0,0.9,3,18,MODEL_BASED,4,404,0,0,0,0,0,0,0,0.0,0.0,40.0,0.0,40.0
2176,18,400.0,15,8,3,0.15,400,REFLEX,0.5,0,0.9,3,18,REFLEX,4,81,0,0,0,0,0,0,0,0.0,0.0,40.0,0.0,40.0
2179,18,400.0,15,8,3,0.15,400,REFLEX,0.5,10,0.9,3,18,REFLEX,4,81,0,0,0,0,0,0,0,0.0,0.0,40.0,0.0,40.0
2187,18,400.0,15,8,3,0.15,400,MODEL_BASED,0.05,10,0.9,3,18,MODEL_BASED,4,404,0,0,0,0,0,0,0,0.0,0.0,40.0,0.0,40.0
2181,18,400.0,15,8,3,0.15,400,MODEL_BASED,0.0,2,0.9,3,18,MODEL_BASED,4,403,0,0,0,0,0,0,0,0.0,0.0,40.0,0.0,40.0
2189,18,400.0,15,8,3,0.15,400,MODEL_BASED,0.1,2,0.9,3,18,MODEL_BASED,23,409,0,0,0,0,0,0,0,0.0,0.0,230.0,0.0,230.0
2190,18,400.0,15,8,3,0.15,400,MODEL_BASED,0.1,5,0.9,3,18,MODEL_BASED,23,409,0,0,0,0,0,0,0,0.0,0.0,230.0,0.0,230.0
2182,18,400.0,15,8,3,0.15,400,MODEL_BASED,0.0,5,0.9,3,18,MODEL_BASED,4,403,0,0,0,0,0,0,0,0.0,0.0,40.0,0.0,40.0
2191,18,400.0,15,8,3,0.15,400,MODEL_BASED,0.1,10,0.9,3,18,MODEL_BASED,23,409,0,0,0,0,0,0,0,0.0,0.0,230.0,0.0,230.0
2195,18,400.0,15,8,3,0.15,400,MODEL_BASED,0.25,10,0.9,3,18,MODEL_BASED,16,409,0,0,0,0,0,0,0,0.0,0.0,160.0,0.0,160.0
2197,18,400.0,15,8,3,0.15,400,MODEL_BASED,0.5,2,0.9,3,18,MODEL_BASED,18,410,0,0,0,0,0,0,0,0.0,0.0,180.0,0.0,180.0
2196,18,400.0,15,8,3,0.15,400,MODEL_BASED,0.5,0,0.9,3,18,MODEL_BASED,18,410,0,0,0,0,0,0,0,0.0,0.0,180.0,0.0,180.0
2194,18,400.0,15,8,3,0.15,400,MODEL_BASED,0.25,5,0.9,3,18,MODEL_BASED,16,409,0,0,0,0,0,0,0,0.0,0.0,160.0,0.0,160.0
2199,18,400.0,15,8,3,0.15,400,MODEL_BASED,0.5,10,0.9,3,18,MODEL_BASED,18,410,0,0,0,0,0,0,0,0.0,0.0,180.0,0.0,180.0
2192,18,400.0,15,8,3,0.15,400,MODEL_BASED,0.25,0,0.9,3,18,MODEL_BASED,16,409,0,0,0,0,0,0,0,0.0,0.0,160.0,0.0,160.0
2198,18,400.0,15,8,3,0.15,400,MODEL_BASED,0.5,5,0.9,3,18,MODEL_BASED,18,410,0,0,0,0,0,0,0,0.0,0.0,180.0,0.0,180.0
2188,18,400.0,15,8,3,0.15,400,MODEL_BASED,0.1,0,0.9,3,18,MODEL_BASED,23,409,0,0,0,0,0,0,0,0.0,0.0,230.0,0.0,230.0
2201,18,400.0,15,8,3,0.15,400,OPEN_LOOP,0.0,2,0.9,3,18,OPEN_LOOP,10,400,0,0,0,0,0,0,0,0.0,0.0,100.0,0.0,100.0
2193,18,400.0,15,8,3,0.15,400,MODEL_BASED,0.25,2,0.9,3,18,MODEL_BASED,16,409,0,0,0,0,0,0,0,0.0,0.0,160.0,0.0,160.0
2200,18,400.0,15,8,3,0.15,400,OPEN_LOOP,0.0,0,0.9,3,18,OPEN_LOOP,10,400,0,0,0,0,0,0,0,0.0,0.0,100.0,0.0,100.0
2205,18,400.0,15,8,3,0.15,400,OPEN_LOOP,0.05,2,0.9,3,18,OPEN_LOOP,8,397,0,0,0,3,3,3,0,0.0,1.6666666666666667,80.0,0.0,80.0
2204,18,400.0,15,8,3,0.15,400,OPEN_LOOP,0.05,0,0.9,3,18,OPEN_LOOP,8,397,0,0,0,3,3,3,0,0.0,1.6666666666666667,80.0,0.0,80.0
2203,18,400.0,15,8,3,0.15,400,OPEN_LOOP,0.0,10,0.9,3,18,OPEN_LOOP,10,400,0,0,0,0,0,0,0,0.0,0.0,100.0,0.0,100.0
2208,18,400.0,15,8,3,0.15,400,OPEN_LOOP,0.1,0,0.9,3,18,OPEN_LOOP,6,397,0,0,0,4,4,3,0,0.0,1.5,60.0,0.0,60.0
2210,18,400.0,15,8,3,0.15,400,OPEN_LOOP,0.1,5,0.9,3,18,OPEN_LOOP,6,397,0,0,0,4,4,3,0,0.0,1.5,60.0,0.0,60.0
2211,18,400.0,15,8,3,0.15,400,OPEN_LOOP,0.1,10,0.9,3,18,OPEN_LOOP,6,397,0,0,0,4,4,3,0,0.0,1.5,60.0,0.0,60.0
2202,18,400.0,15,8,3,0.15,400,OPEN_LOOP,0.0,5,0.9,3,18,OPEN_LOOP,10,400,0,0,0,0,0,0,0,0.0,0.0,100.0,0.0,100.0
2207,18,400.0,15,8,3,0.15,400,OPEN_LOOP,0.05,10,0.9,3,18,OPEN_LOOP,8,397,0,0,0,3,3,3,0,0.0,1.6666666666666667,80.0,0.0,80.0
2209,18,400.0,15,8,3,0.15,400,OPEN_LOOP,0.1,2,0.9,3,18,OPEN_LOOP,6,397,0,0,0,4,4,3,0,0.0,1.5,60.0,0.0,60.0
2212,18,400.0,15,8,3,0.15,400,OPEN_LOOP,0.25,0,0.9,3,18,OPEN_LOOP,7,394,0,0,0,6,6,6,0,0.0,1.8333333333333333,70.0,0.0,70.0
2213,18,400.0,15,8,3,0.15,400,OPEN_LOOP,0.25,2,0.9,3,18,OPEN_LOOP,7,394,0,0,0,6,6,6,0,0.0,1.8333333333333333,70.0,0.0,70.0
2206,18,400.0,15,8,3,0.15,400,OPEN_LOOP,0.05,5,0.9,3,18,OPEN_LOOP,8,397,0,0,0,3,3,3,0,0.0,1.6666666666666667,80.0,0.0,80.0
2215,18,400.0,15,8,3,0.15,400,OPEN_LOOP,0.25,10,0.9,3,18,OPEN_LOOP,7,394,0,0,0,6,6,6,0,0.0,1.8333333333333333,70.0,0.0,70.0
2221,18,400.0,15,8,3,0.15,400,COLD_RESTART,0.0,2,0.9,3,18,COLD_RESTART,10,400,0,0,0,0,0,0,0,0.0,0.0,100.0,0.0,100.0
2219,18,400.0,15,8,3,0.15,400,OPEN_LOOP,0.5,10,0.9,3,18,OPEN_LOOP,13,364,0,0,0,43,43,36,0,0.0,1.5116279069767442,130.0,0.0,130.0
2218,18,400.0,15,8,3,0.15,400,OPEN_LOOP,0.5,5,0.9,3,18,OPEN_LOOP,13,364,0,0,0,43,43,36,0,0.0,1.5116279069767442,130.0,0.0,130.0
2223,18,400.0,15,8,3,0.15,400,COLD_RESTART,0.0,10,0.9,3,18,COLD_RESTART,10,400,0,0,0,0,0,0,0,0.0,0.0,100.0,0.0,100.0
2225,18,400.0,15,8,3,0.15,400,COLD_RESTART,0.05,2,0.9,3,18,COLD_RESTART,5,392,5,2,1,3,3,1,0,0.0,3.6666666666666665,50.0,0.0,50.0
2222,18,400.0,15,8,3,0.15,400,COLD_RESTART,0.0,5,0.9,3,18,COLD_RESTART,10,400,0,0,0,0,0,0,0,0.0,0.0,100.0,0.0,100.0
2220,18,400.0,15,8,3,0.15,400,COLD_RESTART,0.0,0,0.9,3,18,COLD_RESTART,10,400,0,0,0,0,0,0,0,0.0,0.0,100.0,0.0,100.0
2217,18,400.0,15,8,3,0.15,400,OPEN_LOOP,0.5,2,0.9,3,18,OPEN_LOOP,13,364,0,0,0,43,43,36,0,0.0,1.5116279069767442,130.0,0.0,130.0
2214,18,400.0,15,8,3,0.15,400,OPEN_LOOP,0.25,5,0.9,3,18,OPEN_LOOP,7,394,0,0,0,6,6,6,0,0.0,1.8333333333333333,70.0,0.0,70.0
2226,18,400.0,15,8,3,0.15,400,COLD_RESTART,0.05,5,0.9,3,18,COLD_RESTART,7,387,11,1,2,3,3,1,0,0.0,2.3333333333333335,70.0,0.0,70.0
2230,18,400.0,15,8,3,0.15,400,COLD_RESTART,0.1,5,0.9,3,18,COLD_RESTART,8,373,22,4,2,5,5,1,0,0.0,2.0,80.0,0.0,80.0
2224,18,400.0,15,8,3,0.15,400,COLD_RESTART,0.05,0,0.9,3,18,COLD_RESTART,8,400,0,1,0,1,1,0,0,0.0,3.0,80.0,0.0,80.0
2229,18,400.0,15,8,3,0.15,400,COLD_RESTART,0.1,2,0.9,3,18,COLD_RESTART,10,383,12,5,1,7,7,0,1,0.0,2.142857142857143,100.0,0.0,100.0
2227,18,400.0,15,8,3,0.15,400,COLD_RESTART,0.05,10,0.9,3,18,COLD_RESTART,6,371,26,2,2,4,4,1,0,0.0,3.0,60.0,0.0,60.0
2228,18,400.0,15,8,3,0.15,400,COLD_RESTART,0.1,0,0.9,3,18,COLD_RESTART,11,399,0,4,0,5,5,1,0,0.0,2.2,110.0,0.0,110.0
2216,18,400.0,15,8,3,0.15,400,OPEN_LOOP,0.5,0,0.9,3,18,OPEN_LOOP,13,364,0,0,0,43,43,36,0,0.0,1.5116279069767442,130.0,0.0,130.0
2231,18,400.0,15,8,3,0.15,400,COLD_RESTART,0.1,10,0.9,3,18,COLD_RESTART,5,311,83,4,15,12,12,1,0,0.0,1.0,50.0,0.0,50.0
2240,18,400.0,15,8,3,0.15,400,CLOSED_LOOP,0.0,0,0.9,3,18,CLOSED_LOOP,10,400,0,0,0,0,0,0,0,0.0,0.0,100.0,0.0,100.0
2241,18,400.0,15,8,3,0.15,400,CLOSED_LOOP,0.0,2,0.9,3,18,CLOSED_LOOP,10,400,0,0,0,0,0,0,0,0.0,0.0,100.0,0.0,100.0
2238,18,400.0,15,8,3,0.15,400,COLD_RESTART,0.5,5,0.9,3,18,COLD_RESTART,2,215,161,5,90,51,50,11,0,0.019607843137254943,1.18,20.0,0.0,20.0
2234,18,400.0,15,8,3,0.15,400,COLD_RESTART,0.25,5,0.9,3,18,COLD_RESTART,4,340,50,4,12,16,16,4,0,0.0,1.625,40.0,0.0,40.0
2235,18,400.0,15,8,3,0.15,400,COLD_RESTART,0.25,10,0.9,3,18,COLD_RESTART,0,48,337,13,76,51,51,2,1,0.0,1.4313725490196079,0.0,0.0,0.0
2232,18,400.0,15,8,3,0.15,400,COLD_RESTART,0.25,0,0.9,3,18,COLD_RESTART,7,400,0,60,15,44,42,0,30,0.045454545454545414,1.9047619047619047,70.0,0.0,70.0
2242,18,400.0,15,8,3,0.15,400,CLOSED_LOOP,0.0,5,0.9,3,18,CLOSED_LOOP,10,400,0,0,0,0,0,0,0,0.0,0.0,100.0,0.0,100.0
2244,18,400.0,15,8,3,0.15,400,CLOSED_LOOP,0.05,0,0.9,3,18,CLOSED_LOOP,8,400,0,1,0,1,1,0,0,0.0,3.0,80.0,0.0,80.0
2236,18,400.0,15,8,3,0.15,400,COLD_RESTART,0.5,0,0.9,3,18,COLD_RESTART,10,398,0,18,5,15,15,2,0,0.0,2.2,100.0,0.0,100.0
2245,18,400.0,15,8,3,0.15,400,CLOSED_LOOP,0.05,2,0.9,3,18,CLOSED_LOOP,5,392,5,2,1,3,3,1,0,0.0,3.6666666666666665,50.0,0.0,50.0
2233,18,400.0,15,8,3,0.15,400,COLD_RESTART,0.25,2,0.9,3,18,COLD_RESTART,6,368,22,7,6,13,13,2,0,0.0,1.6153846153846154,60.0,0.0,60.0
2246,18,400.0,15,8,3,0.15,400,CLOSED_LOOP,0.05,5,0.9,3,18,CLOSED_LOOP,7,387,11,1,2,3,3,1,0,0.0,2.3333333333333335,70.0,0.0,70.0
2243,18,400.0,15,8,3,0.15,400,CLOSED_LOOP,0.0,10,0.9,3,18,CLOSED_LOOP,10,400,0,0,0,0,0,0,0,0.0,0.0,100.0,0.0,100.0
2249,18,400.0,15,8,3,0.15,400,CLOSED_LOOP,0.1,2,0.9,3,18,CLOSED_LOOP,10,375,17,8,5,9,9,0,0,0.0,1.2222222222222223,100.0,0.0,100.0
2250,18,400.0,15,8,3,0.15,400,CLOSED_LOOP,0.1,5,0.9,3,18,CLOSED_LOOP,8,373,22,4,2,5,5,1,0,0.0,2.0,80.0,0.0,80.0
2248,18,400.0,15,8,3,0.15,400,CLOSED_LOOP,0.1,0,0.9,3,18,CLOSED_LOOP,11,399,0,4,0,5,5,1,0,0.0,2.2,110.0,0.0,110.0
2239,18,400.0,15,8,3,0.15,400,COLD_RESTART,0.5,10,0.9,3,18,COLD_RESTART,1,41,342,12,130,71,71,3,1,0.0,1.028169014084507,10.0,0.0,10.0
2253,18,400.0,15,8,3,0.15,400,CLOSED_LOOP,0.25,2,0.9,3,18,CLOSED_LOOP,6,368,22,7,6,13,13,2,0,0.0,1.6153846153846154,60.0,0.0,60.0
2247,18,400.0,15,8,3,0.15,400,CLOSED_LOOP,0.05,10,0.9,3,18,CLOSED_LOOP,6,371,26,2,2,4,4,1,0,0.0,3.0,60.0,0.0,60.0
2237,18,400.0,15,8,3,0.15,400,COLD_RESTART,0.5,2,0.9,3,18,COLD_RESTART,2,179,178,35,147,71,69,5,5,0.028169014084507005,1.318840579710145,20.0,0.0,20.0
2251,18,400.0,15,8,3,0.15,400,CLOSED_LOOP,0.1,10,0.9,3,18,CLOSED_LOOP,5,311,83,4,15,12,12,1,0,0.0,1.0,50.0,0.0,50.0
2255,18,400.0,15,8,3,0.15,400,CLOSED_LOOP,0.25,10,0.9,3,18,CLOSED_LOOP,4,187,200,9,39,32,32,3,0,0.0,1.1875,40.0,0.0,40.0
2262,18,400.0,15,8,3,0.15,400,GOVERNED,0.0,5,0.9,3,18,GOVERNED,10,400,0,0,0,0,0,0,0,0.0,0.0,100.0,0.0,100.0
2254,18,400.0,15,8,3,0.15,400,CLOSED_LOOP,0.25,5,0.9,3,18,CLOSED_LOOP,4,340,50,4,12,16,16,4,0,0.0,1.625,40.0,0.0,40.0
2264,18,400.0,15,8,3,0.15,400,GOVERNED,0.05,0,0.9,3,18,GOVERNED,8,400,0,1,0,1,1,0,0,0.0,3.0,80.0,0.0,80.0
2263,18,400.0,15,8,3,0.15,400,GOVERNED,0.0,10,0.9,3,18,GOVERNED,10,400,0,0,0,0,0,0,0,0.0,0.0,100.0,0.0,100.0
2260,18,400.0,15,8,3,0.15,400,GOVERNED,0.0,0,0.9,3,18,GOVERNED,10,400,0,0,0,0,0,0,0,0.0,0.0,100.0,0.0,100.0
2258,18,400.0,15,8,3,0.15,400,CLOSED_LOOP,0.5,5,0.9,3,18,CLOSED_LOOP,2,215,161,5,90,51,50,11,0,0.019607843137254943,1.18,20.0,0.0,20.0
2256,18,400.0,15,8,3,0.15,400,CLOSED_LOOP,0.5,0,0.9,3,18,CLOSED_LOOP,10,398,0,18,5,15,15,2,0,0.0,2.2,100.0,0.0,100.0
2252,18,400.0,15,8,3,0.15,400,CLOSED_LOOP,0.25,0,0.9,3,18,CLOSED_LOOP,17,399,0,30,9,24,22,1,0,0.08333333333333337,2.3181818181818183,170.0,0.0,170.0
2261,18,400.0,15,8,3,0.15,400,GOVERNED,0.0,2,0.9,3,18,GOVERNED,10,400,0,0,0,0,0,0,0,0.0,0.0,100.0,0.0,100.0
2266,18,400.0,15,8,3,0.15,400,GOVERNED,0.05,5,0.9,3,18,GOVERNED,7,387,11,1,2,3,3,1,0,0.0,2.3333333333333335,70.0,0.0,70.0
2267,18,400.0,15,8,3,0.15,400,GOVERNED,0.05,10,0.9,3,18,GOVERNED,6,371,26,2,2,4,4,1,0,0.0,3.0,60.0,0.0,60.0
2259,18,400.0,15,8,3,0.15,400,CLOSED_LOOP,0.5,10,0.9,3,18,CLOSED_LOOP,2,77,304,12,88,66,65,5,0,0.015151515151515138,1.0307692307692307,20.0,0.0,20.0
2265,18,400.0,15,8,3,0.15,400,GOVERNED,0.05,2,0.9,3,18,GOVERNED,5,392,5,2,1,3,3,1,0,0.0,3.6666666666666665,50.0,0.0,50.0
2270,18,400.0,15,8,3,0.15,400,GOVERNED,0.1,5,0.9,3,18,GOVERNED,8,373,22,4,2,5,5,1,0,0.0,2.0,80.0,0.0,80.0
2269,18,400.0,15,8,3,0.15,400,GOVERNED,0.1,2,0.9,3,18,GOVERNED,10,375,17,8,5,9,9,0,0,0.0,1.2222222222222223,100.0,0.0,100.0
2271,18,400.0,15,8,3,0.15,400,GOVERNED,0.1,10,0.9,3,18,GOVERNED,5,311,83,4,15,12,12,1,0,0.0,1.0,50.0,0.0,50.0
2273,18,400.0,15,8,3,0.15,400,GOVERNED,0.25,2,0.9,3,18,GOVERNED,6,368,22,7,6,13,13,2,0,0.0,1.6153846153846154,60.0,0.0,60.0
2257,18,400.0,15,8,3,0.15,400,CLOSED_LOOP,0.5,2,0.9,3,18,CLOSED_LOOP,7,276,100,16,73,38,36,5,0,0.052631578947368474,1.5277777777777777,70.0,0.0,70.0
2272,18,400.0,15,8,3,0.15,400,GOVERNED,0.25,0,0.9,3,18,GOVERNED,17,399,0,30,9,24,22,1,0,0.08333333333333337,2.3181818181818183,170.0,0.0,170.0
2268,18,400.0,15,8,3,0.15,400,GOVERNED,0.1,0,0.9,3,18,GOVERNED,11,399,0,4,0,5,5,1,0,0.0,2.2,110.0,0.0,110.0
2276,18,400.0,15,8,3,0.15,400,GOVERNED,0.5,0,0.9,3,18,GOVERNED,10,398,0,18,5,15,15,2,0,0.0,2.2,100.0,0.0,100.0
2282,19,400.0,15,8,3,0.15,400,REFLEX,0.0,5,0.9,3,19,REFLEX,10,404,0,0,0,0,0,0,0,0.0,0.0,100.0,0.0,100.0
2275,18,400.0,15,8,3,0.15,400,GOVERNED,0.25,10,0.9,3,18,GOVERNED,4,187,200,9,39,32,32,3,0,0.0,1.1875,40.0,0.0,40.0
2283,19,400.0,15,8,3,0.15,400,REFLEX,0.0,10,0.9,3,19,REFLEX,10,404,0,0,0,0,0,0,0,0.0,0.0,100.0,0.0,100.0
2281,19,400.0,15,8,3,0.15,400,REFLEX,0.0,2,0.9,3,19,REFLEX,10,404,0,0,0,0,0,0,0,0.0,0.0,100.0,0.0,100.0
2279,18,400.0,15,8,3,0.15,400,GOVERNED,0.5,10,0.9,3,18,GOVERNED,2,77,304,12,88,66,65,5,0,0.015151515151515138,1.0307692307692307,20.0,0.0,20.0
2285,19,400.0,15,8,3,0.15,400,REFLEX,0.05,2,0.9,3,19,REFLEX,12,407,0,0,0,0,0,0,0,0.0,0.0,120.0,0.0,120.0
2278,18,400.0,15,8,3,0.15,400,GOVERNED,0.5,5,0.9,3,18,GOVERNED,2,215,161,5,90,51,50,11,0,0.019607843137254943,1.18,20.0,0.0,20.0
2286,19,400.0,15,8,3,0.15,400,REFLEX,0.05,5,0.9,3,19,REFLEX,12,407,0,0,0,0,0,0,0,0.0,0.0,120.0,0.0,120.0
2280,19,400.0,15,8,3,0.15,400,REFLEX,0.0,0,0.9,3,19,REFLEX,10,404,0,0,0,0,0,0,0,0.0,0.0,100.0,0.0,100.0
2287,19,400.0,15,8,3,0.15,400,REFLEX,0.05,10,0.9,3,19,REFLEX,12,407,0,0,0,0,0,0,0,0.0,0.0,120.0,0.0,120.0
2288,19,400.0,15,8,3,0.15,400,REFLEX,0.1,0,0.9,3,19,REFLEX,9,406,0,0,0,0,0,0,0,0.0,0.0,90.0,0.0,90.0
2290,19,400.0,15,8,3,0.15,400,REFLEX,0.1,5,0.9,3,19,REFLEX,9,406,0,0,0,0,0,0,0,0.0,0.0,90.0,0.0,90.0
2284,19,400.0,15,8,3,0.15,400,REFLEX,0.05,0,0.9,3,19,REFLEX,12,407,0,0,0,0,0,0,0,0.0,0.0,120.0,0.0,120.0
2291,19,400.0,15,8,3,0.15,400,REFLEX,0.1,10,0.9,3,19,REFLEX,9,406,0,0,0,0,0,0,0,0.0,0.0,90.0,0.0,90.0
2294,19,400.0,15,8,3,0.15,400,REFLEX,0.25,5,0.9,3,19,REFLEX,11,315,0,0,0,0,0,0,0,0.0,0.0,110.0,0.0,110.0
2274,18,400.0,15,8,3,0.15,400,GOVERNED,0.25,5,0.9,3,18,GOVERNED,4,340,50,4,12,16,16,4,0,0.0,1.625,40.0,0.0,40.0
2295,19,400.0,15,8,3,0.15,400,REFLEX,0.25,10,0.9,3,19,REFLEX,11,315,0,0,0,0,0,0,0,0.0,0.0,110.0,0.0,110.0
2289,19,400.0,15,8,3,0.15,400,REFLEX,0.1,2,0.9,3,19,REFLEX,9,406,0,0,0,0,0,0,0,0.0,0.0,90.0,0.0,90.0
2296,19,400.0,15,8,3,0.15,400,REFLEX,0.5,0,0.9,3,19,REFLEX,10,244,0,0,0,0,0,0,0,0.0,0.0,100.0,0.0,100.0
2293,19,400.0,15,8,3,0.15,400,REFLEX,0.25,2,0.9,3,19,REFLEX,11,315,0,0,0,0,0,0,0,0.0,0.0,110.0,0.0,110.0
2277,18,400.0,15,8,3,0.15,400,GOVERNED,0.5,2,0.9,3,18,GOVERNED,7,276,100,16,73,38,36,5,0,0.052631578947368474,1.5277777777777777,70.0,0.0,70.0
2298,19,400.0,15,8,3,0.15,400,REFLEX,0.5,5,0.9,3,19,REFLEX,10,244,0,0,0,0,0,0,0,0.0,0.0,100.0,0.0,100.0
2292,19,400.0,15,8,3,0.15,400,REFLEX,0.25,0,0.9,3,19,REFLEX,11,315,0,0,0,0,0,0,0,0.0,0.0,110.0,0.0,110.0
2300,19,400.0,15,8,3,0.15,400,MODEL_BASED,0.0,0,0.9,3,19,MODEL_BASED,12,404,0,0,0,0,0,0,0,0.0,0.0,120.0,0.0,120.0
2301,19,400.0,15,8,3,0.15,400,MODEL_BASED,0.0,2,0.9,3,19,MODEL_BASED,12,404,0,0,0,0,0,0,0,0.0,0.0,120.0,0.0,120.0
2299,19,400.0,15,8,3,0.15,400,REFLEX,0.5,10,0.9,3,19,REFLEX,10,244,0,0,0,0,0,0,0,0.0,0.0,100.0,0.0,100.0
2305,19,400.0,15,8,3,0.15,400,MODEL_BASED,0.05,2,0.9,3,19,MODEL_BASED,10,405,0,0,0,0,0,0,0,0.0,0.0,100.0,0.0,100.0
2306,19,400.0,15,8,3,0.15,400,MODEL_BASED,0.05,5,0.9,3,19,MODEL_BASED,10,405,0,0,0,0,0,0,0,0.0,0.0,100.0,0.0,100.0
2304,19,400.0,15,8,3,0.15,400,MODEL_BASED,0.05,0,0.9,3,19,MODEL_BASED,10,405,0,0,0,0,0,0,0,0.0,0.0,100.0,0.0,100.0
2302,19,400.0,15,8,3,0.15,400,MODEL_BASED,0.0,5,0.9,3,19,MODEL_BASED,12,404,0,0,0,0,0,0,0,0.0,0.0,120.0,0.0,120.0
2297,19,400.0,15,8,3,0.15,400,REFLEX,0.5,2,0.9,3,19,REFLEX,10,244,0,0,0,0,0,0,0,0.0,0.0,100.0,0.0,100.0
2309,19,400.0,15,8,3,0.15,400,MODEL_BASED,0.1,2,0.9,3,19,MODEL_BASED,15,407,0,0,0,0,0,0,0,0.0,0.0,150.0,0.0,150.0
2310,19,400.0,15,8,3,0.15,400,MODEL_BASED,0.1,5,0.9,3,19,MODEL_BASED,15,407,0,0,0,0,0,0,0,0.0,0.0,150.0,0.0,150.0
2307,19,400.0,15,8,3,0.15,400,MODEL_BASED,0.05,10,0.9,3,19,MODEL_BASED,10,405,0,0,0,0,0,0,0,0.0,0.0,100.0,0.0,100.0
2308,19,400.0,15,8,3,0.15,400,MODEL_BASED,0.1,0,0.9,3,19,MODEL_BASED,15,407,0,0,0,0,0,0,0,0.0,0.0,150.0,0.0,150.0
2303,19,400.0,15,8,3,0.15,400,MODEL_BASED,0.0,10,0.9,3,19,MODEL_BASED,12,404,0,0,0,0,0,0,0,0.0,0.0,120.0,0.0,120.0
2314,19,400.0,15,8,3,0.15,400,MODEL_BASED,0.25,5,0.9,3,19,MODEL_BASED,14,408,0,0,0,0,0,0,0,0.0,0.0,140.0,0.0,140.0
2311,19,400.0,15,8,3,0.15,400,MODEL_BASED,0.1,10,0.9,3,19,MODEL_BASED,15,407,0,0,0,0,0,0,0,0.0,0.0,150.0,0.0,150.0
2317,19,400.0,15,8,3,0.15,400,MODEL_BASED,0.5,2,0.9,3,19,MODEL_BASED,14,408,0,0,0,0,0,0,0,0.0,0.0,140.0,0.0,140.0
2313,19,400.0,15,8,3,0.15,400,MODEL_BASED,0.25,2,0.9,3,19,MODEL_BASED,14,408,0,0,0,0,0,0,0,0.0,0.0,140.0,0.0,140.0
2315,19,400.0,15,8,3,0.15,400,MODEL_BASED,0.25,10,0.9,3,19,MODEL_BASED,14,408,0,0,0,0,0,0,0,0.0,0.0,140.0,0.0,140.0
2318,19,400.0,15,8,3,0.15,400,MODEL_BASED,0.5,5,0.9,3,19,MODEL_BASED,14,408,0,0,0,0,0,0,0,0.0,0.0,140.0,0.0,140.0
2319,19,400.0,15,8,3,0.15,400,MODEL_BASED,0.5,10,0.9,3,19,MODEL_BASED,14,408,0,0,0,0,0,0,0,0.0,0.0,140.0,0.0,140.0
2316,19,400.0,15,8,3,0.15,400,MODEL_BASED,0.5,0,0.9,3,19,MODEL_BASED,14,408,0,0,0,0,0,0,0,0.0,0.0,140.0,0.0,140.0
2320,19,400.0,15,8,3,0.15,400,OPEN_LOOP,0.0,0,0.9,3,19,OPEN_LOOP,11,400,0,0,0,0,0,0,0,0.0,0.0,110.0,0.0,110.0
2322,19,400.0,15,8,3,0.15,400,OPEN_LOOP,0.0,5,0.9,3,19,OPEN_LOOP,11,400,0,0,0,0,0,0,0,0.0,0.0,110.0,0.0,110.0
2328,19,400.0,15,8,3,0.15,400,OPEN_LOOP,0.1,0,0.9,3,19,OPEN_LOOP,10,395,0,0,0,4,4,5,0,0.0,1.5,100.0,0.0,100.0
2329,19,400.0,15,8,3,0.15,400,OPEN_LOOP,0.1,2,0.9,3,19,OPEN_LOOP,10,395,0,0,0,4,4,5,0,0.0,1.5,100.0,0.0,100.0
2331,19,400.0,15,8,3,0.15,400,OPEN_LOOP,0.1,10,0.9,3,19,OPEN_LOOP,10,395,0,0,0,4,4,5,0,0.0,1.5,100.0,0.0,100.0
2327,19,400.0,15,8,3,0.15,400,OPEN_LOOP,0.05,10,0.9,3,19,OPEN_LOOP,21,390,0,0,0,11,10,10,0,0.09090909090909094,4.8,210.0,0.0,210.0
2321,19,400.0,15,8,3,0.15,400,OPEN_LOOP,0.0,2,0.9,3,19,OPEN_LOOP,11,400,0,0,0,0,0,0,0,0.0,0.0,110.0,0.0,110.0
2330,19,400.0,15,8,3,0.15,400,OPEN_LOOP,0.1,5,0.9,3,19,OPEN_LOOP,10,395,0,0,0,4,4,5,0,0.0,1.5,100.0,0.0,100.0
2312,19,400.0,15,8,3,0.15,400,MODEL_BASED,0.25,0,0.9,3,19,MODEL_BASED,14,408,0,0,0,0,0,0,0,0.0,0.0,140.0,0.0,140.0
2324,19,400.0,15,8,3,0.15,400,OPEN_LOOP,0.05,0,0.9,3,19,OPEN_LOOP,21,390,0,0,0,11,10,10,0,0.09090909090909094,4.8,210.0,0.0,210.0
2326,19,400.0,15,8,3,0.15,400,OPEN_LOOP,0.05,5,0.9,3,19,OPEN_LOOP,21,390,0,0,0,11,10,10,0,0.09090909090909094,4.8,210.0,0.0,210.0
2323,19,400.0,15,8,3,0.15,400,OPEN_LOOP,0.0,10,0.9,3,19,OPEN_LOOP,11,400,0,0,0,0,0,0,0,0.0,0.0,110.0,0.0,110.0
2336,19,400.0,15,8,3,0.15,400,OPEN_LOOP,0.5,0,0.9,3,19,OPEN_LOOP,16,372,0,0,0,39,38,28,0,0.02564102564102566,1.2105263157894737,160.0,0.0,160.0
2332,19,400.0,15,8,3,0.15,400,OPEN_LOOP,0.25,0,0.9,3,19,OPEN_LOOP,21,368,0,0,0,37,37,32,0,0.0,3.3783783783783785,210.0,0.0,210.0
2337,19,400.0,15,8,3,0.15,400,OPEN_LOOP,0.5,2,0.9,3,19,OPEN_LOOP,16,372,0,0,0,39,38,28,0,0.02564102564102566,1.2105263157894737,160.0,0.0,160.0
2338,19,400.0,15,8,3,0.15,400,OPEN_LOOP,0.5,5,0.9,3,19,OPEN_LOOP,16,372,0,0,0,39,38,28,0,0.02564102564102566,1.2105263157894737,160.0,0.0,160.0
2334,19,400.0,15,8,3,0.15,400,OPEN_LOOP,0.25,5,0.9,3,19,OPEN_LOOP,21,368,0,0,0,37,37,32,0,0.0,3.3783783783783785,210.0,0.0,210.0
2325,19,400.0,15,8,3,0.15,400,OPEN_LOOP,0.05,2,0.9,3,19,OPEN_LOOP,21,390,0,0,0,11,10,10,0,0.09090909090909094,4.8,210.0,0.0,210.0
2335,19,400.0,15,8,3,0.15,400,OPEN_LOOP,0.25,10,0.9,3,19,OPEN_LOOP,21,368,0,0,0,37,37,32,0,0.0,3.3783783783783785,210.0,0.0,210.0
2342,19,400.0,15,8,3,0.15,400,COLD_RESTART,0.0,5,0.9,3,19,COLD_RESTART,11,400,0,0,0,0,0,0,0,0.0,0.0,110.0,0.0,110.0
2340,19,400.0,15,8,3,0.15,400,COLD_RESTART,0.0,0,0.9,3,19,COLD_RESTART,11,400,0,0,0,0,0,0,0,0.0,0.0,110.0,0.0,110.0
2346,19,400.0,15,8,3,0.15,400,COLD_RESTART,0.05,5,0.9,3,19,COLD_RESTART,8,394,5,1,0,1,1,0,0,0.0,9.0,80.0,0.0,80.0
2339,19,400.0,15,8,3,0.15,400,OPEN_LOOP,0.5,10,0.9,3,19,OPEN_LOOP,16,372,0,0,0,39,38,28,0,0.02564102564102566,1.2105263157894737,160.0,0.0,160.0
2343,19,400.0,15,8,3,0.15,400,COLD_RESTART,0.0,10,0.9,3,19,COLD_RESTART,11,400,0,0,0,0,0,0,0,0.0,0.0,110.0,0.0,110.0
2347,19,400.0,15,8,3,0.15,400,COLD_RESTART,0.05,10,0.9,3,19,COLD_RESTART,13,376,20,2,0,4,4,2,0,0.0,8.0,130.0,0.0,130.0
2341,19,400.0,15,8,3,0.15,400,COLD_RESTART,0.0,2,0.9,3,19,COLD_RESTART,11,400,0,0,0,0,0,0,0,0.0,0.0,110.0,0.0,110.0
2349,19,400.0,15,8,3,0.15,400,COLD_RESTART,0.1,2,0.9,3,19,COLD_RESTART,12,345,35,16,7,19,19,4,8,0.0,2.210526315789474,120.0,0.0,120.0
2333,19,400.0,15,8,3,0.15,400,OPEN_LOOP,0.25,2,0.9,3,19,OPEN_LOOP,21,368,0,0,0,37,37,32,0,0.0,3.3783783783783785,210.0,0.0,210.0
2348,19,400.0,15,8,3,0.15,400,COLD_RESTART,0.1,0,0.9,3,19,COLD_RESTART,11,399,0,9,3,7,7,1,0,0.0,5.142857142857143,110.0,0.0,110.0
2345,19,400.0,15,8,3,0.15,400,COLD_RESTART,0.05,2,0.9,3,19,COLD_RESTART,11,397,2,1,0,1,1,0,0,0.0,9.0,110.0,0.0,110.0
2350,19,400.0,15,8,3,0.15,400,COLD_RESTART,0.1,5,0.9,3,19,COLD_RESTART,12,277,105,16,13,23,23,2,5,0.0,2.1739130434782608,120.0,0.0,120.0
2352,19,400.0,15,8,3,0.15,400,COLD_RESTART,0.25,0,0.9,3,19,COLD_RESTART,6,400,0,13,4,9,8,0,3,0.11111111111111116,3.75,60.0,0.0,60.0
2344,19,400.0,15,8,3,0.15,400,COLD_RESTART,0.05,0,0.9,3,19,COLD_RESTART,13,399,0,2,0,4,3,1,1,0.25,5.0,130.0,0.0,130.0
2355,19,400.0,15,8,3,0.15,400,COLD_RESTART,0.25,10,0.9,3,19,COLD_RESTART,5,200,188,7,46,39,39,3,1,0.0,1.1538461538461537,50.0,0.0,50.0
2354,19,400.0,15,8,3,0.15,400,COLD_RESTART,0.25,5,0.9,3,19,COLD_RESTART,4,305,85,5,38,28,27,3,0,0.0357142857142857,1.2962962962962963,40.0,0.0,40.0
2361,19,400.0,15,8,3,0.15,400,CLOSED_LOOP,0.0,2,0.9,3,19,CLOSED_LOOP,11,400,0,0,0,0,0,0,0,0.0,0.0,110.0,0.0,110.0
2351,19,400.0,15,8,3,0.15,400,COLD_RESTART,0.1,10,0.9,3,19,COLD_RESTART,13,304,84,8,2,11,11,4,2,0.0,2.909090909090909,130.0,0.0,130.0
2353,19,400.0,15,8,3,0.15,400,COLD_RESTART,0.25,2,0.9,3,19,COLD_RESTART,7,250,107,40,60,49,48,3,11,0.020408163265306145,1.375,70.0,0.0,70.0
2363,19,400.0,15,8,3,0.15,400,CLOSED_LOOP,0.0,10,0.9,3,19,CLOSED_LOOP,11,400,0,0,0,0,0,0,0,0.0,0.0,110.0,0.0,110.0
2365,19,400.0,15,8,3,0.15,400,CLOSED_LOOP,0.05,2,0.9,3,19,CLOSED_LOOP,11,397,2,1,0,1,1,0,0,0.0,9.0,110.0,0.0,110.0
2366,19,400.0,15,8,3,0.15,400,CLOSED_LOOP,0.05,5,0.9,3,19,CLOSED_LOOP,8,394,5,1,0,1,1,0,0,0.0,9.0,80.0,0.0,80.0
2362,19,400.0,15,8,3,0.15,400,CLOSED_LOOP,0.0,5,0.9,3,19,CLOSED_LOOP,11,400,0,0,0,0,0,0,0,0.0,0.0,110.0,0.0,110.0
2357,19,400.0,15,8,3,0.15,400,COLD_RESTART,0.5,2,0.9,3,19,COLD_RESTART,2,209,151,34,134,57,57,5,5,0.0,1.1578947368421053,20.0,0.0,20.0
2364,19,400.0,15,8,3,0.15,400,CLOSED_LOOP,0.05,0,0.9,3,19,CLOSED_LOOP,12,400,0,4,1,3,3,0,0,0.0,6.333333333333333,120.0,0.0,120.0
2356,19,400.0,15,8,3,0.15,400,COLD_RESTART,0.5,0,0.9,3,19,COLD_RESTART,5,394,0,89,45,45,44,6,37,0.022222222222222254,1.5454545454545454,50.0,0.0,50.0
2359,19,400.0,15,8,3,0.15,400,COLD_RESTART,0.5,10,0.9,3,19,COLD_RESTART,1,127,258,3,97,58,57,6,0,0.017241379310344862,1.1403508771929824,10.0,0.0,10.0
2367,19,400.0,15,8,3,0.15,400,CLOSED_LOOP,0.05,10,0.9,3,19,CLOSED_LOOP,13,376,20,2,0,4,4,2,0,0.0,8.0,130.0,0.0,130.0
2360,19,400.0,15,8,3,0.15,400,CLOSED_LOOP,0.0,0,0.9,3,19,CLOSED_LOOP,11,400,0,0,0,0,0,0,0,0.0,0.0,110.0,0.0,110.0
2368,19,400.0,15,8,3,0.15,400,CLOSED_LOOP,0.1,0,0.9,3,19,CLOSED_LOOP,11,399,0,9,3,7,7,1,0,0.0,5.142857142857143,110.0,0.0,110.0
2370,19,400.0,15,8,3,0.15,400,CLOSED_LOOP,0.1,5,0.9,3,19,CLOSED_LOOP,10,348,42,8,3,10,10,2,0,0.0,2.4,100.0,0.0,100.0
2373,19,400.0,15,8,3,0.15,400,CLOSED_LOOP,0.25,2,0.9,3,19,CLOSED_LOOP,12,333,45,17,18,25,24,4,0,0.040000000000000036,1.4583333333333333,120.0,0.0,120.0
2369,19,400.0,15,8,3,0.15,400,CLOSED_LOOP,0.1,2,0.9,3,19,CLOSED_LOOP,11,370,19,9,3,13,13,2,0,0.0,3.076923076923077,110.0,0.0,110.0
2374,19,400.0,15,8,3,0.15,400,CLOSED_LOOP,0.25,5,0.9,3,19,CLOSED_LOOP,4,305,85,5,38,28,27,3,0,0.0357142857142857,1.2962962962962963,40.0,0.0,40.0
2358,19,400.0,15,8,3,0.15,400,COLD_RESTART,0.5,5,0.9,3,19,COLD_RESTART,0,143,233,14,163,62,62,6,0,0.0,1.1129032258064515,0.0,0.0,0.0
2376,19,400.0,15,8,3,0.15,400,CLOSED_LOOP,0.5,0,0.9,3,19,CLOSED_LOOP,13,396,0,27,9,24,22,4,0,0.08333333333333337,1.6818181818181819,130.0,0.0,130.0
2380,19,400.0,15,8,3,0.15,400,GOVERNED,0.0,0,0.9,3,19,GOVERNED,11,400,0,0,0,0,0,0,0,0.0,0.0,110.0,0.0,110.0
2381,19,400.0,15,8,3,0.15,400,GOVERNED,0.0,2,0.9,3,19,GOVERNED,11,400,0,0,0,0,0,0,0,0.0,0.0,110.0,0.0,110.0
2382,19,400.0,15,8,3,0.15,400,GOVERNED,0.0,5,0.9,3,19,GOVERNED,11,400,0,0,0,0,0,0,0,0.0,0.0,110.0,0.0,110.0
2383,19,400.0,15,8,3,0.15,400,GOVERNED,0.0,10,0.9,3,19,GOVERNED,11,400,0,0,0,0,0,0,0,0.0,0.0,110.0,0.0,110.0
2377,19,400.0,15,8,3,0.15,400,CLOSED_LOOP,0.5,2,0.9,3,19,CLOSED_LOOP,5,294,83,17,61,35,35,4,0,0.0,1.2857142857142858,50.0,0.0,50.0
2372,19,400.0,15,8,3,0.15,400,CLOSED_LOOP,0.25,0,0.9,3,19,CLOSED_LOOP,7,399,0,8,1,10,9,1,0,0.09999999999999998,2.7777777777777777,70.0,0.0,70.0
2386,19,400.0,15,8,3,0.15,400,GOVERNED,0.05,5,0.9,3,19,GOVERNED,8,394,5,1,0,1,1,0,0,0.0,9.0,80.0,0.0,80.0
2371,19,400.0,15,8,3,0.15,400,CLOSED_LOOP,0.1,10,0.9,3,19,CLOSED_LOOP,11,299,90,7,9,16,15,3,0,0.0625,2.533333333333333,110.0,0.0,110.0
2375,19,400.0,15,8,3,0.15,400,CLOSED_LOOP,0.25,10,0.9,3,19,CLOSED_LOOP,2,90,295,10,68,54,54,4,0,0.0,1.1851851851851851,20.0,0.0,20.0
2385,19,400.0,15,8,3,0.15,400,GOVERNED,0.05,2,0.9,3,19,GOVERNED,11,397,2,1,0,1,1,0,0,0.0,9.0,110.0,0.0,110.0
2378,19,400.0,15,8,3,0.15,400,CLOSED_LOOP,0.5,5,0.9,3,19,CLOSED_LOOP,0,143,233,14,163,62,62,6,0,0.0,1.1129032258064515,0.0,0.0,0.0
2379,19,400.0,15,8,3,0.15,400,CLOSED_LOOP,0.5,10,0.9,3,19,CLOSED_LOOP,1,127,258,3,97,58,57,6,0,0.017241379310344862,1.1403508771929824,10.0,0.0,10.0
2389,19,400.0,15,8,3,0.15,400,GOVERNED,0.1,2,0.9,3,19,GOVERNED,11,370,19,9,3,13,13,2,0,0.0,3.076923076923077,110.0,0.0,110.0
2390,19,400.0,15,8,3,0.15,400,GOVERNED,0.1,5,0.9,3,19,GOVERNED,10,348,42,8,3,10,10,2,0,0.0,2.4,100.0,0.0,100.0
2387,19,400.0,15,8,3,0.15,400,GOVERNED,0.05,10,0.9,3,19,GOVERNED,13,376,20,2,0,4,4,2,0,0.0,8.0,130.0,0.0,130.0
2384,19,400.0,15,8,3,0.15,400,GOVERNED,0.05,0,0.9,3,19,GOVERNED,12,400,0,4,1,3,3,0,0,0.0,6.333333333333333,120.0,0.0,120.0
2391,19,400.0,15,8,3,0.15,400,GOVERNED,0.1,10,0.9,3,19,GOVERNED,11,299,90,7,9,16,15,3,0,0.0625,2.533333333333333,110.0,0.0,110.0
2392,19,400.0,15,8,3,0.15,400,GOVERNED,0.25,0,0.9,3,19,GOVERNED,7,399,0,8,1,10,9,1,0,0.09999999999999998,2.7777777777777777,70.0,0.0,70.0
2400,20,400.0,15,8,3,0.15,400,REFLEX,0.0,0,0.9,3,20,REFLEX,8,404,0,0,0,0,0,0,0,0.0,0.0,80.0,0.0,80.0
2388,19,400.0,15,8,3,0.15,400,GOVERNED,0.1,0,0.9,3,19,GOVERNED,11,399,0,9,3,7,7,1,0,0.0,5.142857142857143,110.0,0.0,110.0
2401,20,400.0,15,8,3,0.15,400,REFLEX,0.0,2,0.9,3,20,REFLEX,8,404,0,0,0,0,0,0,0,0.0,0.0,80.0,0.0,80.0
2396,19,400.0,15,8,3,0.15,400,GOVERNED,0.5,0,0.9,3,19,GOVERNED,13,396,0,27,9,24,22,4,0,0.08333333333333337,1.6818181818181819,130.0,0.0,130.0
2394,19,400.0,15,8,3,0.15,400,GOVERNED,0.25,5,0.9,3,19,GOVERNED,4,305,85,5,38,28,27,3,0,0.0357142857142857,1.2962962962962963,40.0,0.0,40.0
2397,19,400.0,15,8,3,0.15,400,GOVERNED,0.5,2,0.9,3,19,GOVERNED,5,294,83,17,61,35,35,4,0,0.0,1.2857142857142858,50.0,0.0,50.0
2398,19,400.0,15,8,3,0.15,400,GOVERNED,0.5,5,0.9,3,19,GOVERNED,0,143,233,14,163,62,62,6,0,0.0,1.1129032258064515,0.0,0.0,0.0
2404,20,400.0,15,8,3,0.15,400,REFLEX,0.05,0,0.9,3,20,REFLEX,11,407,0,0,0,0,0,0,0,0.0,0.0,110.0,0.0,110.0
2399,19,400.0,15,8,3,0.15,400,GOVERNED,0.5,10,0.9,3,19,GOVERNED,1,127,258,3,97,58,57,6,0,0.017241379310344862,1.1403508771929824,10.0,0.0,10.0
2393,19,400.0,15,8,3,0.15,400,GOVERNED,0.25,2,0.9,3,19,GOVERNED,12,333,45,17,18,25,24,4,0,0.040000000000000036,1.4583333333333333,120.0,0.0,120.0
2395,19,400.0,15,8,3,0.15,400,GOVERNED,0.25,10,0.9,3,19,GOVERNED,2,90,295,10,68,54,54,4,0,0.0,1.1851851851851851,20.0,0.0,20.0
2410,20,400.0,15,8,3,0.15,400,REFLEX,0.1,5,0.9,3,20,REFLEX,13,408,0,0,0,0,0,0,0,0.0,0.0,130.0,0.0,130.0
2411,20,400.0,15,8,3,0.15,400,REFLEX,0.1,10,0.9,3,20,REFLEX,13,408,0,0,0,0,0,0,0,0.0,0.0,130.0,0.0,130.0
2405,20,400.0,15,8,3,0.15,400,REFLEX,0.05,2,0.9,3,20,REFLEX,11,407,0,0,0,0,0,0,0,0.0,0.0,110.0,0.0,110.0
2402,20,400.0,15,8,3,0.15,400,REFLEX,0.0,5,0.9,3,20,REFLEX,8,404,0,0,0,0,0,0,0,0.0,0.0,80.0,0.0,80.0
2412,20,400.0,15,8,3,0.15,400,REFLEX,0.25,0,0.9,3,20,REFLEX,10,406,0,0,0,0,0,0,0,0.0,0.0,100.0,0.0,100.0
2408,20,400.0,15,8,3,0.15,400,REFLEX,0.1,0,0.9,3,20,REFLEX,13,408,0,0,0,0,0,0,0,0.0,0.0,130.0,0.0,130.0
2406,20,400.0,15,8,3,0.15,400,REFLEX,0.05,5,0.9,3,20,REFLEX,11,407,0,0,0,0,0,0,0,0.0,0.0,110.0,0.0,110.0
2407,20,400.0,15,8,3,0.15,400,REFLEX,0.05,10,0.9,3,20,REFLEX,11,407,0,0,0,0,0,0,0,0.0,0.0,110.0,0.0,110.0
2403,20,400.0,15,8,3,0.15,400,REFLEX,0.0,10,0.9,3,20,REFLEX,8,404,0,0,0,0,0,0,0,0.0,0.0,80.0,0.0,80.0
2413,20,400.0,15,8,3,0.15,400,REFLEX,0.25,2,0.9,3,20,REFLEX,10,406,0,0,0,0,0,0,0,0.0,0.0,100.0,0.0,100.0
2415,20,400.0,15,8,3,0.15,400,REFLEX,0.25,10,0.9,3,20,REFLEX,10,406,0,0,0,0,0,0,0,0.0,0.0,100.0,0.0,100.0
2414,20,400.0,15,8,3,0.15,400,REFLEX,0.25,5,0.9,3,20,REFLEX,10,406,0,0,0,0,0,0,0,0.0,0.0,100.0,0.0,100.0
2416,20,400.0,15,8,3,0.15,400,REFLEX,0.5,0,0.9,3,20,REFLEX,13,369,0,0,0,0,0,0,0,0.0,0.0,130.0,0.0,130.0
2417,20,400.0,15,8,3,0.15,400,REFLEX,0.5,2,0.9,3,20,REFLEX,13,369,0,0,0,0,0,0,0,0.0,0.0,130.0,0.0,130.0
2418,20,400.0,15,8,3,0.15,400,REFLEX,0.5,5,0.9,3,20,REFLEX,13,369,0,0,0,0,0,0,0,0.0,0.0,130.0,0.0,130.0
2419,20,400.0,15,8,3,0.15,400,REFLEX,0.5,10,0.9,3,20,REFLEX,13,369,0,0,0,0,0,0,0,0.0,0.0,130.0,0.0,130.0
2421,20,400.0,15,8,3,0.15,400,MODEL_BASED,0.0,2,0.9,3,20,MODEL_BASED,9,403,0,0,0,0,0,0,0,0.0,0.0,90.0,0.0,90.0
2409,20,400.0,15,8,3,0.15,400,REFLEX,0.1,2,0.9,3,20,REFLEX,13,408,0,0,0,0,0,0,0,0.0,0.0,130.0,0.0,130.0
2422,20,400.0,15,8,3,0.15,400,MODEL_BASED,0.0,5,0.9,3,20,MODEL_BASED,9,403,0,0,0,0,0,0,0,0.0,0.0,90.0,0.0,90.0
2425,20,400.0,15,8,3,0.15,400,MODEL_BASED,0.05,2,0.9,3,20,MODEL_BASED,9,286,0,0,0,0,0,0,0,0.0,0.0,90.0,0.0,90.0
2430,20,400.0,15,8,3,0.15,400,MODEL_BASED,0.1,5,0.9,3,20,MODEL_BASED,11,404,0,0,0,0,0,0,0,0.0,0.0,110.0,0.0,110.0
2429,20,400.0,15,8,3,0.15,400,MODEL_BASED,0.1,2,0.9,3,20,MODEL_BASED,11,404,0,0,0,0,0,0,0,0.0,0.0,110.0,0.0,110.0
2427,20,400.0,15,8,3,0.15,400,MODEL_BASED,0.05,10,0.9,3,20,MODEL_BASED,9,286,0,0,0,0,0,0,0,0.0,0.0,90.0,0.0,90.0
2423,20,400.0,15,8,3,0.15,400,MODEL_BASED,0.0,10,0.9,3,20,MODEL_BASED,9,403,0,0,0,0,0,0,0,0.0,0.0,90.0,0.0,90.0
2428,20,400.0,15,8,3,0.15,400,MODEL_BASED,0.1,0,0.9,3,20,MODEL_BASED,11,404,0,0,0,0,0,0,0,0.0,0.0,110.0,0.0,110.0
2424,20,400.0,15,8,3,0.15,400,MODEL_BASED,0.05,0,0.9,3,20,MODEL_BASED,9,286,0,0,0,0,0,0,0,0.0,0.0,90.0,0.0,90.0
2431,20,400.0,15,8,3,0.15,400,MODEL_BASED,0.1,10,0.9,3,20,MODEL_BASED,11,404,0,0,0,0,0,0,0,0.0,0.0,110.0,0.0,110.0
2426,20,400.0,15,8,3,0.15,400,MODEL_BASED,0.05,5,0.9,3,20,MODEL_BASED,9,286,0,0,0,0,0,0,0,0.0,0.0,90.0,0.0,90.0
2434,20,400.0,15,8,3,0.15,400,MODEL_BASED,0.25,5,0.9,3,20,MODEL_BASED,9,225,0,0,0,0,0,0,0,0.0,0.0,90.0,0.0,90.0
2432,20,400.0,15,8,3,0.15,400,MODEL_BASED,0.25,0,0.9,3,20,MODEL_BASED,9,225,0,0,0,0,0,0,0,0.0,0.0,90.0,0.0,90.0
2420,20,400.0,15,8,3,0.15,400,MODEL_BASED,0.0,0,0.9,3,20,MODEL_BASED,9,403,0,0,0,0,0,0,0,0.0,0.0,90.0,0.0,90.0
2435,20,400.0,15,8,3,0.15,400,MODEL_BASED,0.25,10,0.9,3,20,MODEL_BASED,9,225,0,0,0,0,0,0,0,0.0,0.0,90.0,0.0,90.0
2433,20,400.0,15,8,3,0.15,400,MODEL_BASED,0.25,2,0.9,3,20,MODEL_BASED,9,225,0,0,0,0,0,0,0,0.0,0.0,90.0,0.0,90.0
2436,20,400.0,15,8,3,0.15,400,MODEL_BASED,0.5,0,0.9,3,20,MODEL_BASED,17,233,0,0,0,0,0,0,0,0.0,0.0,170.0,0.0,170.0
2442,20,400.0,15,8,3,0.15,400,OPEN_LOOP,0.0,5,0.9,3,20,OPEN_LOOP,17,400,0,0,0,0,0,0,0,0.0,0.0,170.0,0.0,170.0
2443,20,400.0,15,8,3,0.15,400,OPEN_LOOP,0.0,10,0.9,3,20,OPEN_LOOP,17,400,0,0,0,0,0,0,0,0.0,0.0,170.0,0.0,170.0
2440,20,400.0,15,8,3,0.15,400,OPEN_LOOP,0.0,0,0.9,3,20,OPEN_LOOP,17,400,0,0,0,0,0,0,0,0.0,0.0,170.0,0.0,170.0
2441,20,400.0,15,8,3,0.15,400,OPEN_LOOP,0.0,2,0.9,3,20,OPEN_LOOP,17,400,0,0,0,0,0,0,0,0.0,0.0,170.0,0.0,170.0
2444,20,400.0,15,8,3,0.15,400,OPEN_LOOP,0.05,0,0.9,3,20,OPEN_LOOP,13,394,0,0,0,6,6,6,0,0.0,1.8333333333333333,130.0,0.0,130.0
2446,20,400.0,15,8,3,0.15,400,OPEN_LOOP,0.05,5,0.9,3,20,OPEN_LOOP,13,394,0,0,0,6,6,6,0,0.0,1.8333333333333333,130.0,0.0,130.0
2447,20,400.0,15,8,3,0.15,400,OPEN_LOOP,0.05,10,0.9,3,20,OPEN_LOOP,13,394,0,0,0,6,6,6,0,0.0,1.8333333333333333,130.0,0.0,130.0
2448,20,400.0,15,8,3,0.15,400,OPEN_LOOP,0.1,0,0.9,3,20,OPEN_LOOP,15,390,0,0,0,11,10,10,0,0.09090909090909094,3.8,150.0,0.0,150.0
2438,20,400.0,15,8,3,0.15,400,MODEL_BASED,0.5,5,0.9,3,20,MODEL_BASED,17,233,0,0,0,0,0,0,0,0.0,0.0,170.0,0.0,170.0
2437,20,400.0,15,8,3,0.15,400,MODEL_BASED,0.5,2,0.9,3,20,MODEL_BASED,17,233,0,0,0,0,0,0,0,0.0,0.0,170.0,0.0,170.0
2449,20,400.0,15,8,3,0.15,400,OPEN_LOOP,0.1,2,0.9,3,20,OPEN_LOOP,15,390,0,0,0,11,10,10,0,0.09090909090909094,3.8,150.0,0.0,150.0
2450,20,400.0,15,8,3,0.15,400,OPEN_LOOP,0.1,5,0.9,3,20,OPEN_LOOP,15,390,0,0,0,11,10,10,0,0.09090909090909094,3.8,150.0,0.0,150.0
2445,20,400.0,15,8,3,0.15,400,OPEN_LOOP,0.05,2,0.9,3,20,OPEN_LOOP,13,394,0,0,0,6,6,6,0,0.0,1.8333333333333333,130.0,0.0,130.0
2439,20,400.0,15,8,3,0.15,400,MODEL_BASED,0.5,10,0.9,3,20,MODEL_BASED,17,233,0,0,0,0,0,0,0,0.0,0.0,170.0,0.0,170.0
2453,20,400.0,15,8,3,0.15,400,OPEN_LOOP,0.25,2,0.9,3,20,OPEN_LOOP,18,384,0,0,0,24,22,16,0,0.08333333333333337,2.1818181818181817,180.0,0.0,180.0
2454,20,400.0,15,8,3,0.15,400,OPEN_LOOP,0.25,5,0.9,3,20,OPEN_LOOP,18,384,0,0,0,24,22,16,0,0.08333333333333337,2.1818181818181817,180.0,0.0,180.0
2456,20,400.0,15,8,3,0.15,400,OPEN_LOOP,0.5,0,0.9,3,20,OPEN_LOOP,11,374,0,0,0,34,32,26,0,0.05882352941176472,1.3125,110.0,0.0,110.0
2451,20,400.0,15,8,3,0.15,400,OPEN_LOOP,0.1,10,0.9,3,20,OPEN_LOOP,15,390,0,0,0,11,10,10,0,0.09090909090909094,3.8,150.0,0.0,150.0
2455,20,400.0,15,8,3,0.15,400,OPEN_LOOP,0.25,10,0.9,3,20,OPEN_LOOP,18,384,0,0,0,24,22,16,0,0.08333333333333337,2.1818181818181817,180.0,0.0,180.0
2452,20,400.0,15,8,3,0.15,400,OPEN_LOOP,0.25,0,0.9,3,20,OPEN_LOOP,18,384,0,0,0,24,22,16,0,0.08333333333333337,2.1818181818181817,180.0,0.0,180.0
2457,20,400.0,15,8,3,0.15,400,OPEN_LOOP,0.5,2,0.9,3,20,OPEN_LOOP,11,374,0,0,0,34,32,26,0,0.05882352941176472,1.3125,110.0,0.0,110.0
2463,20,400.0,15,8,3,0.15,400,COLD_RESTART,0.0,10,0.9,3,20,COLD_RESTART,17,400,0,0,0,0,0,0,0,0.0,0.0,170.0,0.0,170.0
2462,20,400.0,15,8,3,0.15,400,COLD_RESTART,0.0,5,0.9,3,20,COLD_RESTART,17,400,0,0,0,0,0,0,0,0.0,0.0,170.0,0.0,170.0
2460,20,400.0,15,8,3,0.15,400,COLD_RESTART,0.0,0,0.9,3,20,COLD_RESTART,17,400,0,0,0,0,0,0,0,0.0,0.0,170.0,0.0,170.0
2464,20,400.0,15,8,3,0.15,400,COLD_RESTART,0.05,0,0.9,3,20,COLD_RESTART,12,399,0,2,0,4,3,1,0,0.25,4.0,120.0,0.0,120.0
2465,20,400.0,15,8,3,0.15,400,COLD_RESTART,0.05,2,0.9,3,20,COLD_RESTART,19,372,18,8,2,12,11,2,3,0.08333333333333337,1.8181818181818181,190.0,0.0,190.0
2458,20,400.0,15,8,3,0.15,400,OPEN_LOOP,0.5,5,0.9,3,20,OPEN_LOOP,11,374,0,0,0,34,32,26,0,0.05882352941176472,1.3125,110.0,0.0,110.0
2459,20,400.0,15,8,3,0.15,400,OPEN_LOOP,0.5,10,0.9,3,20,OPEN_LOOP,11,374,0,0,0,34,32,26,0,0.05882352941176472,1.3125,110.0,0.0,110.0
2466,20,400.0,15,8,3,0.15,400,COLD_RESTART,0.05,5,0.9,3,20,COLD_RESTART,17,295,86,16,3,19,18,3,12,0.052631578947368474,4.166666666666667,170.0,0.0,170.0
2467,20,400.0,15,8,3,0.15,400,COLD_RESTART,0.05,10,0.9,3,20,COLD_RESTART,13,366,30,3,0,6,5,1,0,0.16666666666666663,4.2,130.0,0.0,130.0
2470,20,400.0,15,8,3,0.15,400,COLD_RESTART,0.1,5,0.9,3,20,COLD_RESTART,13,339,50,9,8,11,11,1,1,0.0,1.2727272727272727,130.0,0.0,130.0
2471,20,400.0,15,8,3,0.15,400,COLD_RESTART,0.1,10,0.9,3,20,COLD_RESTART,8,193,189,10,24,33,33,6,3,0.0,1.5757575757575757,80.0,0.0,80.0
2473,20,400.0,15,8,3,0.15,400,COLD_RESTART,0.25,2,0.9,3,20,COLD_RESTART,6,378,12,5,3,11,9,4,0,0.18181818181818177,2.3333333333333335,60.0,0.0,60.0
2469,20,400.0,15,8,3,0.15,400,COLD_RESTART,0.1,2,0.9,3,20,COLD_RESTART,9,368,20,10,0,11,11,2,4,0.0,2.272727272727273,90.0,0.0,90.0
2468,20,400.0,15,8,3,0.15,400,COLD_RESTART,0.1,0,0.9,3,20,COLD_RESTART,18,398,0,13,0,16,15,2,8,0.0625,3.3333333333333335,180.0,0.0,180.0
2474,20,400.0,15,8,3,0.15,400,COLD_RESTART,0.25,5,0.9,3,20,COLD_RESTART,6,155,216,25,61,52,52,4,8,0.0,1.3076923076923077,60.0,0.0,60.0
2480,20,400.0,15,8,3,0.15,400,CLOSED_LOOP,0.0,0,0.9,3,20,CLOSED_LOOP,17,400,0,0,0,0,0,0,0,0.0,0.0,170.0,0.0,170.0
2481,20,400.0,15,8,3,0.15,400,CLOSED_LOOP,0.0,2,0.9,3,20,CLOSED_LOOP,17,400,0,0,0,0,0,0,0,0.0,0.0,170.0,0.0,170.0
2484,20,400.0,15,8,3,0.15,400,CLOSED_LOOP,0.05,0,0.9,3,20,CLOSED_LOOP,12,399,0,2,0,4,3,1,0,0.25,4.0,120.0,0.0,120.0
2482,20,400.0,15,8,3,0.15,400,CLOSED_LOOP,0.0,5,0.9,3,20,CLOSED_LOOP,17,400,0,0,0,0,0,0,0,0.0,0.0,170.0,0.0,170.0
2472,20,400.0,15,8,3,0.15,400,COLD_RESTART,0.25,0,0.9,3,20,COLD_RESTART,13,400,0,28,8,20,20,0,12,0.0,1.8,130.0,0.0,130.0
2479,20,400.0,15,8,3,0.15,400,COLD_RESTART,0.5,10,0.9,3,20,COLD_RESTART,0,4,392,3,318,97,97,0,0,0.0,1.0,0.0,0.0,0.0
2485,20,400.0,15,8,3,0.15,400,CLOSED_LOOP,0.05,2,0.9,3,20,CLOSED_LOOP,15,380,13,5,2,7,7,1,0,0.0,3.0,150.0,0.0,150.0
2486,20,400.0,15,8,3,0.15,400,CLOSED_LOOP,0.05,5,0.9,3,20,CLOSED_LOOP,12,358,36,6,2,8,8,0,0,0.0,1.5,120.0,0.0,120.0
2477,20,400.0,15,8,3,0.15,400,COLD_RESTART,0.5,2,0.9,3,20,COLD_RESTART,1,83,256,55,243,94,94,5,11,0.0,1.1063829787234043,10.0,0.0,10.0
2478,20,400.0,15,8,3,0.15,400,COLD_RESTART,0.5,5,0.9,3,20,COLD_RESTART,0,9,373,17,295,95,94,0,0,0.010526315789473717,1.0,0.0,0.0,0.0
2475,20,400.0,15,8,3,0.15,400,COLD_RESTART,0.25,10,0.9,3,20,COLD_RESTART,10,159,229,4,71,49,48,4,0,0.020408163265306145,1.0833333333333333,100.0,0.0,100.0
2487,20,400.0,15,8,3,0.15,400,CLOSED_LOOP,0.05,10,0.9,3,20,CLOSED_LOOP,13,366,30,3,0,6,5,1,0,0.16666666666666663,4.2,130.0,0.0,130.0
2489,20,400.0,15,8,3,0.15,400,CLOSED_LOOP,0.1,2,0.9,3,20,CLOSED_LOOP,13,380,14,6,2,8,8,0,0,0.0,1.5,130.0,0.0,130.0
2488,20,400.0,15,8,3,0.15,400,CLOSED_LOOP,0.1,0,0.9,3,20,CLOSED_LOOP,14,399,0,14,2,13,12,1,0,0.07692307692307687,1.4166666666666667,140.0,0.0,140.0
2490,20,400.0,15,8,3,0.15,400,CLOSED_LOOP,0.1,5,0.9,3,20,CLOSED_LOOP,13,293,89,13,12,21,21,4,0,0.0,1.9047619047619047,130.0,0.0,130.0
2461,20,400.0,15,8,3,0.15,400,COLD_RESTART,0.0,2,0.9,3,20,COLD_RESTART,17,400,0,0,0,0,0,0,0,0.0,0.0,170.0,0.0,170.0
2491,20,400.0,15,8,3,0.15,400,CLOSED_LOOP,0.1,10,0.9,3,20,CLOSED_LOOP,10,283,105,9,7,17,17,3,0,0.0,1.8235294117647058,100.0,0.0,100.0
2492,20,400.0,15,8,3,0.15,400,CLOSED_LOOP,0.25,0,0.9,3,20,CLOSED_LOOP,13,396,0,8,0,13,12,4,0,0.07692307692307687,3.9166666666666665,130.0,0.0,130.0
2483,20,400.0,15,8,3,0.15,400,CLOSED_LOOP,0.0,10,0.9,3,20,CLOSED_LOOP,17,400,0,0,0,0,0,0,0,0.0,0.0,170.0,0.0,170.0
2493,20,400.0,15,8,3,0.15,400,CLOSED_LOOP,0.25,2,0.9,3,20,CLOSED_LOOP,6,378,12,5,3,11,9,4,0,0.18181818181818177,2.3333333333333335,60.0,0.0,60.0
2494,20,400.0,15,8,3,0.15,400,CLOSED_LOOP,0.25,5,0.9,3,20,CLOSED_LOOP,8,209,174,16,47,43,43,1,0,0.0,1.069767441860465,80.0,0.0,80.0
2476,20,400.0,15,8,3,0.15,400,COLD_RESTART,0.5,0,0.9,3,20,COLD_RESTART,10,397,0,122,62,51,50,3,46,0.019607843137254943,1.9,100.0,0.0,100.0
2500,20,400.0,15,8,3,0.15,400,GOVERNED,0.0,0,0.9,3,20,GOVERNED,17,400,0,0,0,0,0,0,0,0.0,0.0,170.0,0.0,170.0
2496,20,400.0,15,8,3,0.15,400,CLOSED_LOOP,0.5,0,0.9,3,20,CLOSED_LOOP,14,399,0,35,14,20,20,1,0,0.0,1.1,140.0,0.0,140.0
2502,20,400.0,15,8,3,0.15,400,GOVERNED,0.0,5,0.9,3,20,GOVERNED,17,400,0,0,0,0,0,0,0,0.0,0.0,170.0,0.0,170.0
2503,20,400.0,15,8,3,0.15,400,GOVERNED,0.0,10,0.9,3,20,GOVERNED,17,400,0,0,0,0,0,0,0,0.0,0.0,170.0,0.0,170.0
2497,20,400.0,15,8,3,0.15,400,CLOSED_LOOP,0.5,2,0.9,3,20,CLOSED_LOOP,6,189,174,31,173,65,65,6,0,0.0,1.0307692307692307,60.0,0.0,60.0
2501,20,400.0,15,8,3,0.15,400,GOVERNED,0.0,2,0.9,3,20,GOVERNED,17,400,0,0,0,0,0,0,0,0.0,0.0,170.0,0.0,170.0
2509,20,400.0,15,8,3,0.15,400,GOVERNED,0.1,2,0.9,3,20,GOVERNED,13,380,14,6,2,8,8,0,0,0.0,1.5,130.0,0.0,130.0
2508,20,400.0,15,8,3,0.15,400,GOVERNED,0.1,0,0.9,3,20,GOVERNED,14,399,0,14,2,13,12,1,0,0.07692307692307687,1.4166666666666667,140.0,0.0,140.0
2507,20,400.0,15,8,3,0.15,400,GOVERNED,0.05,10,0.9,3,20,GOVERNED,13,366,30,3,0,6,5,1,0,0.16666666666666663,4.2,130.0,0.0,130.0
2505,20,400.0,15,8,3,0.15,400,GOVERNED,0.05,2,0.9,3,20,GOVERNED,15,380,13,5,2,7,7,1,0,0.0,3.0,150.0,0.0,150.0
2510,20,400.0,15,8,3,0.15,400,GOVERNED,0.1,5,0.9,3,20,GOVERNED,13,293,89,13,12,21,21,4,0,0.0,1.9047619047619047,130.0,0.0,130.0
2511,20,400.0,15,8,3,0.15,400,GOVERNED,0.1,10,0.9,3,20,GOVERNED,10,283,105,9,7,17,17,3,0,0.0,1.8235294117647058,100.0,0.0,100.0
2495,20,400.0,15,8,3,0.15,400,CLOSED_LOOP,0.25,10,0.9,3,20,CLOSED_LOOP,10,159,229,4,71,49,48,4,0,0.020408163265306145,1.0833333333333333,100.0,0.0,100.0
2498,20,400.0,15,8,3,0.15,400,CLOSED_LOOP,0.5,5,0.9,3,20,CLOSED_LOOP,0,9,373,17,295,95,94,0,0,0.010526315789473717,1.0,0.0,0.0,0.0
2506,20,400.0,15,8,3,0.15,400,GOVERNED,0.05,5,0.9,3,20,GOVERNED,12,358,36,6,2,8,8,0,0,0.0,1.5,120.0,0.0,120.0
2499,20,400.0,15,8,3,0.15,400,CLOSED_LOOP,0.5,10,0.9,3,20,CLOSED_LOOP,0,4,392,3,318,97,97,0,0,0.0,1.0,0.0,0.0,0.0
2504,20,400.0,15,8,3,0.15,400,GOVERNED,0.05,0,0.9,3,20,GOVERNED,12,399,0,2,0,4,3,1,0,0.25,4.0,120.0,0.0,120.0
2517,20,400.0,15,8,3,0.15,400,GOVERNED,0.5,2,0.9,3,20,GOVERNED,6,189,174,31,173,65,65,6,0,0.0,1.0307692307692307,60.0,0.0,60.0
2520,21,400.0,15,8,3,0.15,400,REFLEX,0.0,0,0.9,3,21,REFLEX,7,406,0,0,0,0,0,0,0,0.0,0.0,70.0,0.0,70.0
2522,21,400.0,15,8,3,0.15,400,REFLEX,0.0,5,0.9,3,21,REFLEX,7,406,0,0,0,0,0,0,0,0.0,0.0,70.0,0.0,70.0
2521,21,400.0,15,8,3,0.15,400,REFLEX,0.0,2,0.9,3,21,REFLEX,7,406,0,0,0,0,0,0,0,0.0,0.0,70.0,0.0,70.0
2512,20,400.0,15,8,3,0.15,400,GOVERNED,0.25,0,0.9,3,20,GOVERNED,13,396,0,8,0,13,12,4,0,0.07692307692307687,3.9166666666666665,130.0,0.0,130.0
2514,20,400.0,15,8,3,0.15,400,GOVERNED,0.25,5,0.9,3,20,GOVERNED,8,209,174,16,47,43,43,1,0,0.0,1.069767441860465,80.0,0.0,80.0
2516,20,400.0,15,8,3,0.15,400,GOVERNED,0.5,0,0.9,3,20,GOVERNED,14,399,0,35,14,20,20,1,0,0.0,1.1,140.0,0.0,140.0
2518,20,400.0,15,8,3,0.15,400,GOVERNED,0.5,5,0.9,3,20,GOVERNED,0,9,373,17,295,95,94,0,0,0.010526315789473717,1.0,0.0,0.0,0.0
2525,21,400.0,15,8,3,0.15,400,REFLEX,0.05,2,0.9,3,21,REFLEX,6,405,0,0,0,0,0,0,0,0.0,0.0,60.0,0.0,60.0
2526,21,400.0,15,8,3,0.15,400,REFLEX,0.05,5,0.9,3,21,REFLEX,6,405,0,0,0,0,0,0,0,0.0,0.0,60.0,0.0,60.0
2515,20,400.0,15,8,3,0.15,400,GOVERNED,0.25,10,0.9,3,20,GOVERNED,10,159,229,4,71,49,48,4,0,0.020408163265306145,1.0833333333333333,100.0,0.0,100.0
2527,21,400.0,15,8,3,0.15,400,REFLEX,0.05,10,0.9,3,21,REFLEX,6,405,0,0,0,0,0,0,0,0.0,0.0,60.0,0.0,60.0
2524,21,400.0,15,8,3,0.15,400,REFLEX,0.05,0,0.9,3,21,REFLEX,6,405,0,0,0,0,0,0,0,0.0,0.0,60.0,0.0,60.0
2528,21,400.0,15,8,3,0.15,400,REFLEX,0.1,0,0.9,3,21,REFLEX,1,401,0,0,0,0,0,0,0,0.0,0.0,10.0,0.0,10.0
2529,21,400.0,15,8,3,0.15,400,REFLEX,0.1,2,0.9,3,21,REFLEX,1,401,0,0,0,0,0,0,0,0.0,0.0,10.0,0.0,10.0
2523,21,400.0,15,8,3,0.15,400,REFLEX,0.0,10,0.9,3,21,REFLEX,7,406,0,0,0,0,0,0,0,0.0,0.0,70.0,0.0,70.0
2513,20,400.0,15,8,3,0.15,400,GOVERNED,0.25,2,0.9,3,20,GOVERNED,6,378,12,5,3,11,9,4,0,0.18181818181818177,2.3333333333333335,60.0,0.0,60.0
2531,21,400.0,15,8,3,0.15,400,REFLEX,0.1,10,0.9,3,21,REFLEX,1,401,0,0,0,0,0,0,0,0.0,0.0,10.0,0.0,10.0
2532,21,400.0,15,8,3,0.15,400,REFLEX,0.25,0,0.9,3,21,REFLEX,5,403,0,0,0,0,0,0,0,0.0,0.0,50.0,0.0,50.0
2533,21,400.0,15,8,3,0.15,400,REFLEX,0.25,2,0.9,3,21,REFLEX,5,403,0,0,0,0,0,0,0,0.0,0.0,50.0,0.0,50.0
2534,21,400.0,15,8,3,0.15,400,REFLEX,0.25,5,0.9,3,21,REFLEX,5,403,0,0,0,0,0,0,0,0.0,0.0,50.0,0.0,50.0
2536,21,400.0,15,8,3,0.15,400,REFLEX,0.5,0,0.9,3,21,REFLEX,11,380,0,0,0,0,0,0,0,0.0,0.0,110.0,0.0,110.0
2537,21,400.0,15,8,3,0.15,400,REFLEX,0.5,2,0.9,3,21,REFLEX,11,380,0,0,0,0,0,0,0,0.0,0.0,110.0,0.0,110.0
2541,21,400.0,15,8,3,0.15,400,MODEL_BASED,0.0,2,0.9,3,21,MODEL_BASED,9,406,0,0,0,0,0,0,0,0.0,0.0,90.0,0.0,90.0
2540,21,400.0,15,8,3,0.15,400,MODEL_BASED,0.0,0,0.9,3,21,MODEL_BASED,9,406,0,0,0,0,0,0,0,0.0,0.0,90.0,0.0,90.0
2543,21,400.0,15,8,3,0.15,400,MODEL_BASED,0.0,10,0.9,3,21,MODEL_BASED,9,406,0,0,0,0,0,0,0,0.0,0.0,90.0,0.0,90.0
2530,21,400.0,15,8,3,0.15,400,REFLEX,0.1,5,0.9,3,21,REFLEX,1,401,0,0,0,0,0,0,0,0.0,0.0,10.0,0.0,10.0
2535,21,400.0,15,8,3,0.15,400,REFLEX,0.25,10,0.9,3,21,REFLEX,5,403,0,0,0,0,0,0,0,0.0,0.0,50.0,0.0,50.0
2544,21,400.0,15,8,3,0.15,400,MODEL_BASED,0.05,0,0.9,3,21,MODEL_BASED,10,392,0,0,0,0,0,0,0,0.0,0.0,100.0,0.0,100.0
2545,21,400.0,15,8,3,0.15,400,MODEL_BASED,0.05,2,0.9,3,21,MODEL_BASED,10,392,0,0,0,0,0,0,0,0.0,0.0,100.0,0.0,100.0
2519,20,400.0,15,8,3,0.15,400,GOVERNED,0.5,10,0.9,3,20,GOVERNED,0,4,392,3,318,97,97,0,0,0.0,1.0,0.0,0.0,0.0
2546,21,400.0,15,8,3,0.15,400,MODEL_BASED,0.05,5,0.9,3,21,MODEL_BASED,10,392,0,0,0,0,0,0,0,0.0,0.0,100.0,0.0,100.0
2538,21,400.0,15,8,3,0.15,400,REFLEX,0.5,5,0.9,3,21,REFLEX,11,380,0,0,0,0,0,0,0,0.0,0.0,110.0,0.0,110.0
2539,21,400.0,15,8,3,0.15,400,REFLEX,0.5,10,0.9,3,21,REFLEX,11,380,0,0,0,0,0,0,0,0.0,0.0,110.0,0.0,110.0
2542,21,400.0,15,8,3,0.15,400,MODEL_BASED,0.0,5,0.9,3,21,MODEL_BASED,9,406,0,0,0,0,0,0,0,0.0,0.0,90.0,0.0,90.0
2551,21,400.0,15,8,3,0.15,400,MODEL_BASED,0.1,10,0.9,3,21,MODEL_BASED,1,401,0,0,0,0,0,0,0,0.0,0.0,10.0,0.0,10.0
2549,21,400.0,15,8,3,0.15,400,MODEL_BASED,0.1,2,0.9,3,21,MODEL_BASED,1,401,0,0,0,0,0,0,0,0.0,0.0,10.0,0.0,10.0
2553,21,400.0,15,8,3,0.15,400,MODEL_BASED,0.25,2,0.9,3,21,MODEL_BASED,9,405,0,0,0,0,0,0,0,0.0,0.0,90.0,0.0,90.0
2552,21,400.0,15,8,3,0.15,400,MODEL_BASED,0.25,0,0.9,3,21,MODEL_BASED,9,405,0,0,0,0,0,0,0,0.0,0.0,90.0,0.0,90.0
2555,21,400.0,15,8,3,0.15,400,MODEL_BASED,0.25,10,0.9,3,21,MODEL_BASED,9,405,0,0,0,0,0,0,0,0.0,0.0,90.0,0.0,90.0
2547,21,400.0,15,8,3,0.15,400,MODEL_BASED,0.05,10,0.9,3,21,MODEL_BASED,10,392,0,0,0,0,0,0,0,0.0,0.0,100.0,0.0,100.0
2548,21,400.0,15,8,3,0.15,400,MODEL_BASED,0.1,0,0.9,3,21,MODEL_BASED,1,401,0,0,0,0,0,0,0,0.0,0.0,10.0,0.0,10.0
2550,21,400.0,15,8,3,0.15,400,MODEL_BASED,0.1,5,0.9,3,21,MODEL_BASED,1,401,0,0,0,0,0,0,0,0.0,0.0,10.0,0.0,10.0
2558,21,400.0,15,8,3,0.15,400,MODEL_BASED,0.5,5,0.9,3,21,MODEL_BASED,19,410,0,0,0,0,0,0,0,0.0,0.0,190.0,0.0,190.0
2561,21,400.0,15,8,3,0.15,400,OPEN_LOOP,0.0,2,0.9,3,21,OPEN_LOOP,12,400,0,0,0,0,0,0,0,0.0,0.0,120.0,0.0,120.0
2562,21,400.0,15,8,3,0.15,400,OPEN_LOOP,0.0,5,0.9,3,21,OPEN_LOOP,12,400,0,0,0,0,0,0,0,0.0,0.0,120.0,0.0,120.0
2559,21,400.0,15,8,3,0.15,400,MODEL_BASED,0.5,10,0.9,3,21,MODEL_BASED,19,410,0,0,0,0,0,0,0,0.0,0.0,190.0,0.0,190.0
2560,21,400.0,15,8,3,0.15,400,OPEN_LOOP,0.0,0,0.9,3,21,OPEN_LOOP,12,400,0,0,0,0,0,0,0,0.0,0.0,120.0,0.0,120.0
2557,21,400.0,15,8,3,0.15,400,MODEL_BASED,0.5,2,0.9,3,21,MODEL_BASED,19,410,0,0,0,0,0,0,0,0.0,0.0,190.0,0.0,190.0
2563,21,400.0,15,8,3,0.15,400,OPEN_LOOP,0.0,10,0.9,3,21,OPEN_LOOP,12,400,0,0,0,0,0,0,0,0.0,0.0,120.0,0.0,120.0
2554,21,400.0,15,8,3,0.15,400,MODEL_BASED,0.25,5,0.9,3,21,MODEL_BASED,9,405,0,0,0,0,0,0,0,0.0,0.0,90.0,0.0,90.0
2556,21,400.0,15,8,3,0.15,400,MODEL_BASED,0.5,0,0.9,3,21,MODEL_BASED,19,410,0,0,0,0,0,0,0,0.0,0.0,190.0,0.0,190.0
2568,21,400.0,15,8,3,0.15,400,OPEN_LOOP,0.1,0,0.9,3,21,OPEN_LOOP,12,392,0,0,0,11,10,8,0,0.09090909090909094,4.8,120.0,0.0,120.0
2567,21,400.0,15,8,3,0.15,400,OPEN_LOOP,0.05,10,0.9,3,21,OPEN_LOOP,9,396,0,0,0,6,6,4,0,0.0,5.0,90.0,0.0,90.0
2569,21,400.0,15,8,3,0.15,400,OPEN_LOOP,0.1,2,0.9,3,21,OPEN_LOOP,12,392,0,0,0,11,10,8,0,0.09090909090909094,4.8,120.0,0.0,120.0
2570,21,400.0,15,8,3,0.15,400,OPEN_LOOP,0.1,5,0.9,3,21,OPEN_LOOP,12,392,0,0,0,11,10,8,0,0.09090909090909094,4.8,120.0,0.0,120.0
2564,21,400.0,15,8,3,0.15,400,OPEN_LOOP,0.05,0,0.9,3,21,OPEN_LOOP,9,396,0,0,0,6,6,4,0,0.0,5.0,90.0,0.0,90.0
2571,21,400.0,15,8,3,0.15,400,OPEN_LOOP,0.1,10,0.9,3,21,OPEN_LOOP,12,392,0,0,0,11,10,8,0,0.09090909090909094,4.8,120.0,0.0,120.0
2572,21,400.0,15,8,3,0.15,400,OPEN_LOOP,0.25,0,0.9,3,21,OPEN_LOOP,10,392,0,0,0,11,10,8,0,0.09090909090909094,2.8,100.0,0.0,100.0
2565,21,400.0,15,8,3,0.15,400,OPEN_LOOP,0.05,2,0.9,3,21,OPEN_LOOP,9,396,0,0,0,6,6,4,0,0.0,5.0,90.0,0.0,90.0
2566,21,400.0,15,8,3,0.15,400,OPEN_LOOP,0.05,5,0.9,3,21,OPEN_LOOP,9,396,0,0,0,6,6,4,0,0.0,5.0,90.0,0.0,90.0
2573,21,400.0,15,8,3,0.15,400,OPEN_LOOP,0.25,2,0.9,3,21,OPEN_LOOP,10,392,0,0,0,11,10,8,0,0.09090909090909094,2.8,100.0,0.0,100.0
2575,21,400.0,15,8,3,0.15,400,OPEN_LOOP,0.25,10,0.9,3,21,OPEN_LOOP,10,392,0,0,0,11,10,8,0,0.09090909090909094,2.8,100.0,0.0,100.0
2582,21,400.0,15,8,3,0.15,400,COLD_RESTART,0.0,5,0.9,3,21,COLD_RESTART,12,400,0,0,0,0,0,0,0,0.0,0.0,120.0,0.0,120.0
2576,21,400.0,15,8,3,0.15,400,OPEN_LOOP,0.5,0,0.9,3,21,OPEN_LOOP,10,372,0,0,0,39,37,28,0,0.05128205128205132,1.7297297297297298,100.0,0.0,100.0
2584,21,400.0,15,8,3,0.15,400,COLD_RESTART,0.05,0,0.9,3,21,COLD_RESTART,10,398,0,1,0,3,2,2,0,0.33333333333333337,3.5,100.0,0.0,100.0
2578,21,400.0,15,8,3,0.15,400,OPEN_LOOP,0.5,5,0.9,3,21,OPEN_LOOP,10,372,0,0,0,39,37,28,0,0.05128205128205132,1.7297297297297298,100.0,0.0,100.0
2579,21,400.0,15,8,3,0.15,400,OPEN_LOOP,0.5,10,0.9,3,21,OPEN_LOOP,10,372,0,0,0,39,37,28,0,0.05128205128205132,1.7297297297297298,100.0,0.0,100.0
2580,21,400.0,15,8,3,0.15,400,COLD_RESTART,0.0,0,0.9,3,21,COLD_RESTART,12,400,0,0,0,0,0,0,0,0.0,0.0,120.0,0.0,120.0
2577,21,400.0,15,8,3,0.15,400,OPEN_LOOP,0.5,2,0.9,3,21,OPEN_LOOP,10,372,0,0,0,39,37,28,0,0.05128205128205132,1.7297297297297298,100.0,0.0,100.0
2583,21,400.0,15,8,3,0.15,400,COLD_RESTART,0.0,10,0.9,3,21,COLD_RESTART,12,400,0,0,0,0,0,0,0,0.0,0.0,120.0,0.0,120.0
2574,21,400.0,15,8,3,0.15,400,OPEN_LOOP,0.25,5,0.9,3,21,OPEN_LOOP,10,392,0,0,0,11,10,8,0,0.09090909090909094,2.8,100.0,0.0,100.0
2586,21,400.0,15,8,3,0.15,400,COLD_RESTART,0.05,5,0.9,3,21,COLD_RESTART,9,379,16,3,2,5,4,2,0,0.19999999999999996,2.25,90.0,0.0,90.0
2587,21,400.0,15,8,3,0.15,400,COLD_RESTART,0.05,10,0.9,3,21,COLD_RESTART,6,332,63,3,10,10,9,2,0,0.09999999999999998,1.5555555555555556,60.0,0.0,60.0
2590,21,400.0,15,8,3,0.15,400,COLD_RESTART,0.1,5,0.9,3,21,COLD_RESTART,8,358,34,6,4,9,9,2,0,0.0,2.888888888888889,80.0,0.0,80.0
2585,21,400.0,15,8,3,0.15,400,COLD_RESTART,0.05,2,0.9,3,21,COLD_RESTART,8,395,2,1,0,4,3,2,0,0.25,6.666666666666667,80.0,0.0,80.0
2591,21,400.0,15,8,3,0.15,400,COLD_RESTART,0.1,10,0.9,3,21,COLD_RESTART,2,351,45,2,6,7,7,1,0,0.0,1.0,20.0,0.0,20.0
2589,21,400.0,15,8,3,0.15,400,COLD_RESTART,0.1,2,0.9,3,21,COLD_RESTART,5,394,4,2,0,2,2,0,0,0.0,1.0,50.0,0.0,50.0
2581,21,400.0,15,8,3,0.15,400,COLD_RESTART,0.0,2,0.9,3,21,COLD_RESTART,12,400,0,0,0,0,0,0,0,0.0,0.0,120.0,0.0,120.0
2593,21,400.0,15,8,3,0.15,400,COLD_RESTART,0.25,2,0.9,3,21,COLD_RESTART,8,345,40,11,16,22,21,2,0,0.045454545454545414,1.2380952380952381,80.0,0.0,80.0
2588,21,400.0,15,8,3,0.15,400,COLD_RESTART,0.1,0,0.9,3,21,COLD_RESTART,5,400,0,5,1,4,4,0,0,0.0,3.25,50.0,0.0,50.0
2598,21,400.0,15,8,3,0.15,400,COLD_RESTART,0.5,5,0.9,3,21,COLD_RESTART,2,268,118,7,50,31,31,5,0,0.0,1.064516129032258,20.0,0.0,20.0
2601,21,400.0,15,8,3,0.15,400,CLOSED_LOOP,0.0,2,0.9,3,21,CLOSED_LOOP,12,400,0,0,0,0,0,0,0,0.0,0.0,120.0,0.0,120.0
2592,21,400.0,15,8,3,0.15,400,COLD_RESTART,0.25,0,0.9,3,21,COLD_RESTART,4,395,0,53,16,37,34,5,27,0.08108108108108103,2.5294117647058822,40.0,0.0,40.0
2602,21,400.0,15,8,3,0.15,400,CLOSED_LOOP,0.0,5,0.9,3,21,CLOSED_LOOP,12,400,0,0,0,0,0,0,0,0.0,0.0,120.0,0.0,120.0
2595,21,400.0,15,8,3,0.15,400,COLD_RESTART,0.25,10,0.9,3,21,COLD_RESTART,1,139,248,10,47,39,37,2,1,0.05128205128205132,1.3513513513513513,10.0,0.0,10.0
2594,21,400.0,15,8,3,0.15,400,COLD_RESTART,0.25,5,0.9,3,21,COLD_RESTART,4,341,51,6,11,13,13,2,2,0.0,1.6153846153846154,40.0,0.0,40.0
2597,21,400.0,15,8,3,0.15,400,COLD_RESTART,0.5,2,0.9,3,21,COLD_RESTART,3,213,149,34,135,57,56,4,2,0.01754385964912286,1.1785714285714286,30.0,0.0,30.0
2596,21,400.0,15,8,3,0.15,400,COLD_RESTART,0.5,0,0.9,3,21,COLD_RESTART,5,398,0,66,35,34,29,2,25,0.1470588235294118,1.3103448275862069,50.0,0.0,50.0
2604,21,400.0,15,8,3,0.15,400,CLOSED_LOOP,0.05,0,0.9,3,21,CLOSED_LOOP,10,398,0,1,0,3,2,2,0,0.33333333333333337,3.5,100.0,0.0,100.0
2603,21,400.0,15,8,3,0.15,400,CLOSED_LOOP,0.0,10,0.9,3,21,CLOSED_LOOP,12,400,0,0,0,0,0,0,0,0.0,0.0,120.0,0.0,120.0
2605,21,400.0,15,8,3,0.15,400,CLOSED_LOOP,0.05,2,0.9,3,21,CLOSED_LOOP,8,395,2,1,0,4,3,2,0,0.25,6.666666666666667,80.0,0.0,80.0
2609,21,400.0,15,8,3,0.15,400,CLOSED_LOOP,0.1,2,0.9,3,21,CLOSED_LOOP,5,394,4,2,0,2,2,0,0,0.0,1.0,50.0,0.0,50.0
2607,21,400.0,15,8,3,0.15,400,CLOSED_LOOP,0.05,10,0.9,3,21,CLOSED_LOOP,6,332,63,3,10,10,9,2,0,0.09999999999999998,1.5555555555555556,60.0,0.0,60.0
2610,21,400.0,15,8,3,0.15,400,CLOSED_LOOP,0.1,5,0.9,3,21,CLOSED_LOOP,8,358,34,6,4,9,9,2,0,0.0,2.888888888888889,80.0,0.0,80.0
2611,21,400.0,15,8,3,0.15,400,CLOSED_LOOP,0.1,10,0.9,3,21,CLOSED_LOOP,2,351,45,2,6,7,7,1,0,0.0,1.0,20.0,0.0,20.0
2599,21,400.0,15,8,3,0.15,400,COLD_RESTART,0.5,10,0.9,3,21,COLD_RESTART,4,192,197,6,70,42,41,3,0,0.023809523809523836,1.146341463414634,40.0,0.0,40.0
2613,21,400.0,15,8,3,0.15,400,CLOSED_LOOP,0.25,2,0.9,3,21,CLOSED_LOOP,8,345,40,11,16,22,21,2,0,0.045454545454545414,1.2380952380952381,80.0,0.0,80.0
2606,21,400.0,15,8,3,0.15,400,CLOSED_LOOP,0.05,5,0.9,3,21,CLOSED_LOOP,9,379,16,3,2,5,4,2,0,0.19999999999999996,2.25,90.0,0.0,90.0
2600,21,400.0,15,8,3,0.15,400,CLOSED_LOOP,0.0,0,0.9,3,21,CLOSED_LOOP,12,400,0,0,0,0,0,0,0,0.0,0.0,120.0,0.0,120.0
2608,21,400.0,15,8,3,0.15,400,CLOSED_LOOP,0.1,0,0.9,3,21,CLOSED_LOOP,5,400,0,5,1,4,4,0,0,0.0,3.25,50.0,0.0,50.0
2616,21,400.0,15,8,3,0.15,400,CLOSED_LOOP,0.5,0,0.9,3,21,CLOSED_LOOP,12,397,0,37,19,25,22,3,0,0.12,2.272727272727273,120.0,0.0,120.0
2618,21,400.0,15,8,3,0.15,400,CLOSED_LOOP,0.5,5,0.9,3,21,CLOSED_LOOP,2,268,118,7,50,31,31,5,0,0.0,1.064516129032258,20.0,0.0,20.0
2615,21,400.0,15,8,3,0.15,400,CLOSED_LOOP,0.25,10,0.9,3,21,CLOSED_LOOP,2,160,228,11,46,37,35,1,0,0.05405405405405406,1.3714285714285714,20.0,0.0,20.0
2620,21,400.0,15,8,3,0.15,400,GOVERNED,0.0,0,0.9,3,21,GOVERNED,12,400,0,0,0,0,0,0,0,0.0,0.0,120.0,0.0,120.0
2614,21,400.0,15,8,3,0.15,400,CLOSED_LOOP,0.25,5,0.9,3,21,CLOSED_LOOP,8,293,95,8,32,27,27,3,0,0.0,1.1111111111111112,80.0,0.0,80.0
2617,21,400.0,15,8,3,0.15,400,CLOSED_LOOP,0.5,2,0.9,3,21,CLOSED_LOOP,5,228,136,33,122,53,52,3,0,0.018867924528301883,1.1923076923076923,50.0,0.0,50.0
2623,21,400.0,15,8,3,0.15,400,GOVERNED,0.0,10,0.9,3,21,GOVERNED,12,400,0,0,0,0,0,0,0,0.0,0.0,120.0,0.0,120.0
2612,21,400.0,15,8,3,0.15,400,CLOSED_LOOP,0.25,0,0.9,3,21,CLOSED_LOOP,12,400,0,20,4,19,15,0,0,0.21052631578947367,2.3333333333333335,120.0,0.0,120.0
2624,21,400.0,15,8,3,0.15,400,GOVERNED,0.05,0,0.9,3,21,GOVERNED,10,398,0,1,0,3,2,2,0,0.33333333333333337,3.5,100.0,0.0,100.0
2625,21,400.0,15,8,3,0.15,400,GOVERNED,0.05,2,0.9,3,21,GOVERNED,8,395,2,1,0,4,3,2,0,0.25,6.666666666666667,80.0,0.0,80.0
2621,21,400.0,15,8,3,0.15,400,GOVERNED,0.0,2,0.9,3,21,GOVERNED,12,400,0,0,0,0,0,0,0,0.0,0.0,120.0,0.0,120.0
2627,21,400.0,15,8,3,0.15,400,GOVERNED,0.05,10,0.9,3,21,GOVERNED,6,332,63,3,10,10,9,2,0,0.09999999999999998,1.5555555555555556,60.0,0.0,60.0
2629,21,400.0,15,8,3,0.15,400,GOVERNED,0.1,2,0.9,3,21,GOVERNED,5,394,4,2,0,2,2,0,0,0.0,1.0,50.0,0.0,50.0
2628,21,400.0,15,8,3,0.15,400,GOVERNED,0.1,0,0.9,3,21,GOVERNED,5,400,0,5,1,4,4,0,0,0.0,3.25,50.0,0.0,50.0
2630,21,400.0,15,8,3,0.15,400,GOVERNED,0.1,5,0.9,3,21,GOVERNED,8,358,34,6,4,9,9,2,0,0.0,2.888888888888889,80.0,0.0,80.0
2631,21,400.0,15,8,3,0.15,400,GOVERNED,0.1,10,0.9,3,21,GOVERNED,2,351,45,2,6,7,7,1,0,0.0,1.0,20.0,0.0,20.0
2622,21,400.0,15,8,3,0.15,400,GOVERNED,0.0,5,0.9,3,21,GOVERNED,12,400,0,0,0,0,0,0,0,0.0,0.0,120.0,0.0,120.0
2626,21,400.0,15,8,3,0.15,400,GOVERNED,0.05,5,0.9,3,21,GOVERNED,9,379,16,3,2,5,4,2,0,0.19999999999999996,2.25,90.0,0.0,90.0
2634,21,400.0,15,8,3,0.15,400,GOVERNED,0.25,5,0.9,3,21,GOVERNED,8,293,95,8,32,27,27,3,0,0.0,1.1111111111111112,80.0,0.0,80.0
2633,21,400.0,15,8,3,0.15,400,GOVERNED,0.25,2,0.9,3,21,GOVERNED,8,345,40,11,16,22,21,2,0,0.045454545454545414,1.2380952380952381,80.0,0.0,80.0
2640,22,400.0,15,8,3,0.15,400,REFLEX,0.0,0,0.9,3,22,REFLEX,13,407,0,0,0,0,0,0,0,0.0,0.0,130.0,0.0,130.0
2632,21,400.0,15,8,3,0.15,400,GOVERNED,0.25,0,0.9,3,21,GOVERNED,12,400,0,20,4,19,15,0,0,0.21052631578947367,2.3333333333333335,120.0,0.0,120.0
2619,21,400.0,15,8,3,0.15,400,CLOSED_LOOP,0.5,10,0.9,3,21,CLOSED_LOOP,4,192,197,6,70,42,41,3,0,0.023809523809523836,1.146341463414634,40.0,0.0,40.0
2641,22,400.0,15,8,3,0.15,400,REFLEX,0.0,2,0.9,3,22,REFLEX,13,407,0,0,0,0,0,0,0,0.0,0.0,130.0,0.0,130.0
2643,22,400.0,15,8,3,0.15,400,REFLEX,0.0,10,0.9,3,22,REFLEX,13,407,0,0,0,0,0,0,0,0.0,0.0,130.0,0.0,130.0
2644,22,400.0,15,8,3,0.15,400,REFLEX,0.05,0,0.9,3,22,REFLEX,9,405,0,0,0,0,0,0,0,0.0,0.0,90.0,0.0,90.0
2645,22,400.0,15,8,3,0.15,400,REFLEX,0.05,2,0.9,3,22,REFLEX,9,405,0,0,0,0,0,0,0,0.0,0.0,90.0,0.0,90.0
2647,22,400.0,15,8,3,0.15,400,REFLEX,0.05,10,0.9,3,22,REFLEX,9,405,0,0,0,0,0,0,0,0.0,0.0,90.0,0.0,90.0
2648,22,400.0,15,8,3,0.15,400,REFLEX,0.1,0,0.9,3,22,REFLEX,6,403,0,0,0,0,0,0,0,0.0,0.0,60.0,0.0,60.0
2639,21,400.0,15,8,3,0.15,400,GOVERNED,0.5,10,0.9,3,21,GOVERNED,4,192,197,6,70,42,41,3,0,0.023809523809523836,1.146341463414634,40.0,0.0,40.0
2637,21,400.0,15,8,3,0.15,400,GOVERNED,0.5,2,0.9,3,21,GOVERNED,5,228,136,33,122,53,52,3,0,0.018867924528301883,1.1923076923076923,50.0,0.0,50.0
2650,22,400.0,15,8,3,0.15,400,REFLEX,0.1,5,0.9,3,22,REFLEX,6,403,0,0,0,0,0,0,0,0.0,0.0,60.0,0.0,60.0
2636,21,400.0,15,8,3,0.15,400,GOVERNED,0.5,0,0.9,3,21,GOVERNED,12,397,0,37,19,25,22,3,0,0.12,2.272727272727273,120.0,0.0,120.0
2649,22,400.0,15,8,3,0.15,400,REFLEX,0.1,2,0.9,3,22,REFLEX,6,403,0,0,0,0,0,0,0,0.0,0.0,60.0,0.0,60.0
2638,21,400.0,15,8,3,0.15,400,GOVERNED,0.5,5,0.9,3,21,GOVERNED,2,268,118,7,50,31,31,5,0,0.0,1.064516129032258,20.0,0.0,20.0
2635,21,400.0,15,8,3,0.15,400,GOVERNED,0.25,10,0.9,3,21,GOVERNED,2,160,228,11,46,37,35,1,0,0.05405405405405406,1.3714285714285714,20.0,0.0,20.0
2651,22,400.0,15,8,3,0.15,400,REFLEX,0.1,10,0.9,3,22,REFLEX,6,403,0,0,0,0,0,0,0,0.0,0.0,60.0,0.0,60.0
2646,22,400.0,15,8,3,0.15,400,REFLEX,0.05,5,0.9,3,22,REFLEX,9,405,0,0,0,0,0,0,0,0.0,0.0,90.0,0.0,90.0
2642,22,400.0,15,8,3,0.15,400,REFLEX,0.0,5,0.9,3,22,REFLEX,13,407,0,0,0,0,0,0,0,0.0,0.0,130.0,0.0,130.0
2654,22,400.0,15,8,3,0.15,400,REFLEX,0.25,5,0.9,3,22,REFLEX,5,82,0,0,0,0,0,0,0,0.0,0.0,50.0,0.0,50.0
2655,22,400.0,15,8,3,0.15,400,REFLEX,0.25,10,0.9,3,22,REFLEX,5,82,0,0,0,0,0,0,0,0.0,0.0,50.0,0.0,50.0
2656,22,400.0,15,8,3,0.15,400,REFLEX,0.5,0,0.9,3,22,REFLEX,10,222,0,0,0,0,0,0,0,0.0,0.0,100.0,0.0,100.0
2660,22,400.0,15,8,3,0.15,400,MODEL_BASED,0.0,0,0.9,3,22,MODEL_BASED,12,405,0,0,0,0,0,0,0,0.0,0.0,120.0,0.0,120.0
2661,22,400.0,15,8,3,0.15,400,MODEL_BASED,0.0,2,0.9,3,22,MODEL_BASED,12,405,0,0,0,0,0,0,0,0.0,0.0,120.0,0.0,120.0
2657,22,400.0,15,8,3,0.15,400,REFLEX,0.5,2,0.9,3,22,REFLEX,10,222,0,0,0,0,0,0,0,0.0,0.0,100.0,0.0,100.0
2659,22,400.0,15,8,3,0.15,400,REFLEX,0.5,10,0.9,3,22,REFLEX,10,222,0,0,0,0,0,0,0,0.0,0.0,100.0,0.0,100.0
2658,22,400.0,15,8,3,0.15,400,REFLEX,0.5,5,0.9,3,22,REFLEX,10,222,0,0,0,0,0,0,0,0.0,0.0,100.0,0.0,100.0
2665,22,400.0,15,8,3,0.15,400,MODEL_BASED,0.05,2,0.9,3,22,MODEL_BASED,6,403,0,0,0,0,0,0,0,0.0,0.0,60.0,0.0,60.0
2666,22,400.0,15,8,3,0.15,400,MODEL_BASED,0.05,5,0.9,3,22,MODEL_BASED,6,403,0,0,0,0,0,0,0,0.0,0.0,60.0,0.0,60.0
2668,22,400.0,15,8,3,0.15,400,MODEL_BASED,0.1,0,0.9,3,22,MODEL_BASED,6,402,0,0,0,0,0,0,0,0.0,0.0,60.0,0.0,60.0
2662,22,400.0,15,8,3,0.15,400,MODEL_BASED,0.0,5,0.9,3,22,MODEL_BASED,12,405,0,0,0,0,0,0,0,0.0,0.0,120.0,0.0,120.0
2669,22,400.0,15,8,3,0.15,400,MODEL_BASED,0.1,2,0.9,3,22,MODEL_BASED,6,402,0,0,0,0,0,0,0,0.0,0.0,60.0,0.0,60.0
2670,22,400.0,15,8,3,0.15,400,MODEL_BASED,0.1,5,0.9,3,22,MODEL_BASED,6,402,0,0,0,0,0,0,0,0.0,0.0,60.0,0.0,60.0
2671,22,400.0,15,8,3,0.15,400,MODEL_BASED,0.1,10,0.9,3,22,MODEL_BASED,6,402,0,0,0,0,0,0,0,0.0,0.0,60.0,0.0,60.0
2667,22,400.0,15,8,3,0.15,400,MODEL_BASED,0.05,10,0.9,3,22,MODEL_BASED,6,403,0,0,0,0,0,0,0,0.0,0.0,60.0,0.0,60.0
2664,22,400.0,15,8,3,0.15,400,MODEL_BASED,0.05,0,0.9,3,22,MODEL_BASED,6,403,0,0,0,0,0,0,0,0.0,0.0,60.0,0.0,60.0
2652,22,400.0,15,8,3,0.15,400,REFLEX,0.25,0,0.9,3,22,REFLEX,5,82,0,0,0,0,0,0,0,0.0,0.0,50.0,0.0,50.0
2653,22,400.0,15,8,3,0.15,400,REFLEX,0.25,2,0.9,3,22,REFLEX,5,82,0,0,0,0,0,0,0,0.0,0.0,50.0,0.0,50.0
2663,22,400.0,15,8,3,0.15,400,MODEL_BASED,0.0,10,0.9,3,22,MODEL_BASED,12,405,0,0,0,0,0,0,0,0.0,0.0,120.0,0.0,120.0
2673,22,400.0,15,8,3,0.15,400,MODEL_BASED,0.25,2,0.9,3,22,MODEL_BASED,10,404,0,0,0,0,0,0,0,0.0,0.0,100.0,0.0,100.0
2676,22,400.0,15,8,3,0.15,400,MODEL_BASED,0.5,0,0.9,3,22,MODEL_BASED,13,401,0,0,0,0,0,0,0,0.0,0.0,130.0,0.0,130.0
2677,22,400.0,15,8,3,0.15,400,MODEL_BASED,0.5,2,0.9,3,22,MODEL_BASED,13,401,0,0,0,0,0,0,0,0.0,0.0,130.0,0.0,130.0
2679,22,400.0,15,8,3,0.15,400,MODEL_BASED,0.5,10,0.9,3,22,MODEL_BASED,13,401,0,0,0,0,0,0,0,0.0,0.0,130.0,0.0,130.0
2681,22,400.0,15,8,3,0.15,400,OPEN_LOOP,0.0,2,0.9,3,22,OPEN_LOOP,10,400,0,0,0,0,0,0,0,0.0,0.0,100.0,0.0,100.0
2682,22,400.0,15,8,3,0.15,400,OPEN_LOOP,0.0,5,0.9,3,22,OPEN_LOOP,10,400,0,0,0,0,0,0,0,0.0,0.0,100.0,0.0,100.0
2675,22,400.0,15,8,3,0.15,400,MODEL_BASED,0.25,10,0.9,3,22,MODEL_BASED,10,404,0,0,0,0,0,0,0,0.0,0.0,100.0,0.0,100.0
2678,22,400.0,15,8,3,0.15,400,MODEL_BASED,0.5,5,0.9,3,22,MODEL_BASED,13,401,0,0,0,0,0,0,0,0.0,0.0,130.0,0.0,130.0
2674,22,400.0,15,8,3,0.15,400,MODEL_BASED,0.25,5,0.9,3,22,MODEL_BASED,10,404,0,0,0,0,0,0,0,0.0,0.0,100.0,0.0,100.0
2684,22,400.0,15,8,3,0.15,400,OPEN_LOOP,0.05,0,0.9,3,22,OPEN_LOOP,22,390,0,0,0,10,10,10,0,0.0,4.8,220.0,0.0,220.0
2686,22,400.0,15,8,3,0.15,400,OPEN_LOOP,0.05,5,0.9,3,22,OPEN_LOOP,22,390,0,0,0,10,10,10,0,0.0,4.8,220.0,0.0,220.0
2687,22,400.0,15,8,3,0.15,400,OPEN_LOOP,0.05,10,0.9,3,22,OPEN_LOOP,22,390,0,0,0,10,10,10,0,0.0,4.8,220.0,0.0,220.0
2680,22,400.0,15,8,3,0.15,400,OPEN_LOOP,0.0,0,0.9,3,22,OPEN_LOOP,10,400,0,0,0,0,0,0,0,0.0,0.0,100.0,0.0,100.0
2689,22,400.0,15,8,3,0.15,400,OPEN_LOOP,0.1,2,0.9,3,22,OPEN_LOOP,14,392,0,0,0,11,11,8,0,0.0,2.1818181818181817,140.0,0.0,140.0
2688,22,400.0,15,8,3,0.15,400,OPEN_LOOP,0.1,0,0.9,3,22,OPEN_LOOP,14,392,0,0,0,11,11,8,0,0.0,2.1818181818181817,140.0,0.0,140.0
2690,22,400.0,15,8,3,0.15,400,OPEN_LOOP,0.1,5,0.9,3,22,OPEN_LOOP,14,392,0,0,0,11,11,8,0,0.0,2.1818181818181817,140.0,0.0,140.0
2691,22,400.0,15,8,3,0.15,400,OPEN_LOOP,0.1,10,0.9,3,22,OPEN_LOOP,14,392,0,0,0,11,11,8,0,0.0,2.1818181818181817,140.0,0.0,140.0
2672,22,400.0,15,8,3,0.15,400,MODEL_BASED,0.25,0,0.9,3,22,MODEL_BASED,10,404,0,0,0,0,0,0,0,0.0,0.0,100.0,0.0,100.0
2683,22,400.0,15,8,3,0.15,400,OPEN_LOOP,0.0,10,0.9,3,22,OPEN_LOOP,10,400,0,0,0,0,0,0,0,0.0,0.0,100.0,0.0,100.0
2693,22,400.0,15,8,3,0.15,400,OPEN_LOOP,0.25,2,0.9,3,22,OPEN_LOOP,16,383,0,0,0,20,17,17,0,0.15000000000000002,1.2352941176470589,160.0,0.0,160.0
2694,22,400.0,15,8,3,0.15,400,OPEN_LOOP,0.25,5,0.9,3,22,OPEN_LOOP,16,383,0,0,0,20,17,17,0,0.15000000000000002,1.2352941176470589,160.0,0.0,160.0
2695,22,400.0,15,8,3,0.15,400,OPEN_LOOP,0.25,10,0.9,3,22,OPEN_LOOP,16,383,0,0,0,20,17,17,0,0.15000000000000002,1.2352941176470589,160.0,0.0,160.0
2685,22,400.0,15,8,3,0.15,400,OPEN_LOOP,0.05,2,0.9,3,22,OPEN_LOOP,22,390,0,0,0,10,10,10,0,0.0,4.8,220.0,0.0,220.0
2697,22,400.0,15,8,3,0.15,400,OPEN_LOOP,0.5,2,0.9,3,22,OPEN_LOOP,9,382,0,0,0,19,19,18,0,0.0,1.0526315789473684,90.0,0.0,90.0
2698,22,400.0,15,8,3,0.15,400,OPEN_LOOP,0.5,5,0.9,3,22,OPEN_LOOP,9,382,0,0,0,19,19,18,0,0.0,1.0526315789473684,90.0,0.0,90.0
2696,22,400.0,15,8,3,0.15,400,OPEN_LOOP,0.5,0,0.9,3,22,OPEN_LOOP,9,382,0,0,0,19,19,18,0,0.0,1.0526315789473684,90.0,0.0,90.0
2702,22,400.0,15,8,3,0.15,400,COLD_RESTART,0.0,5,0.9,3,22,COLD_RESTART,10,400,0,0,0,0,0,0,0,0.0,0.0,100.0,0.0,100.0
2703,22,400.0,15,8,3,0.15,400,COLD_RESTART,0.0,10,0.9,3,22,COLD_RESTART,10,400,0,0,0,0,0,0,0,0.0,0.0,100.0,0.0,100.0
2704,22,400.0,15,8,3,0.15,400,COLD_RESTART,0.05,0,0.9,3,22,COLD_RESTART,7,400,0,1,0,2,2,0,0,0.0,2.5,70.0,0.0,70.0
2705,22,400.0,15,8,3,0.15,400,COLD_RESTART,0.05,2,0.9,3,22,COLD_RESTART,7,397,2,1,0,2,2,0,0,0.0,2.5,70.0,0.0,70.0
2699,22,400.0,15,8,3,0.15,400,OPEN_LOOP,0.5,10,0.9,3,22,OPEN_LOOP,9,382,0,0,0,19,19,18,0,0.0,1.0526315789473684,90.0,0.0,90.0
2707,22,400.0,15,8,3,0.15,400,COLD_RESTART,0.05,10,0.9,3,22,COLD_RESTART,7,372,26,2,2,4,4,0,0,0.0,2.0,70.0,0.0,70.0
2700,22,400.0,15,8,3,0.15,400,COLD_RESTART,0.0,0,0.9,3,22,COLD_RESTART,10,400,0,0,0,0,0,0,0,0.0,0.0,100.0,0.0,100.0
2708,22,400.0,15,8,3,0.15,400,COLD_RESTART,0.1,0,0.9,3,22,COLD_RESTART,14,398,0,15,4,13,13,2,4,0.0,2.8461538461538463,140.0,0.0,140.0
2711,22,400.0,15,8,3,0.15,400,COLD_RESTART,0.1,10,0.9,3,22,COLD_RESTART,11,320,73,6,6,9,9,1,0,0.0,1.5555555555555556,110.0,0.0,110.0
2701,22,400.0,15,8,3,0.15,400,COLD_RESTART,0.0,2,0.9,3,22,COLD_RESTART,10,400,0,0,0,0,0,0,0,0.0,0.0,100.0,0.0,100.0
2712,22,400.0,15,8,3,0.15,400,COLD_RESTART,0.25,0,0.9,3,22,COLD_RESTART,8,399,0,7,3,5,5,1,0,0.0,2.6,80.0,0.0,80.0
2710,22,400.0,15,8,3,0.15,400,COLD_RESTART,0.1,5,0.9,3,22,COLD_RESTART,13,253,121,20,12,27,27,6,10,0.0,2.6666666666666665,130.0,0.0,130.0
2692,22,400.0,15,8,3,0.15,400,OPEN_LOOP,0.25,0,0.9,3,22,OPEN_LOOP,16,383,0,0,0,20,17,17,0,0.15000000000000002,1.2352941176470589,160.0,0.0,160.0
2713,22,400.0,15,8,3,0.15,400,COLD_RESTART,0.25,2,0.9,3,22,COLD_RESTART,8,332,44,16,13,27,26,7,4,0.03703703703703709,1.5769230769230769,80.0,0.0,80.0
2706,22,400.0,15,8,3,0.15,400,COLD_RESTART,0.05,5,0.9,3,22,COLD_RESTART,7,381,16,3,3,4,4,0,0,0.0,1.75,70.0,0.0,70.0
2720,22,400.0,15,8,3,0.15,400,CLOSED_LOOP,0.0,0,0.9,3,22,CLOSED_LOOP,10,400,0,0,0,0,0,0,0,0.0,0.0,100.0,0.0,100.0
2718,22,400.0,15,8,3,0.15,400,COLD_RESTART,0.5,5,0.9,3,22,COLD_RESTART,1,318,65,5,32,24,22,7,0,0.08333333333333337,1.5454545454545454,10.0,0.0,10.0
2721,22,400.0,15,8,3,0.15,400,CLOSED_LOOP,0.0,2,0.9,3,22,CLOSED_LOOP,10,400,0,0,0,0,0,0,0,0.0,0.0,100.0,0.0,100.0
2723,22,400.0,15,8,3,0.15,400,CLOSED_LOOP,0.0,10,0.9,3,22,CLOSED_LOOP,10,400,0,0,0,0,0,0,0,0.0,0.0,100.0,0.0,100.0
2722,22,400.0,15,8,3,0.15,400,CLOSED_LOOP,0.0,5,0.9,3,22,CLOSED_LOOP,10,400,0,0,0,0,0,0,0,0.0,0.0,100.0,0.0,100.0
2709,22,400.0,15,8,3,0.15,400,COLD_RESTART,0.1,2,0.9,3,22,COLD_RESTART,13,363,24,11,6,15,14,2,5,0.06666666666666665,2.0714285714285716,130.0,0.0,130.0
2725,22,400.0,15,8,3,0.15,400,CLOSED_LOOP,0.05,2,0.9,3,22,CLOSED_LOOP,7,397,2,1,0,2,2,0,0,0.0,2.5,70.0,0.0,70.0
2727,22,400.0,15,8,3,0.15,400,CLOSED_LOOP,0.05,10,0.9,3,22,CLOSED_LOOP,7,372,26,2,2,4,4,0,0,0.0,2.0,70.0,0.0,70.0
2726,22,400.0,15,8,3,0.15,400,CLOSED_LOOP,0.05,5,0.9,3,22,CLOSED_LOOP,7,381,16,3,3,4,4,0,0,0.0,1.75,70.0,0.0,70.0
2724,22,400.0,15,8,3,0.15,400,CLOSED_LOOP,0.05,0,0.9,3,22,CLOSED_LOOP,7,400,0,1,0,2,2,0,0,0.0,2.5,70.0,0.0,70.0
2715,22,400.0,15,8,3,0.15,400,COLD_RESTART,0.25,10,0.9,3,22,COLD_RESTART,0,38,337,18,78,55,55,6,3,0.0,1.0727272727272728,0.0,0.0,0.0
2729,22,400.0,15,8,3,0.15,400,CLOSED_LOOP,0.1,2,0.9,3,22,CLOSED_LOOP,13,343,39,17,9,23,22,0,0,0.04347826086956519,3.272727272727273,130.0,0.0,130.0
2716,22,400.0,15,8,3,0.15,400,COLD_RESTART,0.5,0,0.9,3,22,COLD_RESTART,11,398,0,39,16,24,23,2,10,0.04166666666666663,1.434782608695652,110.0,0.0,110.0
2717,22,400.0,15,8,3,0.15,400,COLD_RESTART,0.5,2,0.9,3,22,COLD_RESTART,2,156,188,44,140,77,76,8,7,0.012987012987012991,1.0526315789473684,20.0,0.0,20.0
2714,22,400.0,15,8,3,0.15,400,COLD_RESTART,0.25,5,0.9,3,22,COLD_RESTART,7,173,198,20,65,51,50,7,6,0.019607843137254943,1.3,70.0,0.0,70.0
2731,22,400.0,15,8,3,0.15,400,CLOSED_LOOP,0.1,10,0.9,3,22,CLOSED_LOOP,11,320,73,6,6,9,9,1,0,0.0,1.5555555555555556,110.0,0.0,110.0
2719,22,400.0,15,8,3,0.15,400,COLD_RESTART,0.5,10,0.9,3,22,COLD_RESTART,0,36,348,13,127,74,74,3,1,0.0,1.0,0.0,0.0,0.0
2732,22,400.0,15,8,3,0.15,400,CLOSED_LOOP,0.25,0,0.9,3,22,CLOSED_LOOP,8,399,0,7,3,5,5,1,0,0.0,2.6,80.0,0.0,80.0
2728,22,400.0,15,8,3,0.15,400,CLOSED_LOOP,0.1,0,0.9,3,22,CLOSED_LOOP,14,397,0,9,1,11,11,3,0,0.0,4.545454545454546,140.0,0.0,140.0
2735,22,400.0,15,8,3,0.15,400,CLOSED_LOOP,0.25,10,0.9,3,22,CLOSED_LOOP,4,82,300,14,81,55,55,2,0,0.0,1.0,40.0,0.0,40.0
2730,22,400.0,15,8,3,0.15,400,CLOSED_LOOP,0.1,5,0.9,3,22,CLOSED_LOOP,15,302,83,12,8,20,19,3,0,0.050000000000000044,2.9473684210526314,150.0,0.0,150.0
2738,22,400.0,15,8,3,0.15,400,CLOSED_LOOP,0.5,5,0.9,3,22,CLOSED_LOOP,1,318,65,5,32,24,22,7,0,0.08333333333333337,1.5454545454545454,10.0,0.0,10.0
2741,22,400.0,15,8,3,0.15,400,GOVERNED,0.0,2,0.9,3,22,GOVERNED,10,400,0,0,0,0,0,0,0,0.0,0.0,100.0,0.0,100.0
2742,22,400.0,15,8,3,0.15,400,GOVERNED,0.0,5,0.9,3,22,GOVERNED,10,400,0,0,0,0,0,0,0,0.0,0.0,100.0,0.0,100.0
2745,22,400.0,15,8,3,0.15,400,GOVERNED,0.05,2,0.9,3,22,GOVERNED,7,397,2,1,0,2,2,0,0,0.0,2.5,70.0,0.0,70.0
2746,22,400.0,15,8,3,0.15,400,GOVERNED,0.05,5,0.9,3,22,GOVERNED,7,381,16,3,3,4,4,0,0,0.0,1.75,70.0,0.0,70.0
2744,22,400.0,15,8,3,0.15,400,GOVERNED,0.05,0,0.9,3,22,GOVERNED,7,400,0,1,0,2,2,0,0,0.0,2.5,70.0,0.0,70.0
2747,22,400.0,15,8,3,0.15,400,GOVERNED,0.05,10,0.9,3,22,GOVERNED,7,372,26,2,2,4,4,0,0,0.0,2.0,70.0,0.0,70.0
2736,22,400.0,15,8,3,0.15,400,CLOSED_LOOP,0.5,0,0.9,3,22,CLOSED_LOOP,12,398,0,40,23,19,18,2,0,0.052631578947368474,1.5555555555555556,120.0,0.0,120.0
2733,22,400.0,15,8,3,0.15,400,CLOSED_LOOP,0.25,2,0.9,3,22,CLOSED_LOOP,9,350,31,13,8,20,19,5,0,0.050000000000000044,2.0,90.0,0.0,90.0
2737,22,400.0,15,8,3,0.15,400,CLOSED_LOOP,0.5,2,0.9,3,22,CLOSED_LOOP,7,205,151,35,125,63,62,6,0,0.015873015873015928,1.1451612903225807,70.0,0.0,70.0
2743,22,400.0,15,8,3,0.15,400,GOVERNED,0.0,10,0.9,3,22,GOVERNED,10,400,0,0,0,0,0,0,0,0.0,0.0,100.0,0.0,100.0
2748,22,400.0,15,8,3,0.15,400,GOVERNED,0.1,0,0.9,3,22,GOVERNED,14,397,0,9,1,11,11,3,0,0.0,4.545454545454546,140.0,0.0,140.0
2734,22,400.0,15,8,3,0.15,400,CLOSED_LOOP,0.25,5,0.9,3,22,CLOSED_LOOP,8,225,158,10,48,46,46,3,0,0.0,1.3478260869565217,80.0,0.0,80.0
2740,22,400.0,15,8,3,0.15,400,GOVERNED,0.0,0,0.9,3,22,GOVERNED,10,400,0,0,0,0,0,0,0,0.0,0.0,100.0,0.0,100.0
2752,22,400.0,15,8,3,0.15,400,GOVERNED,0.25,0,0.9,3,22,GOVERNED,8,399,0,7,3,5,5,1,0,0.0,2.6,80.0,0.0,80.0
2739,22,400.0,15,8,3,0.15,400,CLOSED_LOOP,0.5,10,0.9,3,22,CLOSED_LOOP,1,48,338,12,126,75,75,2,0,0.0,1.0,10.0,0.0,10.0
2750,22,400.0,15,8,3,0.15,400,GOVERNED,0.1,5,0.9,3,22,GOVERNED,15,302,83,12,8,20,19,3,0,0.050000000000000044,2.9473684210526314,150.0,0.0,150.0
2749,22,400.0,15,8,3,0.15,400,GOVERNED,0.1,2,0.9,3,22,GOVERNED,13,343,39,17,9,23,22,0,0,0.04347826086956519,3.272727272727273,130.0,0.0,130.0
2755,22,400.0,15,8,3,0.15,400,GOVERNED,0.25,10,0.9,3,22,GOVERNED,4,82,300,14,81,55,55,2,0,0.0,1.0,40.0,0.0,40.0
2760,23,400.0,15,8,3,0.15,400,REFLEX,0.0,0,0.9,3,23,REFLEX,5,403,0,0,0,0,0,0,0,0.0,0.0,50.0,0.0,50.0
2762,23,400.0,15,8,3,0.15,400,REFLEX,0.0,5,0.9,3,23,REFLEX,5,403,0,0,0,0,0,0,0,0.0,0.0,50.0,0.0,50.0
2751,22,400.0,15,8,3,0.15,400,GOVERNED,0.1,10,0.9,3,22,GOVERNED,11,320,73,6,6,9,9,1,0,0.0,1.5555555555555556,110.0,0.0,110.0
2758,22,400.0,15,8,3,0.15,400,GOVERNED,0.5,5,0.9,3,22,GOVERNED,1,318,65,5,32,24,22,7,0,0.08333333333333337,1.5454545454545454,10.0,0.0,10.0
2763,23,400.0,15,8,3,0.15,400,REFLEX,0.0,10,0.9,3,23,REFLEX,5,403,0,0,0,0,0,0,0,0.0,0.0,50.0,0.0,50.0
2764,23,400.0,15,8,3,0.15,400,REFLEX,0.05,0,0.9,3,23,REFLEX,5,403,0,0,0,0,0,0,0,0.0,0.0,50.0,0.0,50.0
2754,22,400.0,15,8,3,0.15,400,GOVERNED,0.25,5,0.9,3,22,GOVERNED,8,225,158,10,48,46,46,3,0,0.0,1.3478260869565217,80.0,0.0,80.0
2765,23,400.0,15,8,3,0.15,400,REFLEX,0.05,2,0.9,3,23,REFLEX,5,403,0,0,0,0,0,0,0,0.0,0.0,50.0,0.0,50.0
2753,22,400.0,15,8,3,0.15,400,GOVERNED,0.25,2,0.9,3,22,GOVERNED,9,350,31,13,8,20,19,5,0,0.050000000000000044,2.0,90.0,0.0,90.0
2766,23,400.0,15,8,3,0.15,400,REFLEX,0.05,5,0.9,3,23,REFLEX,5,403,0,0,0,0,0,0,0,0.0,0.0,50.0,0.0,50.0
2767,23,400.0,15,8,3,0.15,400,REFLEX,0.05,10,0.9,3,23,REFLEX,5,403,0,0,0,0,0,0,0,0.0,0.0,50.0,0.0,50.0
2768,23,400.0,15,8,3,0.15,400,REFLEX,0.1,0,0.9,3,23,REFLEX,0,400,0,0,0,0,0,0,0,0.0,0.0,0.0,0.0,0.0
2756,22,400.0,15,8,3,0.15,400,GOVERNED,0.5,0,0.9,3,22,GOVERNED,12,398,0,40,23,19,18,2,0,0.052631578947368474,1.5555555555555556,120.0,0.0,120.0
2757,22,400.0,15,8,3,0.15,400,GOVERNED,0.5,2,0.9,3,22,GOVERNED,7,205,151,35,125,63,62,6,0,0.015873015873015928,1.1451612903225807,70.0,0.0,70.0
2761,23,400.0,15,8,3,0.15,400,REFLEX,0.0,2,0.9,3,23,REFLEX,5,403,0,0,0,0,0,0,0,0.0,0.0,50.0,0.0,50.0
2769,23,400.0,15,8,3,0.15,400,REFLEX,0.1,2,0.9,3,23,REFLEX,0,400,0,0,0,0,0,0,0,0.0,0.0,0.0,0.0,0.0
2770,23,400.0,15,8,3,0.15,400,REFLEX,0.1,5,0.9,3,23,REFLEX,0,400,0,0,0,0,0,0,0,0.0,0.0,0.0,0.0,0.0
2759,22,400.0,15,8,3,0.15,400,GOVERNED,0.5,10,0.9,3,22,GOVERNED,1,48,338,12,126,75,75,2,0,0.0,1.0,10.0,0.0,10.0
2772,23,400.0,15,8,3,0.15,400,REFLEX,0.25,0,0.9,3,23,REFLEX,5,404,0,0,0,0,0,0,0,0.0,0.0,50.0,0.0,50.0
2774,23,400.0,15,8,3,0.15,400,REFLEX,0.25,5,0.9,3,23,REFLEX,5,404,0,0,0,0,0,0,0,0.0,0.0,50.0,0.0,50.0
2771,23,400.0,15,8,3,0.15,400,REFLEX,0.1,10,0.9,3,23,REFLEX,0,400,0,0,0,0,0,0,0,0.0,0.0,0.0,0.0,0.0
2780,23,400.0,15,8,3,0.15,400,MODEL_BASED,0.0,0,0.9,3,23,MODEL_BASED,4,402,0,0,0,0,0,0,0,0.0,0.0,40.0,0.0,40.0
2778,23,400.0,15,8,3,0.15,400,REFLEX,0.5,5,0.9,3,23,REFLEX,3,401,0,0,0,0,0,0,0,0.0,0.0,30.0,0.0,30.0
2782,23,400.0,15,8,3,0.15,400,MODEL_BASED,0.0,5,0.9,3,23,MODEL_BASED,4,402,0,0,0,0,0,0,0,0.0,0.0,40.0,0.0,40.0
2779,23,400.0,15,8,3,0.15,400,REFLEX,0.5,10,0.9,3,23,REFLEX,3,401,0,0,0,0,0,0,0,0.0,0.0,30.0,0.0,30.0
2784,23,400.0,15,8,3,0.15,400,MODEL_BASED,0.05,0,0.9,3,23,MODEL_BASED,5,403,0,0,0,0,0,0,0,0.0,0.0,50.0,0.0,50.0
2783,23,400.0,15,8,3,0.15,400,MODEL_BASED,0.0,10,0.9,3,23,MODEL_BASED,4,402,0,0,0,0,0,0,0,0.0,0.0,40.0,0.0,40.0
2773,23,400.0,15,8,3,0.15,400,REFLEX,0.25,2,0.9,3,23,REFLEX,5,404,0,0,0,0,0,0,0,0.0,0.0,50.0,0.0,50.0
2776,23,400.0,15,8,3,0.15,400,REFLEX,0.5,0,0.9,3,23,REFLEX,3,401,0,0,0,0,0,0,0,0.0,0.0,30.0,0.0,30.0
2787,23,400.0,15,8,3,0.15,400,MODEL_BASED,0.05,10,0.9,3,23,MODEL_BASED,5,403,0,0,0,0,0,0,0,0.0,0.0,50.0,0.0,50.0
2788,23,400.0,15,8,3,0.15,400,MODEL_BASED,0.1,0,0.9,3,23,MODEL_BASED,7,403,0,0,0,0,0,0,0,0.0,0.0,70.0,0.0,70.0
2789,23,400.0,15,8,3,0.15,400,MODEL_BASED,0.1,2,0.9,3,23,MODEL_BASED,7,403,0,0,0,0,0,0,0,0.0,0.0,70.0,0.0,70.0
2777,23,400.0,15,8,3,0.15,400,REFLEX,0.5,2,0.9,3,23,REFLEX,3,401,0,0,0,0,0,0,0,0.0,0.0,30.0,0.0,30.0
2781,23,400.0,15,8,3,0.15,400,MODEL_BASED,0.0,2,0.9,3,23,MODEL_BASED,4,402,0,0,0,0,0,0,0,0.0,0.0,40.0,0.0,40.0
2790,23,400.0,15,8,3,0.15,400,MODEL_BASED,0.1,5,0.9,3,23,MODEL_BASED,7,403,0,0,0,0,0,0,0,0.0,0.0,70.0,0.0,70.0
2791,23,400.0,15,8,3,0.15,400,MODEL_BASED,0.1,10,0.9,3,23,MODEL_BASED,7,403,0,0,0,0,0,0,0,0.0,0.0,70.0,0.0,70.0
2792,23,400.0,15,8,3,0.15,400,MODEL_BASED,0.25,0,0.9,3,23,MODEL_BASED,4,398,0,0,0,0,0,0,0,0.0,0.0,40.0,0.0,40.0
2786,23,400.0,15,8,3,0.15,400,MODEL_BASED,0.05,5,0.9,3,23,MODEL_BASED,5,403,0,0,0,0,0,0,0,0.0,0.0,50.0,0.0,50.0
2785,23,400.0,15,8,3,0.15,400,MODEL_BASED,0.05,2,0.9,3,23,MODEL_BASED,5,403,0,0,0,0,0,0,0,0.0,0.0,50.0,0.0,50.0
2793,23,400.0,15,8,3,0.15,400,MODEL_BASED,0.25,2,0.9,3,23,MODEL_BASED,4,398,0,0,0,0,0,0,0,0.0,0.0,40.0,0.0,40.0
2796,23,400.0,15,8,3,0.15,400,MODEL_BASED,0.5,0,0.9,3,23,MODEL_BASED,3,401,0,0,0,0,0,0,0,0.0,0.0,30.0,0.0,30.0
2797,23,400.0,15,8,3,0.15,400,MODEL_BASED,0.5,2,0.9,3,23,MODEL_BASED,3,401,0,0,0,0,0,0,0,0.0,0.0,30.0,0.0,30.0
2798,23,400.0,15,8,3,0.15,400,MODEL_BASED,0.5,5,0.9,3,23,MODEL_BASED,3,401,0,0,0,0,0,0,0,0.0,0.0,30.0,0.0,30.0
2775,23,400.0,15,8,3,0.15,400,REFLEX,0.25,10,0.9,3,23,REFLEX,5,404,0,0,0,0,0,0,0,0.0,0.0,50.0,0.0,50.0
2800,23,400.0,15,8,3,0.15,400,OPEN_LOOP,0.0,0,0.9,3,23,OPEN_LOOP,8,400,0,0,0,0,0,0,0,0.0,0.0,80.0,0.0,80.0
2801,23,400.0,15,8,3,0.15,400,OPEN_LOOP,0.0,2,0.9,3,23,OPEN_LOOP,8,400,0,0,0,0,0,0,0,0.0,0.0,80.0,0.0,80.0
2799,23,400.0,15,8,3,0.15,400,MODEL_BASED,0.5,10,0.9,3,23,MODEL_BASED,3,401,0,0,0,0,0,0,0,0.0,0.0,30.0,0.0,30.0
2794,23,400.0,15,8,3,0.15,400,MODEL_BASED,0.25,5,0.9,3,23,MODEL_BASED,4,398,0,0,0,0,0,0,0,0.0,0.0,40.0,0.0,40.0
2803,23,400.0,15,8,3,0.15,400,OPEN_LOOP,0.0,10,0.9,3,23,OPEN_LOOP,8,400,0,0,0,0,0,0,0,0.0,0.0,80.0,0.0,80.0
2804,23,400.0,15,8,3,0.15,400,OPEN_LOOP,0.05,0,0.9,3,23,OPEN_LOOP,5,398,0,0,0,3,2,2,0,0.33333333333333337,2.0,50.0,0.0,50.0
2795,23,400.0,15,8,3,0.15,400,MODEL_BASED,0.25,10,0.9,3,23,MODEL_BASED,4,398,0,0,0,0,0,0,0,0.0,0.0,40.0,0.0,40.0
2802,23,400.0,15,8,3,0.15,400,OPEN_LOOP,0.0,5,0.9,3,23,OPEN_LOOP,8,400,0,0,0,0,0,0,0,0.0,0.0,80.0,0.0,80.0
2807,23,400.0,15,8,3,0.15,400,OPEN_LOOP,0.05,10,0.9,3,23,OPEN_LOOP,5,398,0,0,0,3,2,2,0,0.33333333333333337,2.0,50.0,0.0,50.0
2805,23,400.0,15,8,3,0.15,400,OPEN_LOOP,0.05,2,0.9,3,23,OPEN_LOOP,5,398,0,0,0,3,2,2,0,0.33333333333333337,2.0,50.0,0.0,50.0
2810,23,400.0,15,8,3,0.15,400,OPEN_LOOP,0.1,5,0.9,3,23,OPEN_LOOP,4,400,0,0,0,0,0,0,0,0.0,0.0,40.0,0.0,40.0
2812,23,400.0,15,8,3,0.15,400,OPEN_LOOP,0.25,0,0.9,3,23,OPEN_LOOP,7,394,0,0,0,7,6,6,0,0.1428571428571429,1.0,70.0,0.0,70.0
2813,23,400.0,15,8,3,0.15,400,OPEN_LOOP,0.25,2,0.9,3,23,OPEN_LOOP,7,394,0,0,0,7,6,6,0,0.1428571428571429,1.0,70.0,0.0,70.0
2814,23,400.0,15,8,3,0.15,400,OPEN_LOOP,0.25,5,0.9,3,23,OPEN_LOOP,7,394,0,0,0,7,6,6,0,0.1428571428571429,1.0,70.0,0.0,70.0
2808,23,400.0,15,8,3,0.15,400,OPEN_LOOP,0.1,0,0.9,3,23,OPEN_LOOP,4,400,0,0,0,0,0,0,0,0.0,0.0,40.0,0.0,40.0
2815,23,400.0,15,8,3,0.15,400,OPEN_LOOP,0.25,10,0.9,3,23,OPEN_LOOP,7,394,0,0,0,7,6,6,0,0.1428571428571429,1.0,70.0,0.0,70.0
2809,23,400.0,15,8,3,0.15,400,OPEN_LOOP,0.1,2,0.9,3,23,OPEN_LOOP,4,400,0,0,0,0,0,0,0,0.0,0.0,40.0,0.0,40.0
2816,23,400.0,15,8,3,0.15,400,OPEN_LOOP,0.5,0,0.9,3,23,OPEN_LOOP,9,373,0,0,0,31,29,27,0,0.06451612903225812,1.6896551724137931,90.0,0.0,90.0
2811,23,400.0,15,8,3,0.15,400,OPEN_LOOP,0.1,10,0.9,3,23,OPEN_LOOP,4,400,0,0,0,0,0,0,0,0.0,0.0,40.0,0.0,40.0
2822,23,400.0,15,8,3,0.15,400,COLD_RESTART,0.0,5,0.9,3,23,COLD_RESTART,8,400,0,0,0,0,0,0,0,0.0,0.0,80.0,0.0,80.0
2821,23,400.0,15,8,3,0.15,400,COLD_RESTART,0.0,2,0.9,3,23,COLD_RESTART,8,400,0,0,0,0,0,0,0,0.0,0.0,80.0,0.0,80.0
2823,23,400.0,15,8,3,0.15,400,COLD_RESTART,0.0,10,0.9,3,23,COLD_RESTART,8,400,0,0,0,0,0,0,0,0.0,0.0,80.0,0.0,80.0
2806,23,400.0,15,8,3,0.15,400,OPEN_LOOP,0.05,5,0.9,3,23,OPEN_LOOP,5,398,0,0,0,3,2,2,0,0.33333333333333337,2.0,50.0,0.0,50.0
2824,23,400.0,15,8,3,0.15,400,COLD_RESTART,0.05,0,0.9,3,23,COLD_RESTART,7,399,0,3,0,3,3,1,0,0.0,5.333333333333333,70.0,0.0,70.0
2826,23,400.0,15,8,3,0.15,400,COLD_RESTART,0.05,5,0.9,3,23,COLD_RESTART,5,379,16,3,1,4,4,1,0,0.0,1.75,50.0,0.0,50.0
2818,23,400.0,15,8,3,0.15,400,OPEN_LOOP,0.5,5,0.9,3,23,OPEN_LOOP,9,373,0,0,0,31,29,27,0,0.06451612903225812,1.6896551724137931,90.0,0.0,90.0
2825,23,400.0,15,8,3,0.15,400,COLD_RESTART,0.05,2,0.9,3,23,COLD_RESTART,7,384,9,4,1,5,5,2,0,0.0,1.2,70.0,0.0,70.0
2828,23,400.0,15,8,3,0.15,400,COLD_RESTART,0.1,0,0.9,3,23,COLD_RESTART,4,400,0,0,0,0,0,0,0,0.0,0.0,40.0,0.0,40.0
2829,23,400.0,15,8,3,0.15,400,COLD_RESTART,0.1,2,0.9,3,23,COLD_RESTART,4,400,0,0,0,0,0,0,0,0.0,0.0,40.0,0.0,40.0
2830,23,400.0,15,8,3,0.15,400,COLD_RESTART,0.1,5,0.9,3,23,COLD_RESTART,4,400,0,0,0,0,0,0,0,0.0,0.0,40.0,0.0,40.0
2817,23,400.0,15,8,3,0.15,400,OPEN_LOOP,0.5,2,0.9,3,23,OPEN_LOOP,9,373,0,0,0,31,29,27,0,0.06451612903225812,1.6896551724137931,90.0,0.0,90.0
2819,23,400.0,15,8,3,0.15,400,OPEN_LOOP,0.5,10,0.9,3,23,OPEN_LOOP,9,373,0,0,0,31,29,27,0,0.06451612903225812,1.6896551724137931,90.0,0.0,90.0
2833,23,400.0,15,8,3,0.15,400,COLD_RESTART,0.25,2,0.9,3,23,COLD_RESTART,5,387,9,4,2,4,4,0,0,0.0,1.0,50.0,0.0,50.0
2835,23,400.0,15,8,3,0.15,400,COLD_RESTART,0.25,10,0.9,3,23,COLD_RESTART,1,244,146,5,37,31,31,3,0,0.0,1.0,10.0,0.0,10.0
2827,23,400.0,15,8,3,0.15,400,COLD_RESTART,0.05,10,0.9,3,23,COLD_RESTART,8,374,21,2,1,4,3,2,1,0.25,1.0,80.0,0.0,80.0
2820,23,400.0,15,8,3,0.15,400,COLD_RESTART,0.0,0,0.9,3,23,COLD_RESTART,8,400,0,0,0,0,0,0,0,0.0,0.0,80.0,0.0,80.0
2836,23,400.0,15,8,3,0.15,400,COLD_RESTART,0.5,0,0.9,3,23,COLD_RESTART,8,398,0,22,8,17,17,2,3,0.0,2.6470588235294117,80.0,0.0,80.0
2837,23,400.0,15,8,3,0.15,400,COLD_RESTART,0.5,2,0.9,3,23,COLD_RESTART,4,318,68,13,51,28,27,1,0,0.0357142857142857,1.0,40.0,0.0,40.0
2831,23,400.0,15,8,3,0.15,400,COLD_RESTART,0.1,10,0.9,3,23,COLD_RESTART,4,400,0,0,0,0,0,0,0,0.0,0.0,40.0,0.0,40.0
2840,23,400.0,15,8,3,0.15,400,CLOSED_LOOP,0.0,0,0.9,3,23,CLOSED_LOOP,8,400,0,0,0,0,0,0,0,0.0,0.0,80.0,0.0,80.0
2841,23,400.0,15,8,3,0.15,400,CLOSED_LOOP,0.0,2,0.9,3,23,CLOSED_LOOP,8,400,0,0,0,0,0,0,0,0.0,0.0,80.0,0.0,80.0
2838,23,400.0,15,8,3,0.15,400,COLD_RESTART,0.5,5,0.9,3,23,COLD_RESTART,1,216,169,11,90,44,44,3,3,0.0,1.2272727272727273,10.0,0.0,10.0
2834,23,400.0,15,8,3,0.15,400,COLD_RESTART,0.25,5,0.9,3,23,COLD_RESTART,5,316,75,6,27,24,23,2,0,0.04166666666666663,1.3043478260869565,50.0,0.0,50.0
2832,23,400.0,15,8,3,0.15,400,COLD_RESTART,0.25,0,0.9,3,23,COLD_RESTART,5,399,0,8,3,5,5,1,2,0.0,2.8,50.0,0.0,50.0
2844,23,400.0,15,8,3,0.15,400,CLOSED_LOOP,0.05,0,0.9,3,23,CLOSED_LOOP,7,399,0,3,0,3,3,1,0,0.0,5.333333333333333,70.0,0.0,70.0
2842,23,400.0,15,8,3,0.15,400,CLOSED_LOOP,0.0,5,0.9,3,23,CLOSED_LOOP,8,400,0,0,0,0,0,0,0,0.0,0.0,80.0,0.0,80.0
2845,23,400.0,15,8,3,0.15,400,CLOSED_LOOP,0.05,2,0.9,3,23,CLOSED_LOOP,7,384,9,4,1,5,5,2,0,0.0,1.2,70.0,0.0,70.0
2846,23,400.0,15,8,3,0.15,400,CLOSED_LOOP,0.05,5,0.9,3,23,CLOSED_LOOP,5,379,16,3,1,4,4,1,0,0.0,1.75,50.0,0.0,50.0
2849,23,400.0,15,8,3,0.15,400,CLOSED_LOOP,0.1,2,0.9,3,23,CLOSED_LOOP,4,400,0,0,0,0,0,0,0,0.0,0.0,40.0,0.0,40.0
2850,23,400.0,15,8,3,0.15,400,CLOSED_LOOP,0.1,5,0.9,3,23,CLOSED_LOOP,4,400,0,0,0,0,0,0,0,0.0,0.0,40.0,0.0,40.0
2839,23,400.0,15,8,3,0.15,400,COLD_RESTART,0.5,10,0.9,3,23,COLD_RESTART,0,192,201,4,98,52,52,1,0,0.0,1.0,0.0,0.0,0.0
2843,23,400.0,15,8,3,0.15,400,CLOSED_LOOP,0.0,10,0.9,3,23,CLOSED_LOOP,8,400,0,0,0,0,0,0,0,0.0,0.0,80.0,0.0,80.0
2847,23,400.0,15,8,3,0.15,400,CLOSED_LOOP,0.05,10,0.9,3,23,CLOSED_LOOP,6,351,43,3,4,7,7,2,0,0.0,1.0,60.0,0.0,60.0
2852,23,400.0,15,8,3,0.15,400,CLOSED_LOOP,0.25,0,0.9,3,23,CLOSED_LOOP,8,400,0,10,4,6,6,0,0,0.0,1.0,80.0,0.0,80.0
2855,23,400.0,15,8,3,0.15,400,CLOSED_LOOP,0.25,10,0.9,3,23,CLOSED_LOOP,1,244,146,5,37,31,31,3,0,0.0,1.0,10.0,0.0,10.0
2851,23,400.0,15,8,3,0.15,400,CLOSED_LOOP,0.1,10,0.9,3,23,CLOSED_LOOP,4,400,0,0,0,0,0,0,0,0.0,0.0,40.0,0.0,40.0
2856,23,400.0,15,8,3,0.15,400,CLOSED_LOOP,0.5,0,0.9,3,23,CLOSED_LOOP,9,399,0,23,8,16,16,1,0,0.0,2.0,90.0,0.0,90.0
2857,23,400.0,15,8,3,0.15,400,CLOSED_LOOP,0.5,2,0.9,3,23,CLOSED_LOOP,4,318,68,13,51,28,27,1,0,0.0357142857142857,1.0,40.0,0.0,40.0
2858,23,400.0,15,8,3,0.15,400,CLOSED_LOOP,0.5,5,0.9,3,23,CLOSED_LOOP,2,281,109,7,50,30,30,2,0,0.0,1.3666666666666667,20.0,0.0,20.0
2853,23,400.0,15,8,3,0.15,400,CLOSED_LOOP,0.25,2,0.9,3,23,CLOSED_LOOP,5,387,9,4,2,4,4,0,0,0.0,1.0,50.0,0.0,50.0
2848,23,400.0,15,8,3,0.15,400,CLOSED_LOOP,0.1,0,0.9,3,23,CLOSED_LOOP,4,400,0,0,0,0,0,0,0,0.0,0.0,40.0,0.0,40.0
2863,23,400.0,15,8,3,0.15,400,GOVERNED,0.0,10,0.9,3,23,GOVERNED,8,400,0,0,0,0,0,0,0,0.0,0.0,80.0,0.0,80.0
2862,23,400.0,15,8,3,0.15,400,GOVERNED,0.0,5,0.9,3,23,GOVERNED,8,400,0,0,0,0,0,0,0,0.0,0.0,80.0,0.0,80.0
2865,23,400.0,15,8,3,0.15,400,GOVERNED,0.05,2,0.9,3,23,GOVERNED,7,384,9,4,1,5,5,2,0,0.0,1.2,70.0,0.0,70.0
2861,23,400.0,15,8,3,0.15,400,GOVERNED,0.0,2,0.9,3,23,GOVERNED,8,400,0,0,0,0,0,0,0,0.0,0.0,80.0,0.0,80.0
2854,23,400.0,15,8,3,0.15,400,CLOSED_LOOP,0.25,5,0.9,3,23,CLOSED_LOOP,5,316,75,6,27,24,23,2,0,0.04166666666666663,1.3043478260869565,50.0,0.0,50.0
2866,23,400.0,15,8,3,0.15,400,GOVERNED,0.05,5,0.9,3,23,GOVERNED,5,379,16,3,1,4,4,1,0,0.0,1.75,50.0,0.0,50.0
2867,23,400.0,15,8,3,0.15,400,GOVERNED,0.05,10,0.9,3,23,GOVERNED,6,351,43,3,4,7,7,2,0,0.0,1.0,60.0,0.0,60.0
2869,23,400.0,15,8,3,0.15,400,GOVERNED,0.1,2,0.9,3,23,GOVERNED,4,400,0,0,0,0,0,0,0,0.0,0.0,40.0,0.0,40.0
2870,23,400.0,15,8,3,0.15,400,GOVERNED,0.1,5,0.9,3,23,GOVERNED,4,400,0,0,0,0,0,0,0,0.0,0.0,40.0,0.0,40.0
2859,23,400.0,15,8,3,0.15,400,CLOSED_LOOP,0.5,10,0.9,3,23,CLOSED_LOOP,0,192,201,4,98,52,52,1,0,0.0,1.0,0.0,0.0,0.0
2864,23,400.0,15,8,3,0.15,400,GOVERNED,0.05,0,0.9,3,23,GOVERNED,7,399,0,3,0,3,3,1,0,0.0,5.333333333333333,70.0,0.0,70.0
2872,23,400.0,15,8,3,0.15,400,GOVERNED,0.25,0,0.9,3,23,GOVERNED,8,400,0,10,4,6,6,0,0,0.0,1.0,80.0,0.0,80.0
2860,23,400.0,15,8,3,0.15,400,GOVERNED,0.0,0,0.9,3,23,GOVERNED,8,400,0,0,0,0,0,0,0,0.0,0.0,80.0,0.0,80.0
2868,23,400.0,15,8,3,0.15,400,GOVERNED,0.1,0,0.9,3,23,GOVERNED,4,400,0,0,0,0,0,0,0,0.0,0.0,40.0,0.0,40.0
2873,23,400.0,15,8,3,0.15,400,GOVERNED,0.25,2,0.9,3,23,GOVERNED,5,387,9,4,2,4,4,0,0,0.0,1.0,50.0,0.0,50.0
2871,23,400.0,15,8,3,0.15,400,GOVERNED,0.1,10,0.9,3,23,GOVERNED,4,400,0,0,0,0,0,0,0,0.0,0.0,40.0,0.0,40.0
2881,24,400.0,15,8,3,0.15,400,REFLEX,0.0,2,0.9,3,24,REFLEX,7,403,0,0,0,0,0,0,0,0.0,0.0,70.0,0.0,70.0
2880,24,400.0,15,8,3,0.15,400,REFLEX,0.0,0,0.9,3,24,REFLEX,7,403,0,0,0,0,0,0,0,0.0,0.0,70.0,0.0,70.0
2878,23,400.0,15,8,3,0.15,400,GOVERNED,0.5,5,0.9,3,23,GOVERNED,2,281,109,7,50,30,30,2,0,0.0,1.3666666666666667,20.0,0.0,20.0
2876,23,400.0,15,8,3,0.15,400,GOVERNED,0.5,0,0.9,3,23,GOVERNED,9,399,0,23,8,16,16,1,0,0.0,2.0,90.0,0.0,90.0
2884,24,400.0,15,8,3,0.15,400,REFLEX,0.05,0,0.9,3,24,REFLEX,8,404,0,0,0,0,0,0,0,0.0,0.0,80.0,0.0,80.0
2882,24,400.0,15,8,3,0.15,400,REFLEX,0.0,5,0.9,3,24,REFLEX,7,403,0,0,0,0,0,0,0,0.0,0.0,70.0,0.0,70.0
2875,23,400.0,15,8,3,0.15,400,GOVERNED,0.25,10,0.9,3,23,GOVERNED,1,244,146,5,37,31,31,3,0,0.0,1.0,10.0,0.0,10.0
2886,24,400.0,15,8,3,0.15,400,REFLEX,0.05,5,0.9,3,24,REFLEX,8,404,0,0,0,0,0,0,0,0.0,0.0,80.0,0.0,80.0
2874,23,400.0,15,8,3,0.15,400,GOVERNED,0.25,5,0.9,3,23,GOVERNED,5,316,75,6,27,24,23,2,0,0.04166666666666663,1.3043478260869565,50.0,0.0,50.0
2879,23,400.0,15,8,3,0.15,400,GOVERNED,0.5,10,0.9,3,23,GOVERNED,0,192,201,4,98,52,52,1,0,0.0,1.0,0.0,0.0,0.0
2887,24,400.0,15,8,3,0.15,400,REFLEX,0.05,10,0.9,3,24,REFLEX,8,404,0,0,0,0,0,0,0,0.0,0.0,80.0,0.0,80.0
2877,23,400.0,15,8,3,0.15,400,GOVERNED,0.5,2,0.9,3,23,GOVERNED,4,318,68,13,51,28,27,1,0,0.0357142857142857,1.0,40.0,0.0,40.0
2888,24,400.0,15,8,3,0.15,400,REFLEX,0.1,0,0.9,3,24,REFLEX,7,404,0,0,0,0,0,0,0,0.0,0.0,70.0,0.0,70.0
2889,24,400.0,15,8,3,0.15,400,REFLEX,0.1,2,0.9,3,24,REFLEX,7,404,0,0,0,0,0,0,0,0.0,0.0,70.0,0.0,70.0
2883,24,400.0,15,8,3,0.15,400,REFLEX,0.0,10,0.9,3,24,REFLEX,7,403,0,0,0,0,0,0,0,0.0,0.0,70.0,0.0,70.0
2890,24,400.0,15,8,3,0.15,400,REFLEX,0.1,5,0.9,3,24,REFLEX,7,404,0,0,0,0,0,0,0,0.0,0.0,70.0,0.0,70.0
2891,24,400.0,15,8,3,0.15,400,REFLEX,0.1,10,0.9,3,24,REFLEX,7,404,0,0,0,0,0,0,0,0.0,0.0,70.0,0.0,70.0
2885,24,400.0,15,8,3,0.15,400,REFLEX,0.05,2,0.9,3,24,REFLEX,8,404,0,0,0,0,0,0,0,0.0,0.0,80.0,0.0,80.0
2893,24,400.0,15,8,3,0.15,400,REFLEX,0.25,2,0.9,3,24,REFLEX,6,403,0,0,0,0,0,0,0,0.0,0.0,60.0,0.0,60.0
2894,24,400.0,15,8,3,0.15,400,REFLEX,0.25,5,0.9,3,24,REFLEX,6,403,0,0,0,0,0,0,0,0.0,0.0,60.0,0.0,60.0
2895,24,400.0,15,8,3,0.15,400,REFLEX,0.25,10,0.9,3,24,REFLEX,6,403,0,0,0,0,0,0,0,0.0,0.0,60.0,0.0,60.0
2901,24,400.0,15,8,3,0.15,400,MODEL_BASED,0.0,2,0.9,3,24,MODEL_BASED,6,402,0,0,0,0,0,0,0,0.0,0.0,60.0,0.0,60.0
2898,24,400.0,15,8,3,0.15,400,REFLEX,0.5,5,0.9,3,24,REFLEX,3,401,0,0,0,0,0,0,0,0.0,0.0,30.0,0.0,30.0
2902,24,400.0,15,8,3,0.15,400,MODEL_BASED,0.0,5,0.9,3,24,MODEL_BASED,6,402,0,0,0,0,0,0,0,0.0,0.0,60.0,0.0,60.0
2903,24,400.0,15,8,3,0.15,400,MODEL_BASED,0.0,10,0.9,3,24,MODEL_BASED,6,402,0,0,0,0,0,0,0,0.0,0.0,60.0,0.0,60.0
2904,24,400.0,15,8,3,0.15,400,MODEL_BASED,0.05,0,0.9,3,24,MODEL_BASED,4,402,0,0,0,0,0,0,0,0.0,0.0,40.0,0.0,40.0
2897,24,400.0,15,8,3,0.15,400,REFLEX,0.5,2,0.9,3,24,REFLEX,3,401,0,0,0,0,0,0,0,0.0,0.0,30.0,0.0,30.0
2900,24,400.0,15,8,3,0.15,400,MODEL_BASED,0.0,0,0.9,3,24,MODEL_BASED,6,402,0,0,0,0,0,0,0,0.0,0.0,60.0,0.0,60.0
2907,24,400.0,15,8,3,0.15,400,MODEL_BASED,0.05,10,0.9,3,24,MODEL_BASED,4,402,0,0,0,0,0,0,0,0.0,0.0,40.0,0.0,40.0
2908,24,400.0,15,8,3,0.15,400,MODEL_BASED,0.1,0,0.9,3,24,MODEL_BASED,10,405,0,0,0,0,0,0,0,0.0,0.0,100.0,0.0,100.0
2899,24,400.0,15,8,3,0.15,400,REFLEX,0.5,10,0.9,3,24,REFLEX,3,401,0,0,0,0,0,0,0,0.0,0.0,30.0,0.0,30.0
2905,24,400.0,15,8,3,0.15,400,MODEL_BASED,0.05,2,0.9,3,24,MODEL_BASED,4,402,0,0,0,0,0,0,0,0.0,0.0,40.0,0.0,40.0
2909,24,400.0,15,8,3,0.15,400,MODEL_BASED,0.1,2,0.9,3,24,MODEL_BASED,10,405,0,0,0,0,0,0,0,0.0,0.0,100.0,0.0,100.0
2906,24,400.0,15,8,3,0.15,400,MODEL_BASED,0.05,5,0.9,3,24,MODEL_BASED,4,402,0,0,0,0,0,0,0,0.0,0.0,40.0,0.0,40.0
2892,24,400.0,15,8,3,0.15,400,REFLEX,0.25,0,0.9,3,24,REFLEX,6,403,0,0,0,0,0,0,0,0.0,0.0,60.0,0.0,60.0
2910,24,400.0,15,8,3,0.15,400,MODEL_BASED,0.1,5,0.9,3,24,MODEL_BASED,10,405,0,0,0,0,0,0,0,0.0,0.0,100.0,0.0,100.0
2914,24,400.0,15,8,3,0.15,400,MODEL_BASED,0.25,5,0.9,3,24,MODEL_BASED,12,290,0,0,0,0,0,0,0,0.0,0.0,120.0,0.0,120.0
2896,24,400.0,15,8,3,0.15,400,REFLEX,0.5,0,0.9,3,24,REFLEX,3,401,0,0,0,0,0,0,0,0.0,0.0,30.0,0.0,30.0
2915,24,400.0,15,8,3,0.15,400,MODEL_BASED,0.25,10,0.9,3,24,MODEL_BASED,12,290,0,0,0,0,0,0,0,0.0,0.0,120.0,0.0,120.0
2912,24,400.0,15,8,3,0.15,400,MODEL_BASED,0.25,0,0.9,3,24,MODEL_BASED,12,290,0,0,0,0,0,0,0,0.0,0.0,120.0,0.0,120.0
2920,24,400.0,15,8,3,0.15,400,OPEN_LOOP,0.0,0,0.9,3,24,OPEN_LOOP,8,400,0,0,0,0,0,0,0,0.0,0.0,80.0,0.0,80.0
2916,24,400.0,15,8,3,0.15,400,MODEL_BASED,0.5,0,0.9,3,24,MODEL_BASED,15,316,0,0,0,0,0,0,0,0.0,0.0,150.0,0.0,150.0
2919,24,400.0,15,8,3,0.15,400,MODEL_BASED,0.5,10,0.9,3,24,MODEL_BASED,15,316,0,0,0,0,0,0,0,0.0,0.0,150.0,0.0,150.0
2922,24,400.0,15,8,3,0.15,400,OPEN_LOOP,0.0,5,0.9,3,24,OPEN_LOOP,8,400,0,0,0,0,0,0,0,0.0,0.0,80.0,0.0,80.0
2913,24,400.0,15,8,3,0.15,400,MODEL_BASED,0.25,2,0.9,3,24,MODEL_BASED,12,290,0,0,0,0,0,0,0,0.0,0.0,120.0,0.0,120.0
2917,24,400.0,15,8,3,0.15,400,MODEL_BASED,0.5,2,0.9,3,24,MODEL_BASED,15,316,0,0,0,0,0,0,0,0.0,0.0,150.0,0.0,150.0
2924,24,400.0,15,8,3,0.15,400,OPEN_LOOP,0.05,0,0.9,3,24,OPEN_LOOP,10,395,0,0,0,5,5,5,0,0.0,1.4,100.0,0.0,100.0
2923,24,400.0,15,8,3,0.15,400,OPEN_LOOP,0.0,10,0.9,3,24,OPEN_LOOP,8,400,0,0,0,0,0,0,0,0.0,0.0,80.0,0.0,80.0
2926,24,400.0,15,8,3,0.15,400,OPEN_LOOP,0.05,5,0.9,3,24,OPEN_LOOP,10,395,0,0,0,5,5,5,0,0.0,1.4,100.0,0.0,100.0
2921,24,400.0,15,8,3,0.15,400,OPEN_LOOP,0.0,2,0.9,3,24,OPEN_LOOP,8,400,0,0,0,0,0,0,0,0.0,0.0,80.0,0.0,80.0
2911,24,400.0,15,8,3,0.15,400,MODEL_BASED,0.1,10,0.9,3,24,MODEL_BASED,10,405,0,0,0,0,0,0,0,0.0,0.0,100.0,0.0,100.0
2918,24,400.0,15,8,3,0.15,400,MODEL_BASED,0.5,5,0.9,3,24,MODEL_BASED,15,316,0,0,0,0,0,0,0,0.0,0.0,150.0,0.0,150.0
2925,24,400.0,15,8,3,0.15,400,OPEN_LOOP,0.05,2,0.9,3,24,OPEN_LOOP,10,395,0,0,0,5,5,5,0,0.0,1.4,100.0,0.0,100.0
2929,24,400.0,15,8,3,0.15,400,OPEN_LOOP,0.1,2,0.9,3,24,OPEN_LOOP,11,392,0,0,0,8,8,8,0,0.0,3.25,110.0,0.0,110.0
2932,24,400.0,15,8,3,0.15,400,OPEN_LOOP,0.25,0,0.9,3,24,OPEN_LOOP,8,393,0,0,0,7,7,7,0,0.0,2.857142857142857,80.0,0.0,80.0
2928,24,400.0,15,8,3,0.15,400,OPEN_LOOP,0.1,0,0.9,3,24,OPEN_LOOP,11,392,0,0,0,8,8,8,0,0.0,3.25,110.0,0.0,110.0
2934,24,400.0,15,8,3,0.15,400,OPEN_LOOP,0.25,5,0.9,3,24,OPEN_LOOP,8,393,0,0,0,7,7,7,0,0.0,2.857142857142857,80.0,0.0,80.0
2935,24,400.0,15,8,3,0.15,400,OPEN_LOOP,0.25,10,0.9,3,24,OPEN_LOOP,8,393,0,0,0,7,7,7,0,0.0,2.857142857142857,80.0,0.0,80.0
2933,24,400.0,15,8,3,0.15,400,OPEN_LOOP,0.25,2,0.9,3,24,OPEN_LOOP,8,393,0,0,0,7,7,7,0,0.0,2.857142857142857,80.0,0.0,80.0
2941,24,400.0,15,8,3,0.15,400,COLD_RESTART,0.0,2,0.9,3,24,COLD_RESTART,8,400,0,0,0,0,0,0,0,0.0,0.0,80.0,0.0,80.0
2939,24,400.0,15,8,3,0.15,400,OPEN_LOOP,0.5,10,0.9,3,24,OPEN_LOOP,13,377,0,0,0,29,29,23,0,0.0,1.6896551724137931,130.0,0.0,130.0
2930,24,400.0,15,8,3,0.15,400,OPEN_LOOP,0.1,5,0.9,3,24,OPEN_LOOP,11,392,0,0,0,8,8,8,0,0.0,3.25,110.0,0.0,110.0
2942,24,400.0,15,8,3,0.15,400,COLD_RESTART,0.0,5,0.9,3,24,COLD_RESTART,8,400,0,0,0,0,0,0,0,0.0,0.0,80.0,0.0,80.0
2936,24,400.0,15,8,3,0.15,400,OPEN_LOOP,0.5,0,0.9,3,24,OPEN_LOOP,13,377,0,0,0,29,29,23,0,0.0,1.6896551724137931,130.0,0.0,130.0
2943,24,400.0,15,8,3,0.15,400,COLD_RESTART,0.0,10,0.9,3,24,COLD_RESTART,8,400,0,0,0,0,0,0,0,0.0,0.0,80.0,0.0,80.0
2937,24,400.0,15,8,3,0.15,400,OPEN_LOOP,0.5,2,0.9,3,24,OPEN_LOOP,13,377,0,0,0,29,29,23,0,0.0,1.6896551724137931,130.0,0.0,130.0
2927,24,400.0,15,8,3,0.15,400,OPEN_LOOP,0.05,10,0.9,3,24,OPEN_LOOP,10,395,0,0,0,5,5,5,0,0.0,1.4,100.0,0.0,100.0
2931,24,400.0,15,8,3,0.15,400,OPEN_LOOP,0.1,10,0.9,3,24,OPEN_LOOP,11,392,0,0,0,8,8,8,0,0.0,3.25,110.0,0.0,110.0
2944,24,400.0,15,8,3,0.15,400,COLD_RESTART,0.05,0,0.9,3,24,COLD_RESTART,8,400,0,1,0,1,1,0,0,0.0,1.0,80.0,0.0,80.0
2940,24,400.0,15,8,3,0.15,400,COLD_RESTART,0.0,0,0.9,3,24,COLD_RESTART,8,400,0,0,0,0,0,0,0,0.0,0.0,80.0,0.0,80.0
2945,24,400.0,15,8,3,0.15,400,COLD_RESTART,0.05,2,0.9,3,24,COLD_RESTART,7,395,2,1,0,3,3,2,0,0.0,5.333333333333333,70.0,0.0,70.0
2947,24,400.0,15,8,3,0.15,400,COLD_RESTART,0.05,10,0.9,3,24,COLD_RESTART,5,230,156,9,12,20,20,3,7,0.0,1.35,50.0,0.0,50.0
2949,24,400.0,15,8,3,0.15,400,COLD_RESTART,0.1,2,0.9,3,24,COLD_RESTART,9,392,3,1,1,6,4,3,1,0.33333333333333337,5.5,90.0,0.0,90.0
2948,24,400.0,15,8,3,0.15,400,COLD_RESTART,0.1,0,0.9,3,24,COLD_RESTART,13,398,0,15,0,18,17,2,7,0.05555555555555558,3.411764705882353,130.0,0.0,130.0
2951,24,400.0,15,8,3,0.15,400,COLD_RESTART,0.1,10,0.9,3,24,COLD_RESTART,9,257,128,10,9,20,19,5,3,0.050000000000000044,2.5789473684210527,90.0,0.0,90.0
2953,24,400.0,15,8,3,0.15,400,COLD_RESTART,0.25,2,0.9,3,24,COLD_RESTART,7,323,52,18,28,26,26,7,6,0.0,1.6538461538461537,70.0,0.0,70.0
2955,24,400.0,15,8,3,0.15,400,COLD_RESTART,0.25,10,0.9,3,24,COLD_RESTART,4,200,189,1,43,41,41,6,0,0.0,1.1219512195121952,40.0,0.0,40.0
2950,24,400.0,15,8,3,0.15,400,COLD_RESTART,0.1,5,0.9,3,24,COLD_RESTART,10,298,86,14,7,22,21,2,7,0.045454545454545414,3.2857142857142856,100.0,0.0,100.0
2952,24,400.0,15,8,3,0.15,400,COLD_RESTART,0.25,0,0.9,3,24,COLD_RESTART,6,396,0,21,5,17,17,4,9,0.0,2.0588235294117645,60.0,0.0,60.0
2960,24,400.0,15,8,3,0.15,400,CLOSED_LOOP,0.0,0,0.9,3,24,CLOSED_LOOP,8,400,0,0,0,0,0,0,0,0.0,0.0,80.0,0.0,80.0
2938,24,400.0,15,8,3,0.15,400,OPEN_LOOP,0.5,5,0.9,3,24,OPEN_LOOP,13,377,0,0,0,29,29,23,0,0.0,1.6896551724137931,130.0,0.0,130.0
2954,24,400.0,15,8,3,0.15,400,COLD_RESTART,0.25,5,0.9,3,24,COLD_RESTART,4,291,94,10,33,26,26,5,1,0.0,1.4230769230769231,40.0,0.0,40.0
2963,24,400.0,15,8,3,0.15,400,CLOSED_LOOP,0.0,10,0.9,3,24,CLOSED_LOOP,8,400,0,0,0,0,0,0,0,0.0,0.0,80.0,0.0,80.0
2946,24,400.0,15,8,3,0.15,400,COLD_RESTART,0.05,5,0.9,3,24,COLD_RESTART,7,311,72,14,5,16,16,2,7,0.0,2.3125,70.0,0.0,70.0
2957,24,400.0,15,8,3,0.15,400,COLD_RESTART,0.5,2,0.9,3,24,COLD_RESTART,2,137,209,48,164,84,83,4,1,0.011904761904761862,1.1325301204819278,20.0,0.0,20.0
2958,24,400.0,15,8,3,0.15,400,COLD_RESTART,0.5,5,0.9,3,24,COLD_RESTART,1,143,226,13,143,64,64,9,0,0.0,1.078125,10.0,0.0,10.0
2965,24,400.0,15,8,3,0.15,400,CLOSED_LOOP,0.05,2,0.9,3,24,CLOSED_LOOP,7,395,2,1,0,3,3,2,0,0.0,5.333333333333333,70.0,0.0,70.0
2966,24,400.0,15,8,3,0.15,400,CLOSED_LOOP,0.05,5,0.9,3,24,CLOSED_LOOP,10,376,17,3,2,6,6,3,0,0.0,2.0,100.0,0.0,100.0
2968,24,400.0,15,8,3,0.15,400,CLOSED_LOOP,0.1,0,0.9,3,24,CLOSED_LOOP,11,399,0,5,1,7,5,1,0,0.2857142857142857,1.8,110.0,0.0,110.0
2970,24,400.0,15,8,3,0.15,400,CLOSED_LOOP,0.1,5,0.9,3,24,CLOSED_LOOP,9,366,28,4,2,9,8,2,0,0.11111111111111116,2.25,90.0,0.0,90.0
2971,24,400.0,15,8,3,0.15,400,CLOSED_LOOP,0.1,10,0.9,3,24,CLOSED_LOOP,7,373,23,2,1,6,5,2,0,0.16666666666666663,2.0,70.0,0.0,70.0
2967,24,400.0,15,8,3,0.15,400,CLOSED_LOOP,0.05,10,0.9,3,24,CLOSED_LOOP,10,305,84,6,7,12,12,3,0,0.0,2.1666666666666665,100.0,0.0,100.0
2964,24,400.0,15,8,3,0.15,400,CLOSED_LOOP,0.05,0,0.9,3,24,CLOSED_LOOP,8,400,0,1,0,1,1,0,0,0.0,1.0,80.0,0.0,80.0
2969,24,400.0,15,8,3,0.15,400,CLOSED_LOOP,0.1,2,0.9,3,24,CLOSED_LOOP,14,369,18,9,2,14,13,4,0,0.0714285714285714,3.076923076923077,140.0,0.0,140.0
2956,24,400.0,15,8,3,0.15,400,COLD_RESTART,0.5,0,0.9,3,24,COLD_RESTART,8,398,0,102,53,44,44,2,26,0.0,2.0454545454545454,80.0,0.0,80.0
2962,24,400.0,15,8,3,0.15,400,CLOSED_LOOP,0.0,5,0.9,3,24,CLOSED_LOOP,8,400,0,0,0,0,0,0,0,0.0,0.0,80.0,0.0,80.0
2974,24,400.0,15,8,3,0.15,400,CLOSED_LOOP,0.25,5,0.9,3,24,CLOSED_LOOP,5,315,73,7,22,23,23,5,0,0.0,1.4782608695652173,50.0,0.0,50.0
2975,24,400.0,15,8,3,0.15,400,CLOSED_LOOP,0.25,10,0.9,3,24,CLOSED_LOOP,4,200,189,1,43,41,41,6,0,0.0,1.1219512195121952,40.0,0.0,40.0
2959,24,400.0,15,8,3,0.15,400,COLD_RESTART,0.5,10,0.9,3,24,COLD_RESTART,1,166,220,7,87,48,48,6,0,0.0,1.125,10.0,0.0,10.0
2973,24,400.0,15,8,3,0.15,400,CLOSED_LOOP,0.25,2,0.9,3,24,CLOSED_LOOP,11,359,27,9,15,15,15,5,0,0.0,1.3333333333333333,110.0,0.0,110.0
2976,24,400.0,15,8,3,0.15,400,CLOSED_LOOP,0.5,0,0.9,3,24,CLOSED_LOOP,10,399,0,29,12,18,16,1,0,0.11111111111111116,1.1875,100.0,0.0,100.0
2972,24,400.0,15,8,3,0.15,400,CLOSED_LOOP,0.25,0,0.9,3,24,CLOSED_LOOP,8,397,0,15,3,13,13,3,0,0.0,3.3076923076923075,80.0,0.0,80.0
2980,24,400.0,15,8,3,0.15,400,GOVERNED,0.0,0,0.9,3,24,GOVERNED,8,400,0,0,0,0,0,0,0,0.0,0.0,80.0,0.0,80.0
2982,24,400.0,15,8,3,0.15,400,GOVERNED,0.0,5,0.9,3,24,GOVERNED,8,400,0,0,0,0,0,0,0,0.0,0.0,80.0,0.0,80.0
2983,24,400.0,15,8,3,0.15,400,GOVERNED,0.0,10,0.9,3,24,GOVERNED,8,400,0,0,0,0,0,0,0,0.0,0.0,80.0,0.0,80.0
2979,24,400.0,15,8,3,0.15,400,CLOSED_LOOP,0.5,10,0.9,3,24,CLOSED_LOOP,1,166,220,7,87,48,48,6,0,0.0,1.125,10.0,0.0,10.0
2977,24,400.0,15,8,3,0.15,400,CLOSED_LOOP,0.5,2,0.9,3,24,CLOSED_LOOP,4,241,128,24,113,52,52,5,0,0.0,1.1730769230769231,40.0,0.0,40.0
2985,24,400.0,15,8,3,0.15,400,GOVERNED,0.05,2,0.9,3,24,GOVERNED,7,395,2,1,0,3,3,2,0,0.0,5.333333333333333,70.0,0.0,70.0
2986,24,400.0,15,8,3,0.15,400,GOVERNED,0.05,5,0.9,3,24,GOVERNED,10,376,17,3,2,6,6,3,0,0.0,2.0,100.0,0.0,100.0
2987,24,400.0,15,8,3,0.15,400,GOVERNED,0.05,10,0.9,3,24,GOVERNED,10,305,84,6,7,12,12,3,0,0.0,2.1666666666666665,100.0,0.0,100.0
2984,24,400.0,15,8,3,0.15,400,GOVERNED,0.05,0,0.9,3,24,GOVERNED,8,400,0,1,0,1,1,0,0,0.0,1.0,80.0,0.0,80.0
2988,24,400.0,15,8,3,0.15,400,GOVERNED,0.1,0,0.9,3,24,GOVERNED,11,399,0,5,1,7,5,1,0,0.2857142857142857,1.8,110.0,0.0,110.0
2981,24,400.0,15,8,3,0.15,400,GOVERNED,0.0,2,0.9,3,24,GOVERNED,8,400,0,0,0,0,0,0,0,0.0,0.0,80.0,0.0,80.0
2991,24,400.0,15,8,3,0.15,400,GOVERNED,0.1,10,0.9,3,24,GOVERNED,7,373,23,2,1,6,5,2,0,0.16666666666666663,2.0,70.0,0.0,70.0
2990,24,400.0,15,8,3,0.15,400,GOVERNED,0.1,5,0.9,3,24,GOVERNED,9,366,28,4,2,9,8,2,0,0.11111111111111116,2.25,90.0,0.0,90.0
2961,24,400.0,15,8,3,0.15,400,CLOSED_LOOP,0.0,2,0.9,3,24,CLOSED_LOOP,8,400,0,0,0,0,0,0,0,0.0,0.0,80.0,0.0,80.0
2993,24,400.0,15,8,3,0.15,400,GOVERNED,0.25,2,0.9,3,24,GOVERNED,11,359,27,9,15,15,15,5,0,0.0,1.3333333333333333,110.0,0.0,110.0
2992,24,400.0,15,8,3,0.15,400,GOVERNED,0.25,0,0.9,3,24,GOVERNED,8,397,0,15,3,13,13,3,0,0.0,3.3076923076923075,80.0,0.0,80.0
2978,24,400.0,15,8,3,0.15,400,CLOSED_LOOP,0.5,5,0.9,3,24,CLOSED_LOOP,1,143,226,13,143,64,64,9,0,0.0,1.078125,10.0,0.0,10.0
2989,24,400.0,15,8,3,0.15,400,GOVERNED,0.1,2,0.9,3,24,GOVERNED,14,369,18,9,2,14,13,4,0,0.0714285714285714,3.076923076923077,140.0,0.0,140.0
3001,25,400.0,15,8,3,0.15,400,REFLEX,0.0,2,0.9,3,25,REFLEX,2,401,0,0,0,0,0,0,0,0.0,0.0,20.0,0.0,20.0
2996,24,400.0,15,8,3,0.15,400,GOVERNED,0.5,0,0.9,3,24,GOVERNED,10,399,0,29,12,18,16,1,0,0.11111111111111116,1.1875,100.0,0.0,100.0
2994,24,400.0,15,8,3,0.15,400,GOVERNED,0.25,5,0.9,3,24,GOVERNED,5,315,73,7,22,23,23,5,0,0.0,1.4782608695652173,50.0,0.0,50.0
2997,24,400.0,15,8,3,0.15,400,GOVERNED,0.5,2,0.9,3,24,GOVERNED,4,241,128,24,113,52,52,5,0,0.0,1.1730769230769231,40.0,0.0,40.0
3002,25,400.0,15,8,3,0.15,400,REFLEX,0.0,5,0.9,3,25,REFLEX,2,401,0,0,0,0,0,0,0,0.0,0.0,20.0,0.0,20.0
2999,24,400.0,15,8,3,0.15,400,GOVERNED,0.5,10,0.9,3,24,GOVERNED,1,166,220,7,87,48,48,6,0,0.0,1.125,10.0,0.0,10.0
2998,24,400.0,15,8,3,0.15,400,GOVERNED,0.5,5,0.9,3,24,GOVERNED,1,143,226,13,143,64,64,9,0,0.0,1.078125,10.0,0.0,10.0
3005,25,400.0,15,8,3,0.15,400,REFLEX,0.05,2,0.9,3,25,REFLEX,4,403,0,0,0,0,0,0,0,0.0,0.0,40.0,0.0,40.0
3006,25,400.0,15,8,3,0.15,400,REFLEX,0.05,5,0.9,3,25,REFLEX,4,403,0,0,0,0,0,0,0,0.0,0.0,40.0,0.0,40.0
3007,25,400.0,15,8,3,0.15,400,REFLEX,0.05,10,0.9,3,25,REFLEX,4,403,0,0,0,0,0,0,0,0.0,0.0,40.0,0.0,40.0
3009,25,400.0,15,8,3,0.15,400,REFLEX,0.1,2,0.9,3,25,REFLEX,8,404,0,0,0,0,0,0,0,0.0,0.0,80.0,0.0,80.0
3008,25,400.0,15,8,3,0.15,400,REFLEX,0.1,0,0.9,3,25,REFLEX,8,404,0,0,0,0,0,0,0,0.0,0.0,80.0,0.0,80.0
3000,25,400.0,15,8,3,0.15,400,REFLEX,0.0,0,0.9,3,25,REFLEX,2,401,0,0,0,0,0,0,0,0.0,0.0,20.0,0.0,20.0
3015,25,400.0,15,8,3,0.15,400,REFLEX,0.25,10,0.9,3,25,REFLEX,4,403,0,0,0,0,0,0,0,0.0,0.0,40.0,0.0,40.0
3003,25,400.0,15,8,3,0.15,400,REFLEX,0.0,10,0.9,3,25,REFLEX,2,401,0,0,0,0,0,0,0,0.0,0.0,20.0,0.0,20.0
3016,25,400.0,15,8,3,0.15,400,REFLEX,0.5,0,0.9,3,25,REFLEX,2,401,0,0,0,0,0,0,0,0.0,0.0,20.0,0.0,20.0
3004,25,400.0,15,8,3,0.15,400,REFLEX,0.05,0,0.9,3,25,REFLEX,4,403,0,0,0,0,0,0,0,0.0,0.0,40.0,0.0,40.0
3018,25,400.0,15,8,3,0.15,400,REFLEX,0.5,5,0.9,3,25,REFLEX,2,401,0,0,0,0,0,0,0,0.0,0.0,20.0,0.0,20.0
3013,25,400.0,15,8,3,0.15,400,REFLEX,0.25,2,0.9,3,25,REFLEX,4,403,0,0,0,0,0,0,0,0.0,0.0,40.0,0.0,40.0
3021,25,400.0,15,8,3,0.15,400,MODEL_BASED,0.0,2,0.9,3,25,MODEL_BASED,2,401,0,0,0,0,0,0,0,0.0,0.0,20.0,0.0,20.0
3019,25,400.0,15,8,3,0.15,400,REFLEX,0.5,10,0.9,3,25,REFLEX,2,401,0,0,0,0,0,0,0,0.0,0.0,20.0,0.0,20.0
3020,25,400.0,15,8,3,0.15,400,MODEL_BASED,0.0,0,0.9,3,25,MODEL_BASED,2,401,0,0,0,0,0,0,0,0.0,0.0,20.0,0.0,20.0
3023,25,400.0,15,8,3,0.15,400,MODEL_BASED,0.0,10,0.9,3,25,MODEL_BASED,2,401,0,0,0,0,0,0,0,0.0,0.0,20.0,0.0,20.0
3025,25,400.0,15,8,3,0.15,400,MODEL_BASED,0.05,2,0.9,3,25,MODEL_BASED,2,401,0,0,0,0,0,0,0,0.0,0.0,20.0,0.0,20.0
2995,24,400.0,15,8,3,0.15,400,GOVERNED,0.25,10,0.9,3,24,GOVERNED,4,200,189,1,43,41,41,6,0,0.0,1.1219512195121952,40.0,0.0,40.0
3026,25,400.0,15,8,3,0.15,400,MODEL_BASED,0.05,5,0.9,3,25,MODEL_BASED,2,401,0,0,0,0,0,0,0,0.0,0.0,20.0,0.0,20.0
3022,25,400.0,15,8,3,0.15,400,MODEL_BASED,0.0,5,0.9,3,25,MODEL_BASED,2,401,0,0,0,0,0,0,0,0.0,0.0,20.0,0.0,20.0
3011,25,400.0,15,8,3,0.15,400,REFLEX,0.1,10,0.9,3,25,REFLEX,8,404,0,0,0,0,0,0,0,0.0,0.0,80.0,0.0,80.0
3028,25,400.0,15,8,3,0.15,400,MODEL_BASED,0.1,0,0.9,3,25,MODEL_BASED,5,402,0,0,0,0,0,0,0,0.0,0.0,50.0,0.0,50.0
3017,25,400.0,15,8,3,0.15,400,REFLEX,0.5,2,0.9,3,25,REFLEX,2,401,0,0,0,0,0,0,0,0.0,0.0,20.0,0.0,20.0
3012,25,400.0,15,8,3,0.15,400,REFLEX,0.25,0,0.9,3,25,REFLEX,4,403,0,0,0,0,0,0,0,0.0,0.0,40.0,0.0,40.0
3030,25,400.0,15,8,3,0.15,400,MODEL_BASED,0.1,5,0.9,3,25,MODEL_BASED,5,402,0,0,0,0,0,0,0,0.0,0.0,50.0,0.0,50.0
3032,25,400.0,15,8,3,0.15,400,MODEL_BASED,0.25,0,0.9,3,25,MODEL_BASED,4,403,0,0,0,0,0,0,0,0.0,0.0,40.0,0.0,40.0
3033,25,400.0,15,8,3,0.15,400,MODEL_BASED,0.25,2,0.9,3,25,MODEL_BASED,4,403,0,0,0,0,0,0,0,0.0,0.0,40.0,0.0,40.0
3010,25,400.0,15,8,3,0.15,400,REFLEX,0.1,5,0.9,3,25,REFLEX,8,404,0,0,0,0,0,0,0,0.0,0.0,80.0,0.0,80.0
3031,25,400.0,15,8,3,0.15,400,MODEL_BASED,0.1,10,0.9,3,25,MODEL_BASED,5,402,0,0,0,0,0,0,0,0.0,0.0,50.0,0.0,50.0
3014,25,400.0,15,8,3,0.15,400,REFLEX,0.25,5,0.9,3,25,REFLEX,4,403,0,0,0,0,0,0,0,0.0,0.0,40.0,0.0,40.0
3036,25,400.0,15,8,3,0.15,400,MODEL_BASED,0.5,0,0.9,3,25,MODEL_BASED,5,402,0,0,0,0,0,0,0,0.0,0.0,50.0,0.0,50.0
3034,25,400.0,15,8,3,0.15,400,MODEL_BASED,0.25,5,0.9,3,25,MODEL_BASED,4,403,0,0,0,0,0,0,0,0.0,0.0,40.0,0.0,40.0
3038,25,400.0,15,8,3,0.15,400,MODEL_BASED,0.5,5,0.9,3,25,MODEL_BASED,5,402,0,0,0,0,0,0,0,0.0,0.0,50.0,0.0,50.0
3039,25,400.0,15,8,3,0.15,400,MODEL_BASED,0.5,10,0.9,3,25,MODEL_BASED,5,402,0,0,0,0,0,0,0,0.0,0.0,50.0,0.0,50.0
3040,25,400.0,15,8,3,0.15,400,OPEN_LOOP,0.0,0,0.9,3,25,OPEN_LOOP,7,400,0,0,0,0,0,0,0,0.0,0.0,70.0,0.0,70.0
3035,25,400.0,15,8,3,0.15,400,MODEL_BASED,0.25,10,0.9,3,25,MODEL_BASED,4,403,0,0,0,0,0,0,0,0.0,0.0,40.0,0.0,40.0
3041,25,400.0,15,8,3,0.15,400,OPEN_LOOP,0.0,2,0.9,3,25,OPEN_LOOP,7,400,0,0,0,0,0,0,0,0.0,0.0,70.0,0.0,70.0
3037,25,400.0,15,8,3,0.15,400,MODEL_BASED,0.5,2,0.9,3,25,MODEL_BASED,5,402,0,0,0,0,0,0,0,0.0,0.0,50.0,0.0,50.0
3024,25,400.0,15,8,3,0.15,400,MODEL_BASED,0.05,0,0.9,3,25,MODEL_BASED,2,401,0,0,0,0,0,0,0,0.0,0.0,20.0,0.0,20.0
3029,25,400.0,15,8,3,0.15,400,MODEL_BASED,0.1,2,0.9,3,25,MODEL_BASED,5,402,0,0,0,0,0,0,0,0.0,0.0,50.0,0.0,50.0
3045,25,400.0,15,8,3,0.15,400,OPEN_LOOP,0.05,2,0.9,3,25,OPEN_LOOP,10,396,0,0,0,5,4,4,0,0.19999999999999996,3.0,100.0,0.0,100.0
3043,25,400.0,15,8,3,0.15,400,OPEN_LOOP,0.0,10,0.9,3,25,OPEN_LOOP,7,400,0,0,0,0,0,0,0,0.0,0.0,70.0,0.0,70.0
3046,25,400.0,15,8,3,0.15,400,OPEN_LOOP,0.05,5,0.9,3,25,OPEN_LOOP,10,396,0,0,0,5,4,4,0,0.19999999999999996,3.0,100.0,0.0,100.0
3047,25,400.0,15,8,3,0.15,400,OPEN_LOOP,0.05,10,0.9,3,25,OPEN_LOOP,10,396,0,0,0,5,4,4,0,0.19999999999999996,3.0,100.0,0.0,100.0
3049,25,400.0,15,8,3,0.15,400,OPEN_LOOP,0.1,2,0.9,3,25,OPEN_LOOP,17,388,0,0,0,17,17,12,0,0.0,3.4705882352941178,170.0,0.0,170.0
3042,25,400.0,15,8,3,0.15,400,OPEN_LOOP,0.0,5,0.9,3,25,OPEN_LOOP,7,400,0,0,0,0,0,0,0,0.0,0.0,70.0,0.0,70.0
3051,25,400.0,15,8,3,0.15,400,OPEN_LOOP,0.1,10,0.9,3,25,OPEN_LOOP,17,388,0,0,0,17,17,12,0,0.0,3.4705882352941178,170.0,0.0,170.0
3044,25,400.0,15,8,3,0.15,400,OPEN_LOOP,0.05,0,0.9,3,25,OPEN_LOOP,10,396,0,0,0,5,4,4,0,0.19999999999999996,3.0,100.0,0.0,100.0
3056,25,400.0,15,8,3,0.15,400,OPEN_LOOP,0.5,0,0.9,3,25,OPEN_LOOP,17,377,0,0,0,28,28,23,0,0.0,1.6071428571428572,170.0,0.0,170.0
3050,25,400.0,15,8,3,0.15,400,OPEN_LOOP,0.1,5,0.9,3,25,OPEN_LOOP,17,388,0,0,0,17,17,12,0,0.0,3.4705882352941178,170.0,0.0,170.0
3055,25,400.0,15,8,3,0.15,400,OPEN_LOOP,0.25,10,0.9,3,25,OPEN_LOOP,22,373,0,0,0,36,34,27,0,0.05555555555555558,2.823529411764706,220.0,0.0,220.0
3057,25,400.0,15,8,3,0.15,400,OPEN_LOOP,0.5,2,0.9,3,25,OPEN_LOOP,17,377,0,0,0,28,28,23,0,0.0,1.6071428571428572,170.0,0.0,170.0
3053,25,400.0,15,8,3,0.15,400,OPEN_LOOP,0.25,2,0.9,3,25,OPEN_LOOP,22,373,0,0,0,36,34,27,0,0.05555555555555558,2.823529411764706,220.0,0.0,220.0
3054,25,400.0,15,8,3,0.15,400,OPEN_LOOP,0.25,5,0.9,3,25,OPEN_LOOP,22,373,0,0,0,36,34,27,0,0.05555555555555558,2.823529411764706,220.0,0.0,220.0
3052,25,400.0,15,8,3,0.15,400,OPEN_LOOP,0.25,0,0.9,3,25,OPEN_LOOP,22,373,0,0,0,36,34,27,0,0.05555555555555558,2.823529411764706,220.0,0.0,220.0
3061,25,400.0,15,8,3,0.15,400,COLD_RESTART,0.0,2,0.9,3,25,COLD_RESTART,7,400,0,0,0,0,0,0,0,0.0,0.0,70.0,0.0,70.0
3062,25,400.0,15,8,3,0.15,400,COLD_RESTART,0.0,5,0.9,3,25,COLD_RESTART,7,400,0,0,0,0,0,0,0,0.0,0.0,70.0,0.0,70.0
3064,25,400.0,15,8,3,0.15,400,COLD_RESTART,0.05,0,0.9,3,25,COLD_RESTART,8,400,0,1,0,2,1,0,0,0.5,6.0,80.0,0.0,80.0
3065,25,400.0,15,8,3,0.15,400,COLD_RESTART,0.05,2,0.9,3,25,COLD_RESTART,7,393,4,2,0,4,4,0,0,0.0,2.75,70.0,0.0,70.0
3058,25,400.0,15,8,3,0.15,400,OPEN_LOOP,0.5,5,0.9,3,25,OPEN_LOOP,17,377,0,0,0,28,28,23,0,0.0,1.6071428571428572,170.0,0.0,170.0
3048,25,400.0,15,8,3,0.15,400,OPEN_LOOP,0.1,0,0.9,3,25,OPEN_LOOP,17,388,0,0,0,17,17,12,0,0.0,3.4705882352941178,170.0,0.0,170.0
3060,25,400.0,15,8,3,0.15,400,COLD_RESTART,0.0,0,0.9,3,25,COLD_RESTART,7,400,0,0,0,0,0,0,0,0.0,0.0,70.0,0.0,70.0
3063,25,400.0,15,8,3,0.15,400,COLD_RESTART,0.0,10,0.9,3,25,COLD_RESTART,7,400,0,0,0,0,0,0,0,0.0,0.0,70.0,0.0,70.0
3067,25,400.0,15,8,3,0.15,400,COLD_RESTART,0.05,10,0.9,3,25,COLD_RESTART,6,377,20,2,0,3,3,1,0,0.0,2.6666666666666665,60.0,0.0,60.0
3066,25,400.0,15,8,3,0.15,400,COLD_RESTART,0.05,5,0.9,3,25,COLD_RESTART,6,382,15,3,1,3,3,0,0,0.0,2.6666666666666665,60.0,0.0,60.0
3068,25,400.0,15,8,3,0.15,400,COLD_RESTART,0.1,0,0.9,3,25,COLD_RESTART,7,400,0,7,1,6,6,0,2,0.0,3.6666666666666665,70.0,0.0,70.0
3071,25,400.0,15,8,3,0.15,400,COLD_RESTART,0.1,10,0.9,3,25,COLD_RESTART,6,336,58,3,5,10,10,1,1,0.0,2.0,60.0,0.0,60.0
3070,25,400.0,15,8,3,0.15,400,COLD_RESTART,0.1,5,0.9,3,25,COLD_RESTART,8,272,109,16,17,23,23,3,9,0.0,2.260869565217391,80.0,0.0,80.0
3069,25,400.0,15,8,3,0.15,400,COLD_RESTART,0.1,2,0.9,3,25,COLD_RESTART,10,359,28,12,6,15,14,1,4,0.06666666666666665,1.6428571428571428,100.0,0.0,100.0
3059,25,400.0,15,8,3,0.15,400,OPEN_LOOP,0.5,10,0.9,3,25,OPEN_LOOP,17,377,0,0,0,28,28,23,0,0.0,1.6071428571428572,170.0,0.0,170.0
3074,25,400.0,15,8,3,0.15,400,COLD_RESTART,0.25,5,0.9,3,25,COLD_RESTART,6,281,102,8,25,28,28,5,1,0.0,1.3214285714285714,60.0,0.0,60.0
3027,25,400.0,15,8,3,0.15,400,MODEL_BASED,0.05,10,0.9,3,25,MODEL_BASED,2,401,0,0,0,0,0,0,0,0.0,0.0,20.0,0.0,20.0
3075,25,400.0,15,8,3,0.15,400,COLD_RESTART,0.25,10,0.9,3,25,COLD_RESTART,8,357,36,2,7,11,11,2,0,0.0,1.9090909090909092,80.0,0.0,80.0
3080,25,400.0,15,8,3,0.15,400,CLOSED_LOOP,0.0,0,0.9,3,25,CLOSED_LOOP,7,400,0,0,0,0,0,0,0,0.0,0.0,70.0,0.0,70.0
3081,25,400.0,15,8,3,0.15,400,CLOSED_LOOP,0.0,2,0.9,3,25,CLOSED_LOOP,7,400,0,0,0,0,0,0,0,0.0,0.0,70.0,0.0,70.0
3078,25,400.0,15,8,3,0.15,400,COLD_RESTART,0.5,5,0.9,3,25,COLD_RESTART,3,99,280,10,184,74,73,5,0,0.013513513513513487,1.0273972602739727,30.0,0.0,30.0
3082,25,400.0,15,8,3,0.15,400,CLOSED_LOOP,0.0,5,0.9,3,25,CLOSED_LOOP,7,400,0,0,0,0,0,0,0,0.0,0.0,70.0,0.0,70.0
3083,25,400.0,15,8,3,0.15,400,CLOSED_LOOP,0.0,10,0.9,3,25,CLOSED_LOOP,7,400,0,0,0,0,0,0,0,0.0,0.0,70.0,0.0,70.0
3079,25,400.0,15,8,3,0.15,400,COLD_RESTART,0.5,10,0.9,3,25,COLD_RESTART,1,27,360,11,143,75,75,0,0,0.0,1.0,10.0,0.0,10.0
3085,25,400.0,15,8,3,0.15,400,CLOSED_LOOP,0.05,2,0.9,3,25,CLOSED_LOOP,7,393,4,2,0,4,4,0,0,0.0,2.75,70.0,0.0,70.0
3086,25,400.0,15,8,3,0.15,400,CLOSED_LOOP,0.05,5,0.9,3,25,CLOSED_LOOP,6,382,15,3,1,3,3,0,0,0.0,2.6666666666666665,60.0,0.0,60.0
3073,25,400.0,15,8,3,0.15,400,COLD_RESTART,0.25,2,0.9,3,25,COLD_RESTART,3,364,24,7,15,12,12,2,0,0.0,1.3333333333333333,30.0,0.0,30.0
3084,25,400.0,15,8,3,0.15,400,CLOSED_LOOP,0.05,0,0.9,3,25,CLOSED_LOOP,8,400,0,1,0,2,1,0,0,0.5,6.0,80.0,0.0,80.0
3088,25,400.0,15,8,3,0.15,400,CLOSED_LOOP,0.1,0,0.9,3,25,CLOSED_LOOP,6,399,0,5,0,6,6,1,0,0.0,1.8333333333333333,60.0,0.0,60.0
3072,25,400.0,15,8,3,0.15,400,COLD_RESTART,0.25,0,0.9,3,25,COLD_RESTART,9,399,0,43,9,34,32,1,22,0.05882352941176472,2.71875,90.0,0.0,90.0
3077,25,400.0,15,8,3,0.15,400,COLD_RESTART,0.5,2,0.9,3,25,COLD_RESTART,4,205,154,32,124,66,63,5,1,0.045454545454545414,1.1428571428571428,40.0,0.0,40.0
3076,25,400.0,15,8,3,0.15,400,COLD_RESTART,0.5,0,0.9,3,25,COLD_RESTART,7,399,0,45,24,23,23,1,12,0.0,1.4782608695652173,70.0,0.0,70.0
3091,25,400.0,15,8,3,0.15,400,CLOSED_LOOP,0.1,10,0.9,3,25,CLOSED_LOOP,7,324,69,5,4,11,10,1,0,0.09090909090909094,2.8,70.0,0.0,70.0
3087,25,400.0,15,8,3,0.15,400,CLOSED_LOOP,0.05,10,0.9,3,25,CLOSED_LOOP,6,377,20,2,0,3,3,1,0,0.0,2.6666666666666665,60.0,0.0,60.0
3093,25,400.0,15,8,3,0.15,400,CLOSED_LOOP,0.25,2,0.9,3,25,CLOSED_LOOP,3,364,24,7,15,12,12,2,0,0.0,1.3333333333333333,30.0,0.0,30.0
3095,25,400.0,15,8,3,0.15,400,CLOSED_LOOP,0.25,10,0.9,3,25,CLOSED_LOOP,8,357,36,2,7,11,11,2,0,0.0,1.9090909090909092,80.0,0.0,80.0
3096,25,400.0,15,8,3,0.15,400,CLOSED_LOOP,0.5,0,0.9,3,25,CLOSED_LOOP,10,399,0,20,9,13,13,1,0,0.0,1.8461538461538463,100.0,0.0,100.0
3089,25,400.0,15,8,3,0.15,400,CLOSED_LOOP,0.1,2,0.9,3,25,CLOSED_LOOP,7,391,6,2,1,5,5,1,0,0.0,5.8,70.0,0.0,70.0
3092,25,400.0,15,8,3,0.15,400,CLOSED_LOOP,0.25,0,0.9,3,25,CLOSED_LOOP,6,398,0,9,3,9,8,2,0,0.11111111111111116,3.5,60.0,0.0,60.0
3094,25,400.0,15,8,3,0.15,400,CLOSED_LOOP,0.25,5,0.9,3,25,CLOSED_LOOP,4,237,142,17,39,37,34,2,0,0.08108108108108103,1.4411764705882353,40.0,0.0,40.0
3090,25,400.0,15,8,3,0.15,400,CLOSED_LOOP,0.1,5,0.9,3,25,CLOSED_LOOP,11,338,49,9,7,15,14,4,0,0.06666666666666665,2.642857142857143,110.0,0.0,110.0
3100,25,400.0,15,8,3,0.15,400,GOVERNED,0.0,0,0.9,3,25,GOVERNED,7,400,0,0,0,0,0,0,0,0.0,0.0,70.0,0.0,70.0
3101,25,400.0,15,8,3,0.15,400,GOVERNED,0.0,2,0.9,3,25,GOVERNED,7,400,0,0,0,0,0,0,0,0.0,0.0,70.0,0.0,70.0
3107,25,400.0,15,8,3,0.15,400,GOVERNED,0.05,10,0.9,3,25,GOVERNED,6,377,20,2,0,3,3,1,0,0.0,2.6666666666666665,60.0,0.0,60.0
3104,25,400.0,15,8,3,0.15,400,GOVERNED,0.05,0,0.9,3,25,GOVERNED,8,400,0,1,0,2,1,0,0,0.5,6.0,80.0,0.0,80.0
3108,25,400.0,15,8,3,0.15,400,GOVERNED,0.1,0,0.9,3,25,GOVERNED,6,399,0,5,0,6,6,1,0,0.0,1.8333333333333333,60.0,0.0,60.0
3105,25,400.0,15,8,3,0.15,400,GOVERNED,0.05,2,0.9,3,25,GOVERNED,7,393,4,2,0,4,4,0,0,0.0,2.75,70.0,0.0,70.0
3106,25,400.0,15,8,3,0.15,400,GOVERNED,0.05,5,0.9,3,25,GOVERNED,6,382,15,3,1,3,3,0,0,0.0,2.6666666666666665,60.0,0.0,60.0
3097,25,400.0,15,8,3,0.15,400,CLOSED_LOOP,0.5,2,0.9,3,25,CLOSED_LOOP,4,230,128,32,85,59,55,5,0,0.06779661016949157,1.2545454545454546,40.0,0.0,40.0
3110,25,400.0,15,8,3,0.15,400,GOVERNED,0.1,5,0.9,3,25,GOVERNED,11,338,49,9,7,15,14,4,0,0.06666666666666665,2.642857142857143,110.0,0.0,110.0
3103,25,400.0,15,8,3,0.15,400,GOVERNED,0.0,10,0.9,3,25,GOVERNED,7,400,0,0,0,0,0,0,0,0.0,0.0,70.0,0.0,70.0
3099,25,400.0,15,8,3,0.15,400,CLOSED_LOOP,0.5,10,0.9,3,25,CLOSED_LOOP,1,27,360,11,143,75,75,0,0,0.0,1.0,10.0,0.0,10.0
3113,25,400.0,15,8,3,0.15,400,GOVERNED,0.25,2,0.9,3,25,GOVERNED,3,364,24,7,15,12,12,2,0,0.0,1.3333333333333333,30.0,0.0,30.0
3109,25,400.0,15,8,3,0.15,400,GOVERNED,0.1,2,0.9,3,25,GOVERNED,7,391,6,2,1,5,5,1,0,0.0,5.8,70.0,0.0,70.0
3098,25,400.0,15,8,3,0.15,400,CLOSED_LOOP,0.5,5,0.9,3,25,CLOSED_LOOP,3,99,280,10,184,74,73,5,0,0.013513513513513487,1.0273972602739727,30.0,0.0,30.0
3112,25,400.0,15,8,3,0.15,400,GOVERNED,0.25,0,0.9,3,25,GOVERNED,6,398,0,9,3,9,8,2,0,0.11111111111111116,3.5,60.0,0.0,60.0
3111,25,400.0,15,8,3,0.15,400,GOVERNED,0.1,10,0.9,3,25,GOVERNED,7,324,69,5,4,11,10,1,0,0.09090909090909094,2.8,70.0,0.0,70.0
3102,25,400.0,15,8,3,0.15,400,GOVERNED,0.0,5,0.9,3,25,GOVERNED,7,400,0,0,0,0,0,0,0,0.0,0.0,70.0,0.0,70.0
3116,25,400.0,15,8,3,0.15,400,GOVERNED,0.5,0,0.9,3,25,GOVERNED,10,399,0,20,9,13,13,1,0,0.0,1.8461538461538463,100.0,0.0,100.0
3120,26,400.0,15,8,3,0.15,400,REFLEX,0.0,0,0.9,3,26,REFLEX,2,402,0,0,0,0,0,0,0,0.0,0.0,20.0,0.0,20.0
3114,25,400.0,15,8,3,0.15,400,GOVERNED,0.25,5,0.9,3,25,GOVERNED,4,237,142,17,39,37,34,2,0,0.08108108108108103,1.4411764705882353,40.0,0.0,40.0
3118,25,400.0,15,8,3,0.15,400,GOVERNED,0.5,5,0.9,3,25,GOVERNED,3,99,280,10,184,74,73,5,0,0.013513513513513487,1.0273972602739727,30.0,0.0,30.0
3126,26,400.0,15,8,3,0.15,400,REFLEX,0.05,5,0.9,3,26,REFLEX,0,400,0,0,0,0,0,0,0,0.0,0.0,0.0,0.0,0.0
3127,26,400.0,15,8,3,0.15,400,REFLEX,0.05,10,0.9,3,26,REFLEX,0,400,0,0,0,0,0,0,0,0.0,0.0,0.0,0.0,0.0
3119,25,400.0,15,8,3,0.15,400,GOVERNED,0.5,10,0.9,3,25,GOVERNED,1,27,360,11,143,75,75,0,0,0.0,1.0,10.0,0.0,10.0
3117,25,400.0,15,8,3,0.15,400,GOVERNED,0.5,2,0.9,3,25,GOVERNED,4,230,128,32,85,59,55,5,0,0.06779661016949157,1.2545454545454546,40.0,0.0,40.0
3122,26,400.0,15,8,3,0.15,400,REFLEX,0.0,5,0.9,3,26,REFLEX,2,402,0,0,0,0,0,0,0,0.0,0.0,20.0,0.0,20.0
3121,26,400.0,15,8,3,0.15,400,REFLEX,0.0,2,0.9,3,26,REFLEX,2,402,0,0,0,0,0,0,0,0.0,0.0,20.0,0.0,20.0
3128,26,400.0,15,8,3,0.15,400,REFLEX,0.1,0,0.9,3,26,REFLEX,2,402,0,0,0,0,0,0,0,0.0,0.0,20.0,0.0,20.0
3124,26,400.0,15,8,3,0.15,400,REFLEX,0.05,0,0.9,3,26,REFLEX,0,400,0,0,0,0,0,0,0,0.0,0.0,0.0,0.0,0.0
3115,25,400.0,15,8,3,0.15,400,GOVERNED,0.25,10,0.9,3,25,GOVERNED,8,357,36,2,7,11,11,2,0,0.0,1.9090909090909092,80.0,0.0,80.0
3129,26,400.0,15,8,3,0.15,400,REFLEX,0.1,2,0.9,3,26,REFLEX,2,402,0,0,0,0,0,0,0,0.0,0.0,20.0,0.0,20.0
3125,26,400.0,15,8,3,0.15,400,REFLEX,0.05,2,0.9,3,26,REFLEX,0,400,0,0,0,0,0,0,0,0.0,0.0,0.0,0.0,0.0
3131,26,400.0,15,8,3,0.15,400,REFLEX,0.1,10,0.9,3,26,REFLEX,2,402,0,0,0,0,0,0,0,0.0,0.0,20.0,0.0,20.0
3132,26,400.0,15,8,3,0.15,400,REFLEX,0.25,0,0.9,3,26,REFLEX,1,401,0,0,0,0,0,0,0,0.0,0.0,10.0,0.0,10.0
3123,26,400.0,15,8,3,0.15,400,REFLEX,0.0,10,0.9,3,26,REFLEX,2,402,0,0,0,0,0,0,0,0.0,0.0,20.0,0.0,20.0
3133,26,400.0,15,8,3,0.15,400,REFLEX,0.25,2,0.9,3,26,REFLEX,1,401,0,0,0,0,0,0,0,0.0,0.0,10.0,0.0,10.0
3130,26,400.0,15,8,3,0.15,400,REFLEX,0.1,5,0.9,3,26,REFLEX,2,402,0,0,0,0,0,0,0,0.0,0.0,20.0,0.0,20.0
3137,26,400.0,15,8,3,0.15,400,REFLEX,0.5,2,0.9,3,26,REFLEX,4,353,0,0,0,0,0,0,0,0.0,0.0,40.0,0.0,40.0
3141,26,400.0,15,8,3,0.15,400,MODEL_BASED,0.0,2,0.9,3,26,MODEL_BASED,2,402,0,0,0,0,0,0,0,0.0,0.0,20.0,0.0,20.0
3139,26,400.0,15,8,3,0.15,400,REFLEX,0.5,10,0.9,3,26,REFLEX,4,353,0,0,0,0,0,0,0,0.0,0.0,40.0,0.0,40.0
3138,26,400.0,15,8,3,0.15,400,REFLEX,0.5,5,0.9,3,26,REFLEX,4,353,0,0,0,0,0,0,0,0.0,0.0,40.0,0.0,40.0
3142,26,400.0,15,8,3,0.15,400,MODEL_BASED,0.0,5,0.9,3,26,MODEL_BASED,2,402,0,0,0,0,0,0,0,0.0,0.0,20.0,0.0,20.0
3144,26,400.0,15,8,3,0.15,400,MODEL_BASED,0.05,0,0.9,3,26,MODEL_BASED,0,400,0,0,0,0,0,0,0,0.0,0.0,0.0,0.0,0.0
3134,26,400.0,15,8,3,0.15,400,REFLEX,0.25,5,0.9,3,26,REFLEX,1,401,0,0,0,0,0,0,0,0.0,0.0,10.0,0.0,10.0
3140,26,400.0,15,8,3,0.15,400,MODEL_BASED,0.0,0,0.9,3,26,MODEL_BASED,2,402,0,0,0,0,0,0,0,0.0,0.0,20.0,0.0,20.0
3147,26,400.0,15,8,3,0.15,400,MODEL_BASED,0.05,10,0.9,3,26,MODEL_BASED,0,400,0,0,0,0,0,0,0,0.0,0.0,0.0,0.0,0.0
3135,26,400.0,15,8,3,0.15,400,REFLEX,0.25,10,0.9,3,26,REFLEX,1,401,0,0,0,0,0,0,0,0.0,0.0,10.0,0.0,10.0
3148,26,400.0,15,8,3,0.15,400,MODEL_BASED,0.1,0,0.9,3,26,MODEL_BASED,2,402,0,0,0,0,0,0,0,0.0,0.0,20.0,0.0,20.0
3150,26,400.0,15,8,3,0.15,400,MODEL_BASED,0.1,5,0.9,3,26,MODEL_BASED,2,402,0,0,0,0,0,0,0,0.0,0.0,20.0,0.0,20.0
3151,26,400.0,15,8,3,0.15,400,MODEL_BASED,0.1,10,0.9,3,26,MODEL_BASED,2,402,0,0,0,0,0,0,0,0.0,0.0,20.0,0.0,20.0
3136,26,400.0,15,8,3,0.15,400,REFLEX,0.5,0,0.9,3,26,REFLEX,4,353,0,0,0,0,0,0,0,0.0,0.0,40.0,0.0,40.0
3145,26,400.0,15,8,3,0.15,400,MODEL_BASED,0.05,2,0.9,3,26,MODEL_BASED,0,400,0,0,0,0,0,0,0,0.0,0.0,0.0,0.0,0.0
3143,26,400.0,15,8,3,0.15,400,MODEL_BASED,0.0,10,0.9,3,26,MODEL_BASED,2,402,0,0,0,0,0,0,0,0.0,0.0,20.0,0.0,20.0
3146,26,400.0,15,8,3,0.15,400,MODEL_BASED,0.05,5,0.9,3,26,MODEL_BASED,0,400,0,0,0,0,0,0,0,0.0,0.0,0.0,0.0,0.0
3149,26,400.0,15,8,3,0.15,400,MODEL_BASED,0.1,2,0.9,3,26,MODEL_BASED,2,402,0,0,0,0,0,0,0,0.0,0.0,20.0,0.0,20.0
3152,26,400.0,15,8,3,0.15,400,MODEL_BASED,0.25,0,0.9,3,26,MODEL_BASED,1,401,0,0,0,0,0,0,0,0.0,0.0,10.0,0.0,10.0
3156,26,400.0,15,8,3,0.15,400,MODEL_BASED,0.5,0,0.9,3,26,MODEL_BASED,6,369,0,0,0,0,0,0,0,0.0,0.0,60.0,0.0,60.0
3154,26,400.0,15,8,3,0.15,400,MODEL_BASED,0.25,5,0.9,3,26,MODEL_BASED,1,401,0,0,0,0,0,0,0,0.0,0.0,10.0,0.0,10.0
3160,26,400.0,15,8,3,0.15,400,OPEN_LOOP,0.0,0,0.9,3,26,OPEN_LOOP,4,400,0,0,0,0,0,0,0,0.0,0.0,40.0,0.0,40.0
3163,26,400.0,15,8,3,0.15,400,OPEN_LOOP,0.0,10,0.9,3,26,OPEN_LOOP,4,400,0,0,0,0,0,0,0,0.0,0.0,40.0,0.0,40.0
3155,26,400.0,15,8,3,0.15,400,MODEL_BASED,0.25,10,0.9,3,26,MODEL_BASED,1,401,0,0,0,0,0,0,0,0.0,0.0,10.0,0.0,10.0
3161,26,400.0,15,8,3,0.15,400,OPEN_LOOP,0.0,2,0.9,3,26,OPEN_LOOP,4,400,0,0,0,0,0,0,0,0.0,0.0,40.0,0.0,40.0
3153,26,400.0,15,8,3,0.15,400,MODEL_BASED,0.25,2,0.9,3,26,MODEL_BASED,1,401,0,0,0,0,0,0,0,0.0,0.0,10.0,0.0,10.0
3157,26,400.0,15,8,3,0.15,400,MODEL_BASED,0.5,2,0.9,3,26,MODEL_BASED,6,369,0,0,0,0,0,0,0,0.0,0.0,60.0,0.0,60.0
3158,26,400.0,15,8,3,0.15,400,MODEL_BASED,0.5,5,0.9,3,26,MODEL_BASED,6,369,0,0,0,0,0,0,0,0.0,0.0,60.0,0.0,60.0
3164,26,400.0,15,8,3,0.15,400,OPEN_LOOP,0.05,0,0.9,3,26,OPEN_LOOP,3,400,0,0,0,0,0,0,0,0.0,0.0,30.0,0.0,30.0
3159,26,400.0,15,8,3,0.15,400,MODEL_BASED,0.5,10,0.9,3,26,MODEL_BASED,6,369,0,0,0,0,0,0,0,0.0,0.0,60.0,0.0,60.0
3165,26,400.0,15,8,3,0.15,400,OPEN_LOOP,0.05,2,0.9,3,26,OPEN_LOOP,3,400,0,0,0,0,0,0,0,0.0,0.0,30.0,0.0,30.0
3168,26,400.0,15,8,3,0.15,400,OPEN_LOOP,0.1,0,0.9,3,26,OPEN_LOOP,12,389,0,0,0,15,12,11,0,0.19999999999999996,2.4166666666666665,120.0,0.0,120.0
3170,26,400.0,15,8,3,0.15,400,OPEN_LOOP,0.1,5,0.9,3,26,OPEN_LOOP,12,389,0,0,0,15,12,11,0,0.19999999999999996,2.4166666666666665,120.0,0.0,120.0
3174,26,400.0,15,8,3,0.15,400,OPEN_LOOP,0.25,5,0.9,3,26,OPEN_LOOP,3,399,0,0,0,1,1,1,0,0.0,1.0,30.0,0.0,30.0
3162,26,400.0,15,8,3,0.15,400,OPEN_LOOP,0.0,5,0.9,3,26,OPEN_LOOP,4,400,0,0,0,0,0,0,0,0.0,0.0,40.0,0.0,40.0
3172,26,400.0,15,8,3,0.15,400,OPEN_LOOP,0.25,0,0.9,3,26,OPEN_LOOP,3,399,0,0,0,1,1,1,0,0.0,1.0,30.0,0.0,30.0
3166,26,400.0,15,8,3,0.15,400,OPEN_LOOP,0.05,5,0.9,3,26,OPEN_LOOP,3,400,0,0,0,0,0,0,0,0.0,0.0,30.0,0.0,30.0
3173,26,400.0,15,8,3,0.15,400,OPEN_LOOP,0.25,2,0.9,3,26,OPEN_LOOP,3,399,0,0,0,1,1,1,0,0.0,1.0,30.0,0.0,30.0
3175,26,400.0,15,8,3,0.15,400,OPEN_LOOP,0.25,10,0.9,3,26,OPEN_LOOP,3,399,0,0,0,1,1,1,0,0.0,1.0,30.0,0.0,30.0
3169,26,400.0,15,8,3,0.15,400,OPEN_LOOP,0.1,2,0.9,3,26,OPEN_LOOP,12,389,0,0,0,15,12,11,0,0.19999999999999996,2.4166666666666665,120.0,0.0,120.0
3167,26,400.0,15,8,3,0.15,400,OPEN_LOOP,0.05,10,0.9,3,26,OPEN_LOOP,3,400,0,0,0,0,0,0,0,0.0,0.0,30.0,0.0,30.0
3181,26,400.0,15,8,3,0.15,400,COLD_RESTART,0.0,2,0.9,3,26,COLD_RESTART,4,400,0,0,0,0,0,0,0,0.0,0.0,40.0,0.0,40.0
3177,26,400.0,15,8,3,0.15,400,OPEN_LOOP,0.5,2,0.9,3,26,OPEN_LOOP,12,375,0,0,0,34,34,25,0,0.0,2.264705882352941,120.0,0.0,120.0
3182,26,400.0,15,8,3,0.15,400,COLD_RESTART,0.0,5,0.9,3,26,COLD_RESTART,4,400,0,0,0,0,0,0,0,0.0,0.0,40.0,0.0,40.0
3179,26,400.0,15,8,3,0.15,400,OPEN_LOOP,0.5,10,0.9,3,26,OPEN_LOOP,12,375,0,0,0,34,34,25,0,0.0,2.264705882352941,120.0,0.0,120.0
3186,26,400.0,15,8,3,0.15,400,COLD_RESTART,0.05,5,0.9,3,26,COLD_RESTART,3,400,0,0,0,0,0,0,0,0.0,0.0,30.0,0.0,30.0
3180,26,400.0,15,8,3,0.15,400,COLD_RESTART,0.0,0,0.9,3,26,COLD_RESTART,4,400,0,0,0,0,0,0,0,0.0,0.0,40.0,0.0,40.0
3183,26,400.0,15,8,3,0.15,400,COLD_RESTART,0.0,10,0.9,3,26,COLD_RESTART,4,400,0,0,0,0,0,0,0,0.0,0.0,40.0,0.0,40.0
3185,26,400.0,15,8,3,0.15,400,COLD_RESTART,0.05,2,0.9,3,26,COLD_RESTART,3,400,0,0,0,0,0,0,0,0.0,0.0,30.0,0.0,30.0
3184,26,400.0,15,8,3,0.15,400,COLD_RESTART,0.05,0,0.9,3,26,COLD_RESTART,3,400,0,0,0,0,0,0,0,0.0,0.0,30.0,0.0,30.0
3176,26,400.0,15,8,3,0.15,400,OPEN_LOOP,0.5,0,0.9,3,26,OPEN_LOOP,12,375,0,0,0,34,34,25,0,0.0,2.264705882352941,120.0,0.0,120.0
3188,26,400.0,15,8,3,0.15,400,COLD_RESTART,0.1,0,0.9,3,26,COLD_RESTART,12,398,0,9,1,10,8,2,1,0.19999999999999996,4.25,120.0,0.0,120.0
3190,26,400.0,15,8,3,0.15,400,COLD_RESTART,0.1,5,0.9,3,26,COLD_RESTART,12,335,54,10,2,12,11,1,3,0.08333333333333337,3.8181818181818183,120.0,0.0,120.0
3178,26,400.0,15,8,3,0.15,400,OPEN_LOOP,0.5,5,0.9,3,26,OPEN_LOOP,12,375,0,0,0,34,34,25,0,0.0,2.264705882352941,120.0,0.0,120.0
3191,26,400.0,15,8,3,0.15,400,COLD_RESTART,0.1,10,0.9,3,26,COLD_RESTART,3,213,171,12,12,24,23,3,6,0.04166666666666663,2.608695652173913,30.0,0.0,30.0
3192,26,400.0,15,8,3,0.15,400,COLD_RESTART,0.25,0,0.9,3,26,COLD_RESTART,1,398,0,1,0,3,3,2,0,0.0,3.0,10.0,0.0,10.0
3189,26,400.0,15,8,3,0.15,400,COLD_RESTART,0.1,2,0.9,3,26,COLD_RESTART,7,358,30,12,10,16,15,0,2,0.0625,3.2666666666666666,70.0,0.0,70.0
3194,26,400.0,15,8,3,0.15,400,COLD_RESTART,0.25,5,0.9,3,26,COLD_RESTART,1,388,9,1,2,5,4,2,0,0.19999999999999996,2.5,10.0,0.0,10.0
3187,26,400.0,15,8,3,0.15,400,COLD_RESTART,0.05,10,0.9,3,26,COLD_RESTART,3,400,0,0,0,0,0,0,0,0.0,0.0,30.0,0.0,30.0
3195,26,400.0,15,8,3,0.15,400,COLD_RESTART,0.25,10,0.9,3,26,COLD_RESTART,1,388,9,0,2,5,4,2,0,0.19999999999999996,2.5,10.0,0.0,10.0
3200,26,400.0,15,8,3,0.15,400,CLOSED_LOOP,0.0,0,0.9,3,26,CLOSED_LOOP,4,400,0,0,0,0,0,0,0,0.0,0.0,40.0,0.0,40.0
3203,26,400.0,15,8,3,0.15,400,CLOSED_LOOP,0.0,10,0.9,3,26,CLOSED_LOOP,4,400,0,0,0,0,0,0,0,0.0,0.0,40.0,0.0,40.0
3205,26,400.0,15,8,3,0.15,400,CLOSED_LOOP,0.05,2,0.9,3,26,CLOSED_LOOP,3,400,0,0,0,0,0,0,0,0.0,0.0,30.0,0.0,30.0
3204,26,400.0,15,8,3,0.15,400,CLOSED_LOOP,0.05,0,0.9,3,26,CLOSED_LOOP,3,400,0,0,0,0,0,0,0,0.0,0.0,30.0,0.0,30.0
3196,26,400.0,15,8,3,0.15,400,COLD_RESTART,0.5,0,0.9,3,26,COLD_RESTART,6,398,0,13,4,11,11,2,1,0.0,4.363636363636363,60.0,0.0,60.0
3193,26,400.0,15,8,3,0.15,400,COLD_RESTART,0.25,2,0.9,3,26,COLD_RESTART,1,391,5,2,3,4,4,2,0,0.0,2.5,10.0,0.0,10.0
3197,26,400.0,15,8,3,0.15,400,COLD_RESTART,0.5,2,0.9,3,26,COLD_RESTART,3,300,76,17,63,32,31,5,0,0.03125,1.7419354838709677,30.0,0.0,30.0
3198,26,400.0,15,8,3,0.15,400,COLD_RESTART,0.5,5,0.9,3,26,COLD_RESTART,2,321,69,1,35,24,23,5,0,0.04166666666666663,1.173913043478261,20.0,0.0,20.0
3202,26,400.0,15,8,3,0.15,400,CLOSED_LOOP,0.0,5,0.9,3,26,CLOSED_LOOP,4,400,0,0,0,0,0,0,0,0.0,0.0,40.0,0.0,40.0
3206,26,400.0,15,8,3,0.15,400,CLOSED_LOOP,0.05,5,0.9,3,26,CLOSED_LOOP,3,400,0,0,0,0,0,0,0,0.0,0.0,30.0,0.0,30.0
3201,26,400.0,15,8,3,0.15,400,CLOSED_LOOP,0.0,2,0.9,3,26,CLOSED_LOOP,4,400,0,0,0,0,0,0,0,0.0,0.0,40.0,0.0,40.0
3208,26,400.0,15,8,3,0.15,400,CLOSED_LOOP,0.1,0,0.9,3,26,CLOSED_LOOP,8,399,0,7,1,8,7,1,0,0.125,3.5714285714285716,80.0,0.0,80.0
3207,26,400.0,15,8,3,0.15,400,CLOSED_LOOP,0.05,10,0.9,3,26,CLOSED_LOOP,3,400,0,0,0,0,0,0,0,0.0,0.0,30.0,0.0,30.0
3211,26,400.0,15,8,3,0.15,400,CLOSED_LOOP,0.1,10,0.9,3,26,CLOSED_LOOP,8,338,57,4,4,9,8,1,0,0.11111111111111116,3.25,80.0,0.0,80.0
3212,26,400.0,15,8,3,0.15,400,CLOSED_LOOP,0.25,0,0.9,3,26,CLOSED_LOOP,1,398,0,1,0,3,3,2,0,0.0,3.0,10.0,0.0,10.0
3210,26,400.0,15,8,3,0.15,400,CLOSED_LOOP,0.1,5,0.9,3,26,CLOSED_LOOP,9,349,41,7,2,11,10,2,0,0.09090909090909094,4.2,90.0,0.0,90.0
3199,26,400.0,15,8,3,0.15,400,COLD_RESTART,0.5,10,0.9,3,26,COLD_RESTART,0,153,238,3,127,58,58,3,0,0.0,1.1724137931034482,0.0,0.0,0.0
3214,26,400.0,15,8,3,0.15,400,CLOSED_LOOP,0.25,5,0.9,3,26,CLOSED_LOOP,1,388,9,1,2,5,4,2,0,0.19999999999999996,2.5,10.0,0.0,10.0
3215,26,400.0,15,8,3,0.15,400,CLOSED_LOOP,0.25,10,0.9,3,26,CLOSED_LOOP,1,388,9,0,2,5,4,2,0,0.19999999999999996,2.5,10.0,0.0,10.0
3220,26,400.0,15,8,3,0.15,400,GOVERNED,0.0,0,0.9,3,26,GOVERNED,4,400,0,0,0,0,0,0,0,0.0,0.0,40.0,0.0,40.0
3221,26,400.0,15,8,3,0.15,400,GOVERNED,0.0,2,0.9,3,26,GOVERNED,4,400,0,0,0,0,0,0,0,0.0,0.0,40.0,0.0,40.0
3213,26,400.0,15,8,3,0.15,400,CLOSED_LOOP,0.25,2,0.9,3,26,CLOSED_LOOP,1,391,5,2,3,4,4,2,0,0.0,2.5,10.0,0.0,10.0
3218,26,400.0,15,8,3,0.15,400,CLOSED_LOOP,0.5,5,0.9,3,26,CLOSED_LOOP,2,321,69,1,35,24,23,5,0,0.04166666666666663,1.173913043478261,20.0,0.0,20.0
3217,26,400.0,15,8,3,0.15,400,CLOSED_LOOP,0.5,2,0.9,3,26,CLOSED_LOOP,3,300,76,17,63,32,31,5,0,0.03125,1.7419354838709677,30.0,0.0,30.0
3209,26,400.0,15,8,3,0.15,400,CLOSED_LOOP,0.1,2,0.9,3,26,CLOSED_LOOP,9,371,20,9,4,11,10,0,0,0.09090909090909094,3.4,90.0,0.0,90.0
3222,26,400.0,15,8,3,0.15,400,GOVERNED,0.0,5,0.9,3,26,GOVERNED,4,400,0,0,0,0,0,0,0,0.0,0.0,40.0,0.0,40.0
3224,26,400.0,15,8,3,0.15,400,GOVERNED,0.05,0,0.9,3,26,GOVERNED,3,400,0,0,0,0,0,0,0,0.0,0.0,30.0,0.0,30.0
3219,26,400.0,15,8,3,0.15,400,CLOSED_LOOP,0.5,10,0.9,3,26,CLOSED_LOOP,0,153,238,3,127,58,58,3,0,0.0,1.1724137931034482,0.0,0.0,0.0
3216,26,400.0,15,8,3,0.15,400,CLOSED_LOOP,0.5,0,0.9,3,26,CLOSED_LOOP,11,396,0,32,19,18,16,4,0,0.11111111111111116,3.5625,110.0,0.0,110.0
3226,26,400.0,15,8,3,0.15,400,GOVERNED,0.05,5,0.9,3,26,GOVERNED,3,400,0,0,0,0,0,0,0,0.0,0.0,30.0,0.0,30.0
3225,26,400.0,15,8,3,0.15,400,GOVERNED,0.05,2,0.9,3,26,GOVERNED,3,400,0,0,0,0,0,0,0,0.0,0.0,30.0,0.0,30.0
3228,26,400.0,15,8,3,0.15,400,GOVERNED,0.1,0,0.9,3,26,GOVERNED,8,399,0,7,1,8,7,1,0,0.125,3.5714285714285716,80.0,0.0,80.0
3223,26,400.0,15,8,3,0.15,400,GOVERNED,0.0,10,0.9,3,26,GOVERNED,4,400,0,0,0,0,0,0,0,0.0,0.0,40.0,0.0,40.0
3227,26,400.0,15,8,3,0.15,400,GOVERNED,0.05,10,0.9,3,26,GOVERNED,3,400,0,0,0,0,0,0,0,0.0,0.0,30.0,0.0,30.0
3233,26,400.0,15,8,3,0.15,400,GOVERNED,0.25,2,0.9,3,26,GOVERNED,1,391,5,2,3,4,4,2,0,0.0,2.5,10.0,0.0,10.0
3232,26,400.0,15,8,3,0.15,400,GOVERNED,0.25,0,0.9,3,26,GOVERNED,1,398,0,1,0,3,3,2,0,0.0,3.0,10.0,0.0,10.0
3229,26,400.0,15,8,3,0.15,400,GOVERNED,0.1,2,0.9,3,26,GOVERNED,9,371,20,9,4,11,10,0,0,0.09090909090909094,3.4,90.0,0.0,90.0
3235,26,400.0,15,8,3,0.15,400,GOVERNED,0.25,10,0.9,3,26,GOVERNED,1,388,9,0,2,5,4,2,0,0.19999999999999996,2.5,10.0,0.0,10.0
3231,26,400.0,15,8,3,0.15,400,GOVERNED,0.1,10,0.9,3,26,GOVERNED,8,338,57,4,4,9,8,1,0,0.11111111111111116,3.25,80.0,0.0,80.0
3230,26,400.0,15,8,3,0.15,400,GOVERNED,0.1,5,0.9,3,26,GOVERNED,9,349,41,7,2,11,10,2,0,0.09090909090909094,4.2,90.0,0.0,90.0
3236,26,400.0,15,8,3,0.15,400,GOVERNED,0.5,0,0.9,3,26,GOVERNED,11,396,0,32,19,18,16,4,0,0.11111111111111116,3.5625,110.0,0.0,110.0
3240,27,400.0,15,8,3,0.15,400,REFLEX,0.0,0,0.9,3,27,REFLEX,7,406,0,0,0,0,0,0,0,0.0,0.0,70.0,0.0,70.0
3241,27,400.0,15,8,3,0.15,400,REFLEX,0.0,2,0.9,3,27,REFLEX,7,406,0,0,0,0,0,0,0,0.0,0.0,70.0,0.0,70.0
3237,26,400.0,15,8,3,0.15,400,GOVERNED,0.5,2,0.9,3,26,GOVERNED,3,300,76,17,63,32,31,5,0,0.03125,1.7419354838709677,30.0,0.0,30.0
3243,27,400.0,15,8,3,0.15,400,REFLEX,0.0,10,0.9,3,27,REFLEX,7,406,0,0,0,0,0,0,0,0.0,0.0,70.0,0.0,70.0
3234,26,400.0,15,8,3,0.15,400,GOVERNED,0.25,5,0.9,3,26,GOVERNED,1,388,9,1,2,5,4,2,0,0.19999999999999996,2.5,10.0,0.0,10.0
3238,26,400.0,15,8,3,0.15,400,GOVERNED,0.5,5,0.9,3,26,GOVERNED,2,321,69,1,35,24,23,5,0,0.04166666666666663,1.173913043478261,20.0,0.0,20.0
3242,27,400.0,15,8,3,0.15,400,REFLEX,0.0,5,0.9,3,27,REFLEX,7,406,0,0,0,0,0,0,0,0.0,0.0,70.0,0.0,70.0
3245,27,400.0,15,8,3,0.15,400,REFLEX,0.05,2,0.9,3,27,REFLEX,8,403,0,0,0,0,0,0,0,0.0,0.0,80.0,0.0,80.0
3248,27,400.0,15,8,3,0.15,400,REFLEX,0.1,0,0.9,3,27,REFLEX,8,407,0,0,0,0,0,0,0,0.0,0.0,80.0,0.0,80.0
3247,27,400.0,15,8,3,0.15,400,REFLEX,0.05,10,0.9,3,27,REFLEX,8,403,0,0,0,0,0,0,0,0.0,0.0,80.0,0.0,80.0
3171,26,400.0,15,8,3,0.15,400,OPEN_LOOP,0.1,10,0.9,3,26,OPEN_LOOP,12,389,0,0,0,15,12,11,0,0.19999999999999996,2.4166666666666665,120.0,0.0,120.0
3244,27,400.0,15,8,3,0.15,400,REFLEX,0.05,0,0.9,3,27,REFLEX,8,403,0,0,0,0,0,0,0,0.0,0.0,80.0,0.0,80.0
3239,26,400.0,15,8,3,0.15,400,GOVERNED,0.5,10,0.9,3,26,GOVERNED,0,153,238,3,127,58,58,3,0,0.0,1.1724137931034482,0.0,0.0,0.0
3249,27,400.0,15,8,3,0.15,400,REFLEX,0.1,2,0.9,3,27,REFLEX,8,407,0,0,0,0,0,0,0,0.0,0.0,80.0,0.0,80.0
3250,27,400.0,15,8,3,0.15,400,REFLEX,0.1,5,0.9,3,27,REFLEX,8,407,0,0,0,0,0,0,0,0.0,0.0,80.0,0.0,80.0
3252,27,400.0,15,8,3,0.15,400,REFLEX,0.25,0,0.9,3,27,REFLEX,8,406,0,0,0,0,0,0,0,0.0,0.0,80.0,0.0,80.0
3253,27,400.0,15,8,3,0.15,400,REFLEX,0.25,2,0.9,3,27,REFLEX,8,406,0,0,0,0,0,0,0,0.0,0.0,80.0,0.0,80.0
3254,27,400.0,15,8,3,0.15,400,REFLEX,0.25,5,0.9,3,27,REFLEX,8,406,0,0,0,0,0,0,0,0.0,0.0,80.0,0.0,80.0
3251,27,400.0,15,8,3,0.15,400,REFLEX,0.1,10,0.9,3,27,REFLEX,8,407,0,0,0,0,0,0,0,0.0,0.0,80.0,0.0,80.0
3256,27,400.0,15,8,3,0.15,400,REFLEX,0.5,0,0.9,3,27,REFLEX,10,408,0,0,0,0,0,0,0,0.0,0.0,100.0,0.0,100.0
3260,27,400.0,15,8,3,0.15,400,MODEL_BASED,0.0,0,0.9,3,27,MODEL_BASED,7,406,0,0,0,0,0,0,0,0.0,0.0,70.0,0.0,70.0
3258,27,400.0,15,8,3,0.15,400,REFLEX,0.5,5,0.9,3,27,REFLEX,10,408,0,0,0,0,0,0,0,0.0,0.0,100.0,0.0,100.0
3263,27,400.0,15,8,3,0.15,400,MODEL_BASED,0.0,10,0.9,3,27,MODEL_BASED,7,406,0,0,0,0,0,0,0,0.0,0.0,70.0,0.0,70.0
3261,27,400.0,15,8,3,0.15,400,MODEL_BASED,0.0,2,0.9,3,27,MODEL_BASED,7,406,0,0,0,0,0,0,0,0.0,0.0,70.0,0.0,70.0
3255,27,400.0,15,8,3,0.15,400,REFLEX,0.25,10,0.9,3,27,REFLEX,8,406,0,0,0,0,0,0,0,0.0,0.0,80.0,0.0,80.0
3264,27,400.0,15,8,3,0.15,400,MODEL_BASED,0.05,0,0.9,3,27,MODEL_BASED,16,406,0,0,0,0,0,0,0,0.0,0.0,160.0,0.0,160.0
3265,27,400.0,15,8,3,0.15,400,MODEL_BASED,0.05,2,0.9,3,27,MODEL_BASED,16,406,0,0,0,0,0,0,0,0.0,0.0,160.0,0.0,160.0
3266,27,400.0,15,8,3,0.15,400,MODEL_BASED,0.05,5,0.9,3,27,MODEL_BASED,16,406,0,0,0,0,0,0,0,0.0,0.0,160.0,0.0,160.0
3269,27,400.0,15,8,3,0.15,400,MODEL_BASED,0.1,2,0.9,3,27,MODEL_BASED,9,407,0,0,0,0,0,0,0,0.0,0.0,90.0,0.0,90.0
3267,27,400.0,15,8,3,0.15,400,MODEL_BASED,0.05,10,0.9,3,27,MODEL_BASED,16,406,0,0,0,0,0,0,0,0.0,0.0,160.0,0.0,160.0
3262,27,400.0,15,8,3,0.15,400,MODEL_BASED,0.0,5,0.9,3,27,MODEL_BASED,7,406,0,0,0,0,0,0,0,0.0,0.0,70.0,0.0,70.0
3272,27,400.0,15,8,3,0.15,400,MODEL_BASED,0.25,0,0.9,3,27,MODEL_BASED,16,403,0,0,0,0,0,0,0,0.0,0.0,160.0,0.0,160.0
3270,27,400.0,15,8,3,0.15,400,MODEL_BASED,0.1,5,0.9,3,27,MODEL_BASED,9,407,0,0,0,0,0,0,0,0.0,0.0,90.0,0.0,90.0
3271,27,400.0,15,8,3,0.15,400,MODEL_BASED,0.1,10,0.9,3,27,MODEL_BASED,9,407,0,0,0,0,0,0,0,0.0,0.0,90.0,0.0,90.0
3259,27,400.0,15,8,3,0.15,400,REFLEX,0.5,10,0.9,3,27,REFLEX,10,408,0,0,0,0,0,0,0,0.0,0.0,100.0,0.0,100.0
3268,27,400.0,15,8,3,0.15,400,MODEL_BASED,0.1,0,0.9,3,27,MODEL_BASED,9,407,0,0,0,0,0,0,0,0.0,0.0,90.0,0.0,90.0
3257,27,400.0,15,8,3,0.15,400,REFLEX,0.5,2,0.9,3,27,REFLEX,10,408,0,0,0,0,0,0,0,0.0,0.0,100.0,0.0,100.0
3273,27,400.0,15,8,3,0.15,400,MODEL_BASED,0.25,2,0.9,3,27,MODEL_BASED,16,403,0,0,0,0,0,0,0,0.0,0.0,160.0,0.0,160.0
3246,27,400.0,15,8,3,0.15,400,REFLEX,0.05,5,0.9,3,27,REFLEX,8,403,0,0,0,0,0,0,0,0.0,0.0,80.0,0.0,80.0
3274,27,400.0,15,8,3,0.15,400,MODEL_BASED,0.25,5,0.9,3,27,MODEL_BASED,16,403,0,0,0,0,0,0,0,0.0,0.0,160.0,0.0,160.0
3277,27,400.0,15,8,3,0.15,400,MODEL_BASED,0.5,2,0.9,3,27,MODEL_BASED,10,408,0,0,0,0,0,0,0,0.0,0.0,100.0,0.0,100.0
3276,27,400.0,15,8,3,0.15,400,MODEL_BASED,0.5,0,0.9,3,27,MODEL_BASED,10,408,0,0,0,0,0,0,0,0.0,0.0,100.0,0.0,100.0
3279,27,400.0,15,8,3,0.15,400,MODEL_BASED,0.5,10,0.9,3,27,MODEL_BASED,10,408,0,0,0,0,0,0,0,0.0,0.0,100.0,0.0,100.0
3280,27,400.0,15,8,3,0.15,400,OPEN_LOOP,0.0,0,0.9,3,27,OPEN_LOOP,16,400,0,0,0,0,0,0,0,0.0,0.0,160.0,0.0,160.0
3282,27,400.0,15,8,3,0.15,400,OPEN_LOOP,0.0,5,0.9,3,27,OPEN_LOOP,16,400,0,0,0,0,0,0,0,0.0,0.0,160.0,0.0,160.0
3281,27,400.0,15,8,3,0.15,400,OPEN_LOOP,0.0,2,0.9,3,27,OPEN_LOOP,16,400,0,0,0,0,0,0,0,0.0,0.0,160.0,0.0,160.0
3275,27,400.0,15,8,3,0.15,400,MODEL_BASED,0.25,10,0.9,3,27,MODEL_BASED,16,403,0,0,0,0,0,0,0,0.0,0.0,160.0,0.0,160.0
3285,27,400.0,15,8,3,0.15,400,OPEN_LOOP,0.05,2,0.9,3,27,OPEN_LOOP,19,389,0,0,0,13,13,11,0,0.0,4.0,190.0,0.0,190.0
3278,27,400.0,15,8,3,0.15,400,MODEL_BASED,0.5,5,0.9,3,27,MODEL_BASED,10,408,0,0,0,0,0,0,0,0.0,0.0,100.0,0.0,100.0
3289,27,400.0,15,8,3,0.15,400,OPEN_LOOP,0.1,2,0.9,3,27,OPEN_LOOP,10,395,0,0,0,7,6,5,0,0.1428571428571429,2.6666666666666665,100.0,0.0,100.0
3290,27,400.0,15,8,3,0.15,400,OPEN_LOOP,0.1,5,0.9,3,27,OPEN_LOOP,10,395,0,0,0,7,6,5,0,0.1428571428571429,2.6666666666666665,100.0,0.0,100.0
3291,27,400.0,15,8,3,0.15,400,OPEN_LOOP,0.1,10,0.9,3,27,OPEN_LOOP,10,395,0,0,0,7,6,5,0,0.1428571428571429,2.6666666666666665,100.0,0.0,100.0
3288,27,400.0,15,8,3,0.15,400,OPEN_LOOP,0.1,0,0.9,3,27,OPEN_LOOP,10,395,0,0,0,7,6,5,0,0.1428571428571429,2.6666666666666665,100.0,0.0,100.0
3284,27,400.0,15,8,3,0.15,400,OPEN_LOOP,0.05,0,0.9,3,27,OPEN_LOOP,19,389,0,0,0,13,13,11,0,0.0,4.0,190.0,0.0,190.0
3292,27,400.0,15,8,3,0.15,400,OPEN_LOOP,0.25,0,0.9,3,27,OPEN_LOOP,14,389,0,0,0,17,16,11,0,0.05882352941176472,1.3125,140.0,0.0,140.0
3286,27,400.0,15,8,3,0.15,400,OPEN_LOOP,0.05,5,0.9,3,27,OPEN_LOOP,19,389,0,0,0,13,13,11,0,0.0,4.0,190.0,0.0,190.0
3287,27,400.0,15,8,3,0.15,400,OPEN_LOOP,0.05,10,0.9,3,27,OPEN_LOOP,19,389,0,0,0,13,13,11,0,0.0,4.0,190.0,0.0,190.0
3293,27,400.0,15,8,3,0.15,400,OPEN_LOOP,0.25,2,0.9,3,27,OPEN_LOOP,14,389,0,0,0,17,16,11,0,0.05882352941176472,1.3125,140.0,0.0,140.0
3295,27,400.0,15,8,3,0.15,400,OPEN_LOOP,0.25,10,0.9,3,27,OPEN_LOOP,14,389,0,0,0,17,16,11,0,0.05882352941176472,1.3125,140.0,0.0,140.0
3296,27,400.0,15,8,3,0.15,400,OPEN_LOOP,0.5,0,0.9,3,27,OPEN_LOOP,11,390,0,0,0,14,13,10,0,0.0714285714285714,1.1538461538461537,110.0,0.0,110.0
3297,27,400.0,15,8,3,0.15,400,OPEN_LOOP,0.5,2,0.9,3,27,OPEN_LOOP,11,390,0,0,0,14,13,10,0,0.0714285714285714,1.1538461538461537,110.0,0.0,110.0
3298,27,400.0,15,8,3,0.15,400,OPEN_LOOP,0.5,5,0.9,3,27,OPEN_LOOP,11,390,0,0,0,14,13,10,0,0.0714285714285714,1.1538461538461537,110.0,0.0,110.0
3302,27,400.0,15,8,3,0.15,400,COLD_RESTART,0.0,5,0.9,3,27,COLD_RESTART,16,400,0,0,0,0,0,0,0,0.0,0.0,160.0,0.0,160.0
3283,27,400.0,15,8,3,0.15,400,OPEN_LOOP,0.0,10,0.9,3,27,OPEN_LOOP,16,400,0,0,0,0,0,0,0,0.0,0.0,160.0,0.0,160.0
3301,27,400.0,15,8,3,0.15,400,COLD_RESTART,0.0,2,0.9,3,27,COLD_RESTART,16,400,0,0,0,0,0,0,0,0.0,0.0,160.0,0.0,160.0
3294,27,400.0,15,8,3,0.15,400,OPEN_LOOP,0.25,5,0.9,3,27,OPEN_LOOP,14,389,0,0,0,17,16,11,0,0.05882352941176472,1.3125,140.0,0.0,140.0
3306,27,400.0,15,8,3,0.15,400,COLD_RESTART,0.05,5,0.9,3,27,COLD_RESTART,12,359,34,6,2,7,7,1,3,0.0,5.0,120.0,0.0,120.0
3303,27,400.0,15,8,3,0.15,400,COLD_RESTART,0.0,10,0.9,3,27,COLD_RESTART,16,400,0,0,0,0,0,0,0,0.0,0.0,160.0,0.0,160.0
3305,27,400.0,15,8,3,0.15,400,COLD_RESTART,0.05,2,0.9,3,27,COLD_RESTART,13,373,18,9,0,11,11,0,2,0.0,4.909090909090909,130.0,0.0,130.0
3300,27,400.0,15,8,3,0.15,400,COLD_RESTART,0.0,0,0.9,3,27,COLD_RESTART,16,400,0,0,0,0,0,0,0,0.0,0.0,160.0,0.0,160.0
3307,27,400.0,15,8,3,0.15,400,COLD_RESTART,0.05,10,0.9,3,27,COLD_RESTART,6,261,127,9,5,15,15,2,4,0.0,3.1333333333333333,60.0,0.0,60.0
3311,27,400.0,15,8,3,0.15,400,COLD_RESTART,0.1,10,0.9,3,27,COLD_RESTART,10,315,79,4,10,16,16,2,0,0.0,2.125,100.0,0.0,100.0
3308,27,400.0,15,8,3,0.15,400,COLD_RESTART,0.1,0,0.9,3,27,COLD_RESTART,11,400,0,10,1,9,9,0,1,0.0,5.444444444444445,110.0,0.0,110.0
3299,27,400.0,15,8,3,0.15,400,OPEN_LOOP,0.5,10,0.9,3,27,OPEN_LOOP,11,390,0,0,0,14,13,10,0,0.0714285714285714,1.1538461538461537,110.0,0.0,110.0
3309,27,400.0,15,8,3,0.15,400,COLD_RESTART,0.1,2,0.9,3,27,COLD_RESTART,6,385,8,4,0,7,7,3,0,0.0,4.714285714285714,60.0,0.0,60.0
3315,27,400.0,15,8,3,0.15,400,COLD_RESTART,0.25,10,0.9,3,27,COLD_RESTART,3,313,79,1,20,19,19,3,0,0.0,1.0,30.0,0.0,30.0
3314,27,400.0,15,8,3,0.15,400,COLD_RESTART,0.25,5,0.9,3,27,COLD_RESTART,2,115,255,24,90,66,64,4,4,0.030303030303030276,1.109375,20.0,0.0,20.0
3313,27,400.0,15,8,3,0.15,400,COLD_RESTART,0.25,2,0.9,3,27,COLD_RESTART,7,336,41,15,16,24,24,6,1,0.0,1.125,70.0,0.0,70.0
3312,27,400.0,15,8,3,0.15,400,COLD_RESTART,0.25,0,0.9,3,27,COLD_RESTART,8,399,0,16,6,10,10,1,1,0.0,1.6,80.0,0.0,80.0
3304,27,400.0,15,8,3,0.15,400,COLD_RESTART,0.05,0,0.9,3,27,COLD_RESTART,10,398,0,7,0,10,9,2,2,0.09999999999999998,7.555555555555555,100.0,0.0,100.0
3320,27,400.0,15,8,3,0.15,400,CLOSED_LOOP,0.0,0,0.9,3,27,CLOSED_LOOP,16,400,0,0,0,0,0,0,0,0.0,0.0,160.0,0.0,160.0
3322,27,400.0,15,8,3,0.15,400,CLOSED_LOOP,0.0,5,0.9,3,27,CLOSED_LOOP,16,400,0,0,0,0,0,0,0,0.0,0.0,160.0,0.0,160.0
3321,27,400.0,15,8,3,0.15,400,CLOSED_LOOP,0.0,2,0.9,3,27,CLOSED_LOOP,16,400,0,0,0,0,0,0,0,0.0,0.0,160.0,0.0,160.0
3323,27,400.0,15,8,3,0.15,400,CLOSED_LOOP,0.0,10,0.9,3,27,CLOSED_LOOP,16,400,0,0,0,0,0,0,0,0.0,0.0,160.0,0.0,160.0
3324,27,400.0,15,8,3,0.15,400,CLOSED_LOOP,0.05,0,0.9,3,27,CLOSED_LOOP,19,400,0,15,0,16,15,0,0,0.0625,5.266666666666667,190.0,0.0,190.0
3317,27,400.0,15,8,3,0.15,400,COLD_RESTART,0.5,2,0.9,3,27,COLD_RESTART,2,215,150,27,134,64,63,5,2,0.015625,1.0317460317460319,20.0,0.0,20.0
3319,27,400.0,15,8,3,0.15,400,COLD_RESTART,0.5,10,0.9,3,27,COLD_RESTART,0,45,341,7,237,83,83,5,0,0.0,1.0240963855421688,0.0,0.0,0.0
3326,27,400.0,15,8,3,0.15,400,CLOSED_LOOP,0.05,5,0.9,3,27,CLOSED_LOOP,9,384,13,2,1,3,3,1,0,0.0,6.0,90.0,0.0,90.0
3329,27,400.0,15,8,3,0.15,400,CLOSED_LOOP,0.1,2,0.9,3,27,CLOSED_LOOP,6,385,8,4,0,7,7,3,0,0.0,4.714285714285714,60.0,0.0,60.0
3318,27,400.0,15,8,3,0.15,400,COLD_RESTART,0.5,5,0.9,3,27,COLD_RESTART,1,41,332,24,205,85,84,2,0,0.0117647058823529,1.0,10.0,0.0,10.0
3330,27,400.0,15,8,3,0.15,400,CLOSED_LOOP,0.1,5,0.9,3,27,CLOSED_LOOP,9,351,40,8,3,8,8,1,0,0.0,2.25,90.0,0.0,90.0
3327,27,400.0,15,8,3,0.15,400,CLOSED_LOOP,0.05,10,0.9,3,27,CLOSED_LOOP,10,366,30,3,0,4,4,1,0,0.0,7.25,100.0,0.0,100.0
3325,27,400.0,15,8,3,0.15,400,CLOSED_LOOP,0.05,2,0.9,3,27,CLOSED_LOOP,16,353,32,14,3,17,17,0,0,0.0,5.352941176470588,160.0,0.0,160.0
3331,27,400.0,15,8,3,0.15,400,CLOSED_LOOP,0.1,10,0.9,3,27,CLOSED_LOOP,10,315,79,4,10,16,16,2,0,0.0,2.125,100.0,0.0,100.0
3316,27,400.0,15,8,3,0.15,400,COLD_RESTART,0.5,0,0.9,3,27,COLD_RESTART,11,397,0,23,10,17,17,3,0,0.0,1.2352941176470589,110.0,0.0,110.0
3335,27,400.0,15,8,3,0.15,400,CLOSED_LOOP,0.25,10,0.9,3,27,CLOSED_LOOP,3,313,79,1,20,19,19,3,0,0.0,1.0,30.0,0.0,30.0
3328,27,400.0,15,8,3,0.15,400,CLOSED_LOOP,0.1,0,0.9,3,27,CLOSED_LOOP,14,400,0,11,0,11,11,0,0,0.0,4.909090909090909,140.0,0.0,140.0
3336,27,400.0,15,8,3,0.15,400,CLOSED_LOOP,0.5,0,0.9,3,27,CLOSED_LOOP,11,397,0,23,10,17,17,3,0,0.0,1.2352941176470589,110.0,0.0,110.0
3340,27,400.0,15,8,3,0.15,400,GOVERNED,0.0,0,0.9,3,27,GOVERNED,16,400,0,0,0,0,0,0,0,0.0,0.0,160.0,0.0,160.0
3337,27,400.0,15,8,3,0.15,400,CLOSED_LOOP,0.5,2,0.9,3,27,CLOSED_LOOP,6,250,118,23,97,48,47,4,0,0.02083333333333337,1.2127659574468086,60.0,0.0,60.0
3341,27,400.0,15,8,3,0.15,400,GOVERNED,0.0,2,0.9,3,27,GOVERNED,16,400,0,0,0,0,0,0,0,0.0,0.0,160.0,0.0,160.0
3332,27,400.0,15,8,3,0.15,400,CLOSED_LOOP,0.25,0,0.9,3,27,CLOSED_LOOP,18,399,0,27,9,19,19,1,0,0.0,2.0,180.0,0.0,180.0
3342,27,400.0,15,8,3,0.15,400,GOVERNED,0.0,5,0.9,3,27,GOVERNED,16,400,0,0,0,0,0,0,0,0.0,0.0,160.0,0.0,160.0
3334,27,400.0,15,8,3,0.15,400,CLOSED_LOOP,0.25,5,0.9,3,27,CLOSED_LOOP,6,215,169,13,67,44,44,2,0,0.0,1.3409090909090908,60.0,0.0,60.0
3343,27,400.0,15,8,3,0.15,400,GOVERNED,0.0,10,0.9,3,27,GOVERNED,16,400,0,0,0,0,0,0,0,0.0,0.0,160.0,0.0,160.0
3333,27,400.0,15,8,3,0.15,400,CLOSED_LOOP,0.25,2,0.9,3,27,CLOSED_LOOP,9,369,21,8,6,11,11,1,0,0.0,1.7272727272727273,90.0,0.0,90.0
3347,27,400.0,15,8,3,0.15,400,GOVERNED,0.05,10,0.9,3,27,GOVERNED,10,366,30,3,0,4,4,1,0,0.0,7.25,100.0,0.0,100.0
3339,27,400.0,15,8,3,0.15,400,CLOSED_LOOP,0.5,10,0.9,3,27,CLOSED_LOOP,0,45,341,7,237,83,83,5,0,0.0,1.0240963855421688,0.0,0.0,0.0
3349,27,400.0,15,8,3,0.15,400,GOVERNED,0.1,2,0.9,3,27,GOVERNED,6,385,8,4,0,7,7,3,0,0.0,4.714285714285714,60.0,0.0,60.0
3345,27,400.0,15,8,3,0.15,400,GOVERNED,0.05,2,0.9,3,27,GOVERNED,16,353,32,14,3,17,17,0,0,0.0,5.352941176470588,160.0,0.0,160.0
3350,27,400.0,15,8,3,0.15,400,GOVERNED,0.1,5,0.9,3,27,GOVERNED,9,351,40,8,3,8,8,1,0,0.0,2.25,90.0,0.0,90.0
3344,27,400.0,15,8,3,0.15,400,GOVERNED,0.05,0,0.9,3,27,GOVERNED,19,400,0,15,0,16,15,0,0,0.0625,5.266666666666667,190.0,0.0,190.0
3353,27,400.0,15,8,3,0.15,400,GOVERNED,0.25,2,0.9,3,27,GOVERNED,9,369,21,8,6,11,11,1,0,0.0,1.7272727272727273,90.0,0.0,90.0
3348,27,400.0,15,8,3,0.15,400,GOVERNED,0.1,0,0.9,3,27,GOVERNED,14,400,0,11,0,11,11,0,0,0.0,4.909090909090909,140.0,0.0,140.0
3352,27,400.0,15,8,3,0.15,400,GOVERNED,0.25,0,0.9,3,27,GOVERNED,18,399,0,27,9,19,19,1,0,0.0,2.0,180.0,0.0,180.0
3310,27,400.0,15,8,3,0.15,400,COLD_RESTART,0.1,5,0.9,3,27,COLD_RESTART,8,342,48,9,5,13,11,1,2,0.15384615384615385,2.6363636363636362,80.0,0.0,80.0
3360,28,400.0,15,8,3,0.15,400,REFLEX,0.0,0,0.9,3,28,REFLEX,0,400,0,0,0,0,0,0,0,0.0,0.0,0.0,0.0,0.0
3356,27,400.0,15,8,3,0.15,400,GOVERNED,0.5,0,0.9,3,27,GOVERNED,11,397,0,23,10,17,17,3,0,0.0,1.2352941176470589,110.0,0.0,110.0
3355,27,400.0,15,8,3,0.15,400,GOVERNED,0.25,10,0.9,3,27,GOVERNED,3,313,79,1,20,19,19,3,0,0.0,1.0,30.0,0.0,30.0
3357,27,400.0,15,8,3,0.15,400,GOVERNED,0.5,2,0.9,3,27,GOVERNED,6,250,118,23,97,48,47,4,0,0.02083333333333337,1.2127659574468086,60.0,0.0,60.0
3338,27,400.0,15,8,3,0.15,400,CLOSED_LOOP,0.5,5,0.9,3,27,CLOSED_LOOP,1,41,332,24,205,85,84,2,0,0.0117647058823529,1.0,10.0,0.0,10.0
3363,28,400.0,15,8,3,0.15,400,REFLEX,0.0,10,0.9,3,28,REFLEX,0,400,0,0,0,0,0,0,0,0.0,0.0,0.0,0.0,0.0
3365,28,400.0,15,8,3,0.15,400,REFLEX,0.05,2,0.9,3,28,REFLEX,0,400,0,0,0,0,0,0,0,0.0,0.0,0.0,0.0,0.0
3366,28,400.0,15,8,3,0.15,400,REFLEX,0.05,5,0.9,3,28,REFLEX,0,400,0,0,0,0,0,0,0,0.0,0.0,0.0,0.0,0.0
3368,28,400.0,15,8,3,0.15,400,REFLEX,0.1,0,0.9,3,28,REFLEX,0,400,0,0,0,0,0,0,0,0.0,0.0,0.0,0.0,0.0
3359,27,400.0,15,8,3,0.15,400,GOVERNED,0.5,10,0.9,3,27,GOVERNED,0,45,341,7,237,83,83,5,0,0.0,1.0240963855421688,0.0,0.0,0.0
3364,28,400.0,15,8,3,0.15,400,REFLEX,0.05,0,0.9,3,28,REFLEX,0,400,0,0,0,0,0,0,0,0.0,0.0,0.0,0.0,0.0
3354,27,400.0,15,8,3,0.15,400,GOVERNED,0.25,5,0.9,3,27,GOVERNED,6,215,169,13,67,44,44,2,0,0.0,1.3409090909090908,60.0,0.0,60.0
3367,28,400.0,15,8,3,0.15,400,REFLEX,0.05,10,0.9,3,28,REFLEX,0,400,0,0,0,0,0,0,0,0.0,0.0,0.0,0.0,0.0
3361,28,400.0,15,8,3,0.15,400,REFLEX,0.0,2,0.9,3,28,REFLEX,0,400,0,0,0,0,0,0,0,0.0,0.0,0.0,0.0,0.0
3371,28,400.0,15,8,3,0.15,400,REFLEX,0.1,10,0.9,3,28,REFLEX,0,400,0,0,0,0,0,0,0,0.0,0.0,0.0,0.0,0.0
3369,28,400.0,15,8,3,0.15,400,REFLEX,0.1,2,0.9,3,28,REFLEX,0,400,0,0,0,0,0,0,0,0.0,0.0,0.0,0.0,0.0
3372,28,400.0,15,8,3,0.15,400,REFLEX,0.25,0,0.9,3,28,REFLEX,0,400,0,0,0,0,0,0,0,0.0,0.0,0.0,0.0,0.0
3373,28,400.0,15,8,3,0.15,400,REFLEX,0.25,2,0.9,3,28,REFLEX,0,400,0,0,0,0,0,0,0,0.0,0.0,0.0,0.0,0.0
3374,28,400.0,15,8,3,0.15,400,REFLEX,0.25,5,0.9,3,28,REFLEX,0,400,0,0,0,0,0,0,0,0.0,0.0,0.0,0.0,0.0
3370,28,400.0,15,8,3,0.15,400,REFLEX,0.1,5,0.9,3,28,REFLEX,0,400,0,0,0,0,0,0,0,0.0,0.0,0.0,0.0,0.0
3351,27,400.0,15,8,3,0.15,400,GOVERNED,0.1,10,0.9,3,27,GOVERNED,10,315,79,4,10,16,16,2,0,0.0,2.125,100.0,0.0,100.0
3377,28,400.0,15,8,3,0.15,400,REFLEX,0.5,2,0.9,3,28,REFLEX,0,400,0,0,0,0,0,0,0,0.0,0.0,0.0,0.0,0.0
3378,28,400.0,15,8,3,0.15,400,REFLEX,0.5,5,0.9,3,28,REFLEX,0,400,0,0,0,0,0,0,0,0.0,0.0,0.0,0.0,0.0
3379,28,400.0,15,8,3,0.15,400,REFLEX,0.5,10,0.9,3,28,REFLEX,0,400,0,0,0,0,0,0,0,0.0,0.0,0.0,0.0,0.0
3381,28,400.0,15,8,3,0.15,400,MODEL_BASED,0.0,2,0.9,3,28,MODEL_BASED,0,400,0,0,0,0,0,0,0,0.0,0.0,0.0,0.0,0.0
3380,28,400.0,15,8,3,0.15,400,MODEL_BASED,0.0,0,0.9,3,28,MODEL_BASED,0,400,0,0,0,0,0,0,0,0.0,0.0,0.0,0.0,0.0
3376,28,400.0,15,8,3,0.15,400,REFLEX,0.5,0,0.9,3,28,REFLEX,0,400,0,0,0,0,0,0,0,0.0,0.0,0.0,0.0,0.0
3383,28,400.0,15,8,3,0.15,400,MODEL_BASED,0.0,10,0.9,3,28,MODEL_BASED,0,400,0,0,0,0,0,0,0,0.0,0.0,0.0,0.0,0.0
3382,28,400.0,15,8,3,0.15,400,MODEL_BASED,0.0,5,0.9,3,28,MODEL_BASED,0,400,0,0,0,0,0,0,0,0.0,0.0,0.0,0.0,0.0
3346,27,400.0,15,8,3,0.15,400,GOVERNED,0.05,5,0.9,3,27,GOVERNED,9,384,13,2,1,3,3,1,0,0.0,6.0,90.0,0.0,90.0
3386,28,400.0,15,8,3,0.15,400,MODEL_BASED,0.05,5,0.9,3,28,MODEL_BASED,0,400,0,0,0,0,0,0,0,0.0,0.0,0.0,0.0,0.0
3375,28,400.0,15,8,3,0.15,400,REFLEX,0.25,10,0.9,3,28,REFLEX,0,400,0,0,0,0,0,0,0,0.0,0.0,0.0,0.0,0.0
3387,28,400.0,15,8,3,0.15,400,MODEL_BASED,0.05,10,0.9,3,28,MODEL_BASED,0,400,0,0,0,0,0,0,0,0.0,0.0,0.0,0.0,0.0
3384,28,400.0,15,8,3,0.15,400,MODEL_BASED,0.05,0,0.9,3,28,MODEL_BASED,0,400,0,0,0,0,0,0,0,0.0,0.0,0.0,0.0,0.0
3389,28,400.0,15,8,3,0.15,400,MODEL_BASED,0.1,2,0.9,3,28,MODEL_BASED,0,400,0,0,0,0,0,0,0,0.0,0.0,0.0,0.0,0.0
3362,28,400.0,15,8,3,0.15,400,REFLEX,0.0,5,0.9,3,28,REFLEX,0,400,0,0,0,0,0,0,0,0.0,0.0,0.0,0.0,0.0
3390,28,400.0,15,8,3,0.15,400,MODEL_BASED,0.1,5,0.9,3,28,MODEL_BASED,0,400,0,0,0,0,0,0,0,0.0,0.0,0.0,0.0,0.0
3391,28,400.0,15,8,3,0.15,400,MODEL_BASED,0.1,10,0.9,3,28,MODEL_BASED,0,400,0,0,0,0,0,0,0,0.0,0.0,0.0,0.0,0.0
3358,27,400.0,15,8,3,0.15,400,GOVERNED,0.5,5,0.9,3,27,GOVERNED,1,41,332,24,205,85,84,2,0,0.0117647058823529,1.0,10.0,0.0,10.0
3388,28,400.0,15,8,3,0.15,400,MODEL_BASED,0.1,0,0.9,3,28,MODEL_BASED,0,400,0,0,0,0,0,0,0,0.0,0.0,0.0,0.0,0.0
3393,28,400.0,15,8,3,0.15,400,MODEL_BASED,0.25,2,0.9,3,28,MODEL_BASED,0,400,0,0,0,0,0,0,0,0.0,0.0,0.0,0.0,0.0
3395,28,400.0,15,8,3,0.15,400,MODEL_BASED,0.25,10,0.9,3,28,MODEL_BASED,0,400,0,0,0,0,0,0,0,0.0,0.0,0.0,0.0,0.0
3392,28,400.0,15,8,3,0.15,400,MODEL_BASED,0.25,0,0.9,3,28,MODEL_BASED,0,400,0,0,0,0,0,0,0,0.0,0.0,0.0,0.0,0.0
3397,28,400.0,15,8,3,0.15,400,MODEL_BASED,0.5,2,0.9,3,28,MODEL_BASED,0,400,0,0,0,0,0,0,0,0.0,0.0,0.0,0.0,0.0
3399,28,400.0,15,8,3,0.15,400,MODEL_BASED,0.5,10,0.9,3,28,MODEL_BASED,0,400,0,0,0,0,0,0,0,0.0,0.0,0.0,0.0,0.0
3394,28,400.0,15,8,3,0.15,400,MODEL_BASED,0.25,5,0.9,3,28,MODEL_BASED,0,400,0,0,0,0,0,0,0,0.0,0.0,0.0,0.0,0.0
3398,28,400.0,15,8,3,0.15,400,MODEL_BASED,0.5,5,0.9,3,28,MODEL_BASED,0,400,0,0,0,0,0,0,0,0.0,0.0,0.0,0.0,0.0
3404,28,400.0,15,8,3,0.15,400,OPEN_LOOP,0.05,0,0.9,3,28,OPEN_LOOP,0,400,0,0,0,0,0,0,0,0.0,0.0,0.0,0.0,0.0
3403,28,400.0,15,8,3,0.15,400,OPEN_LOOP,0.0,10,0.9,3,28,OPEN_LOOP,0,400,0,0,0,0,0,0,0,0.0,0.0,0.0,0.0,0.0
3405,28,400.0,15,8,3,0.15,400,OPEN_LOOP,0.05,2,0.9,3,28,OPEN_LOOP,0,400,0,0,0,0,0,0,0,0.0,0.0,0.0,0.0,0.0
3406,28,400.0,15,8,3,0.15,400,OPEN_LOOP,0.05,5,0.9,3,28,OPEN_LOOP,0,400,0,0,0,0,0,0,0,0.0,0.0,0.0,0.0,0.0
3396,28,400.0,15,8,3,0.15,400,MODEL_BASED,0.5,0,0.9,3,28,MODEL_BASED,0,400,0,0,0,0,0,0,0,0.0,0.0,0.0,0.0,0.0
3408,28,400.0,15,8,3,0.15,400,OPEN_LOOP,0.1,0,0.9,3,28,OPEN_LOOP,0,400,0,0,0,0,0,0,0,0.0,0.0,0.0,0.0,0.0
3402,28,400.0,15,8,3,0.15,400,OPEN_LOOP,0.0,5,0.9,3,28,OPEN_LOOP,0,400,0,0,0,0,0,0,0,0.0,0.0,0.0,0.0,0.0
3409,28,400.0,15,8,3,0.15,400,OPEN_LOOP,0.1,2,0.9,3,28,OPEN_LOOP,0,400,0,0,0,0,0,0,0,0.0,0.0,0.0,0.0,0.0
3412,28,400.0,15,8,3,0.15,400,OPEN_LOOP,0.25,0,0.9,3,28,OPEN_LOOP,0,400,0,0,0,0,0,0,0,0.0,0.0,0.0,0.0,0.0
3410,28,400.0,15,8,3,0.15,400,OPEN_LOOP,0.1,5,0.9,3,28,OPEN_LOOP,0,400,0,0,0,0,0,0,0,0.0,0.0,0.0,0.0,0.0
3414,28,400.0,15,8,3,0.15,400,OPEN_LOOP,0.25,5,0.9,3,28,OPEN_LOOP,0,400,0,0,0,0,0,0,0,0.0,0.0,0.0,0.0,0.0
3413,28,400.0,15,8,3,0.15,400,OPEN_LOOP,0.25,2,0.9,3,28,OPEN_LOOP,0,400,0,0,0,0,0,0,0,0.0,0.0,0.0,0.0,0.0
3407,28,400.0,15,8,3,0.15,400,OPEN_LOOP,0.05,10,0.9,3,28,OPEN_LOOP,0,400,0,0,0,0,0,0,0,0.0,0.0,0.0,0.0,0.0
3411,28,400.0,15,8,3,0.15,400,OPEN_LOOP,0.1,10,0.9,3,28,OPEN_LOOP,0,400,0,0,0,0,0,0,0,0.0,0.0,0.0,0.0,0.0
3401,28,400.0,15,8,3,0.15,400,OPEN_LOOP,0.0,2,0.9,3,28,OPEN_LOOP,0,400,0,0,0,0,0,0,0,0.0,0.0,0.0,0.0,0.0
3416,28,400.0,15,8,3,0.15,400,OPEN_LOOP,0.5,0,0.9,3,28,OPEN_LOOP,0,400,0,0,0,0,0,0,0,0.0,0.0,0.0,0.0,0.0
3418,28,400.0,15,8,3,0.15,400,OPEN_LOOP,0.5,5,0.9,3,28,OPEN_LOOP,0,400,0,0,0,0,0,0,0,0.0,0.0,0.0,0.0,0.0
3417,28,400.0,15,8,3,0.15,400,OPEN_LOOP,0.5,2,0.9,3,28,OPEN_LOOP,0,400,0,0,0,0,0,0,0,0.0,0.0,0.0,0.0,0.0
3419,28,400.0,15,8,3,0.15,400,OPEN_LOOP,0.5,10,0.9,3,28,OPEN_LOOP,0,400,0,0,0,0,0,0,0,0.0,0.0,0.0,0.0,0.0
3420,28,400.0,15,8,3,0.15,400,COLD_RESTART,0.0,0,0.9,3,28,COLD_RESTART,0,400,0,0,0,0,0,0,0,0.0,0.0,0.0,0.0,0.0
3421,28,400.0,15,8,3,0.15,400,COLD_RESTART,0.0,2,0.9,3,28,COLD_RESTART,0,400,0,0,0,0,0,0,0,0.0,0.0,0.0,0.0,0.0
3424,28,400.0,15,8,3,0.15,400,COLD_RESTART,0.05,0,0.9,3,28,COLD_RESTART,0,400,0,0,0,0,0,0,0,0.0,0.0,0.0,0.0,0.0
3423,28,400.0,15,8,3,0.15,400,COLD_RESTART,0.0,10,0.9,3,28,COLD_RESTART,0,400,0,0,0,0,0,0,0,0.0,0.0,0.0,0.0,0.0
3426,28,400.0,15,8,3,0.15,400,COLD_RESTART,0.05,5,0.9,3,28,COLD_RESTART,0,400,0,0,0,0,0,0,0,0.0,0.0,0.0,0.0,0.0
3427,28,400.0,15,8,3,0.15,400,COLD_RESTART,0.05,10,0.9,3,28,COLD_RESTART,0,400,0,0,0,0,0,0,0,0.0,0.0,0.0,0.0,0.0
3428,28,400.0,15,8,3,0.15,400,COLD_RESTART,0.1,0,0.9,3,28,COLD_RESTART,0,400,0,0,0,0,0,0,0,0.0,0.0,0.0,0.0,0.0
3429,28,400.0,15,8,3,0.15,400,COLD_RESTART,0.1,2,0.9,3,28,COLD_RESTART,0,400,0,0,0,0,0,0,0,0.0,0.0,0.0,0.0,0.0
3385,28,400.0,15,8,3,0.15,400,MODEL_BASED,0.05,2,0.9,3,28,MODEL_BASED,0,400,0,0,0,0,0,0,0,0.0,0.0,0.0,0.0,0.0
3430,28,400.0,15,8,3,0.15,400,COLD_RESTART,0.1,5,0.9,3,28,COLD_RESTART,0,400,0,0,0,0,0,0,0,0.0,0.0,0.0,0.0,0.0
3422,28,400.0,15,8,3,0.15,400,COLD_RESTART,0.0,5,0.9,3,28,COLD_RESTART,0,400,0,0,0,0,0,0,0,0.0,0.0,0.0,0.0,0.0
3431,28,400.0,15,8,3,0.15,400,COLD_RESTART,0.1,10,0.9,3,28,COLD_RESTART,0,400,0,0,0,0,0,0,0,0.0,0.0,0.0,0.0,0.0
3434,28,400.0,15,8,3,0.15,400,COLD_RESTART,0.25,5,0.9,3,28,COLD_RESTART,0,400,0,0,0,0,0,0,0,0.0,0.0,0.0,0.0,0.0
3435,28,400.0,15,8,3,0.15,400,COLD_RESTART,0.25,10,0.9,3,28,COLD_RESTART,0,400,0,0,0,0,0,0,0,0.0,0.0,0.0,0.0,0.0
3437,28,400.0,15,8,3,0.15,400,COLD_RESTART,0.5,2,0.9,3,28,COLD_RESTART,0,400,0,0,0,0,0,0,0,0.0,0.0,0.0,0.0,0.0
3436,28,400.0,15,8,3,0.15,400,COLD_RESTART,0.5,0,0.9,3,28,COLD_RESTART,0,400,0,0,0,0,0,0,0,0.0,0.0,0.0,0.0,0.0
3438,28,400.0,15,8,3,0.15,400,COLD_RESTART,0.5,5,0.9,3,28,COLD_RESTART,0,400,0,0,0,0,0,0,0,0.0,0.0,0.0,0.0,0.0
3400,28,400.0,15,8,3,0.15,400,OPEN_LOOP,0.0,0,0.9,3,28,OPEN_LOOP,0,400,0,0,0,0,0,0,0,0.0,0.0,0.0,0.0,0.0
3433,28,400.0,15,8,3,0.15,400,COLD_RESTART,0.25,2,0.9,3,28,COLD_RESTART,0,400,0,0,0,0,0,0,0,0.0,0.0,0.0,0.0,0.0
3439,28,400.0,15,8,3,0.15,400,COLD_RESTART,0.5,10,0.9,3,28,COLD_RESTART,0,400,0,0,0,0,0,0,0,0.0,0.0,0.0,0.0,0.0
3441,28,400.0,15,8,3,0.15,400,CLOSED_LOOP,0.0,2,0.9,3,28,CLOSED_LOOP,0,400,0,0,0,0,0,0,0,0.0,0.0,0.0,0.0,0.0
3442,28,400.0,15,8,3,0.15,400,CLOSED_LOOP,0.0,5,0.9,3,28,CLOSED_LOOP,0,400,0,0,0,0,0,0,0,0.0,0.0,0.0,0.0,0.0
3440,28,400.0,15,8,3,0.15,400,CLOSED_LOOP,0.0,0,0.9,3,28,CLOSED_LOOP,0,400,0,0,0,0,0,0,0,0.0,0.0,0.0,0.0,0.0
3443,28,400.0,15,8,3,0.15,400,CLOSED_LOOP,0.0,10,0.9,3,28,CLOSED_LOOP,0,400,0,0,0,0,0,0,0,0.0,0.0,0.0,0.0,0.0
3445,28,400.0,15,8,3,0.15,400,CLOSED_LOOP,0.05,2,0.9,3,28,CLOSED_LOOP,0,400,0,0,0,0,0,0,0,0.0,0.0,0.0,0.0,0.0
3446,28,400.0,15,8,3,0.15,400,CLOSED_LOOP,0.05,5,0.9,3,28,CLOSED_LOOP,0,400,0,0,0,0,0,0,0,0.0,0.0,0.0,0.0,0.0
3447,28,400.0,15,8,3,0.15,400,CLOSED_LOOP,0.05,10,0.9,3,28,CLOSED_LOOP,0,400,0,0,0,0,0,0,0,0.0,0.0,0.0,0.0,0.0
3425,28,400.0,15,8,3,0.15,400,COLD_RESTART,0.05,2,0.9,3,28,COLD_RESTART,0,400,0,0,0,0,0,0,0,0.0,0.0,0.0,0.0,0.0
3415,28,400.0,15,8,3,0.15,400,OPEN_LOOP,0.25,10,0.9,3,28,OPEN_LOOP,0,400,0,0,0,0,0,0,0,0.0,0.0,0.0,0.0,0.0
3450,28,400.0,15,8,3,0.15,400,CLOSED_LOOP,0.1,5,0.9,3,28,CLOSED_LOOP,0,400,0,0,0,0,0,0,0,0.0,0.0,0.0,0.0,0.0
3444,28,400.0,15,8,3,0.15,400,CLOSED_LOOP,0.05,0,0.9,3,28,CLOSED_LOOP,0,400,0,0,0,0,0,0,0,0.0,0.0,0.0,0.0,0.0
3451,28,400.0,15,8,3,0.15,400,CLOSED_LOOP,0.1,10,0.9,3,28,CLOSED_LOOP,0,400,0,0,0,0,0,0,0,0.0,0.0,0.0,0.0,0.0
3452,28,400.0,15,8,3,0.15,400,CLOSED_LOOP,0.25,0,0.9,3,28,CLOSED_LOOP,0,400,0,0,0,0,0,0,0,0.0,0.0,0.0,0.0,0.0
3432,28,400.0,15,8,3,0.15,400,COLD_RESTART,0.25,0,0.9,3,28,COLD_RESTART,0,400,0,0,0,0,0,0,0,0.0,0.0,0.0,0.0,0.0
3448,28,400.0,15,8,3,0.15,400,CLOSED_LOOP,0.1,0,0.9,3,28,CLOSED_LOOP,0,400,0,0,0,0,0,0,0,0.0,0.0,0.0,0.0,0.0
3449,28,400.0,15,8,3,0.15,400,CLOSED_LOOP,0.1,2,0.9,3,28,CLOSED_LOOP,0,400,0,0,0,0,0,0,0,0.0,0.0,0.0,0.0,0.0
3456,28,400.0,15,8,3,0.15,400,CLOSED_LOOP,0.5,0,0.9,3,28,CLOSED_LOOP,0,400,0,0,0,0,0,0,0,0.0,0.0,0.0,0.0,0.0
3458,28,400.0,15,8,3,0.15,400,CLOSED_LOOP,0.5,5,0.9,3,28,CLOSED_LOOP,0,400,0,0,0,0,0,0,0,0.0,0.0,0.0,0.0,0.0
3459,28,400.0,15,8,3,0.15,400,CLOSED_LOOP,0.5,10,0.9,3,28,CLOSED_LOOP,0,400,0,0,0,0,0,0,0,0.0,0.0,0.0,0.0,0.0
3460,28,400.0,15,8,3,0.15,400,GOVERNED,0.0,0,0.9,3,28,GOVERNED,0,400,0,0,0,0,0,0,0,0.0,0.0,0.0,0.0,0.0
3453,28,400.0,15,8,3,0.15,400,CLOSED_LOOP,0.25,2,0.9,3,28,CLOSED_LOOP,0,400,0,0,0,0,0,0,0,0.0,0.0,0.0,0.0,0.0
3462,28,400.0,15,8,3,0.15,400,GOVERNED,0.0,5,0.9,3,28,GOVERNED,0,400,0,0,0,0,0,0,0,0.0,0.0,0.0,0.0,0.0
3461,28,400.0,15,8,3,0.15,400,GOVERNED,0.0,2,0.9,3,28,GOVERNED,0,400,0,0,0,0,0,0,0,0.0,0.0,0.0,0.0,0.0
3464,28,400.0,15,8,3,0.15,400,GOVERNED,0.05,0,0.9,3,28,GOVERNED,0,400,0,0,0,0,0,0,0,0.0,0.0,0.0,0.0,0.0
3457,28,400.0,15,8,3,0.15,400,CLOSED_LOOP,0.5,2,0.9,3,28,CLOSED_LOOP,0,400,0,0,0,0,0,0,0,0.0,0.0,0.0,0.0,0.0
3466,28,400.0,15,8,3,0.15,400,GOVERNED,0.05,5,0.9,3,28,GOVERNED,0,400,0,0,0,0,0,0,0,0.0,0.0,0.0,0.0,0.0
3467,28,400.0,15,8,3,0.15,400,GOVERNED,0.05,10,0.9,3,28,GOVERNED,0,400,0,0,0,0,0,0,0,0.0,0.0,0.0,0.0,0.0
3468,28,400.0,15,8,3,0.15,400,GOVERNED,0.1,0,0.9,3,28,GOVERNED,0,400,0,0,0,0,0,0,0,0.0,0.0,0.0,0.0,0.0
3465,28,400.0,15,8,3,0.15,400,GOVERNED,0.05,2,0.9,3,28,GOVERNED,0,400,0,0,0,0,0,0,0,0.0,0.0,0.0,0.0,0.0
3470,28,400.0,15,8,3,0.15,400,GOVERNED,0.1,5,0.9,3,28,GOVERNED,0,400,0,0,0,0,0,0,0,0.0,0.0,0.0,0.0,0.0
3469,28,400.0,15,8,3,0.15,400,GOVERNED,0.1,2,0.9,3,28,GOVERNED,0,400,0,0,0,0,0,0,0,0.0,0.0,0.0,0.0,0.0
3474,28,400.0,15,8,3,0.15,400,GOVERNED,0.25,5,0.9,3,28,GOVERNED,0,400,0,0,0,0,0,0,0,0.0,0.0,0.0,0.0,0.0
3471,28,400.0,15,8,3,0.15,400,GOVERNED,0.1,10,0.9,3,28,GOVERNED,0,400,0,0,0,0,0,0,0,0.0,0.0,0.0,0.0,0.0
3476,28,400.0,15,8,3,0.15,400,GOVERNED,0.5,0,0.9,3,28,GOVERNED,0,400,0,0,0,0,0,0,0,0.0,0.0,0.0,0.0,0.0
3478,28,400.0,15,8,3,0.15,400,GOVERNED,0.5,5,0.9,3,28,GOVERNED,0,400,0,0,0,0,0,0,0,0.0,0.0,0.0,0.0,0.0
3477,28,400.0,15,8,3,0.15,400,GOVERNED,0.5,2,0.9,3,28,GOVERNED,0,400,0,0,0,0,0,0,0,0.0,0.0,0.0,0.0,0.0
3473,28,400.0,15,8,3,0.15,400,GOVERNED,0.25,2,0.9,3,28,GOVERNED,0,400,0,0,0,0,0,0,0,0.0,0.0,0.0,0.0,0.0
3479,28,400.0,15,8,3,0.15,400,GOVERNED,0.5,10,0.9,3,28,GOVERNED,0,400,0,0,0,0,0,0,0,0.0,0.0,0.0,0.0,0.0
3463,28,400.0,15,8,3,0.15,400,GOVERNED,0.0,10,0.9,3,28,GOVERNED,0,400,0,0,0,0,0,0,0,0.0,0.0,0.0,0.0,0.0
3480,29,400.0,15,8,3,0.15,400,REFLEX,0.0,0,0.9,3,29,REFLEX,1,401,0,0,0,0,0,0,0,0.0,0.0,10.0,0.0,10.0
3472,28,400.0,15,8,3,0.15,400,GOVERNED,0.25,0,0.9,3,28,GOVERNED,0,400,0,0,0,0,0,0,0,0.0,0.0,0.0,0.0,0.0
3475,28,400.0,15,8,3,0.15,400,GOVERNED,0.25,10,0.9,3,28,GOVERNED,0,400,0,0,0,0,0,0,0,0.0,0.0,0.0,0.0,0.0
3482,29,400.0,15,8,3,0.15,400,REFLEX,0.0,5,0.9,3,29,REFLEX,1,401,0,0,0,0,0,0,0,0.0,0.0,10.0,0.0,10.0
3486,29,400.0,15,8,3,0.15,400,REFLEX,0.05,5,0.9,3,29,REFLEX,2,402,0,0,0,0,0,0,0,0.0,0.0,20.0,0.0,20.0
3483,29,400.0,15,8,3,0.15,400,REFLEX,0.0,10,0.9,3,29,REFLEX,1,401,0,0,0,0,0,0,0,0.0,0.0,10.0,0.0,10.0
3481,29,400.0,15,8,3,0.15,400,REFLEX,0.0,2,0.9,3,29,REFLEX,1,401,0,0,0,0,0,0,0,0.0,0.0,10.0,0.0,10.0
3487,29,400.0,15,8,3,0.15,400,REFLEX,0.05,10,0.9,3,29,REFLEX,2,402,0,0,0,0,0,0,0,0.0,0.0,20.0,0.0,20.0
3485,29,400.0,15,8,3,0.15,400,REFLEX,0.05,2,0.9,3,29,REFLEX,2,402,0,0,0,0,0,0,0,0.0,0.0,20.0,0.0,20.0
3491,29,400.0,15,8,3,0.15,400,REFLEX,0.1,10,0.9,3,29,REFLEX,6,404,0,0,0,0,0,0,0,0.0,0.0,60.0,0.0,60.0
3490,29,400.0,15,8,3,0.15,400,REFLEX,0.1,5,0.9,3,29,REFLEX,6,404,0,0,0,0,0,0,0,0.0,0.0,60.0,0.0,60.0
3492,29,400.0,15,8,3,0.15,400,REFLEX,0.25,0,0.9,3,29,REFLEX,2,397,0,0,0,0,0,0,0,0.0,0.0,20.0,0.0,20.0
3495,29,400.0,15,8,3,0.15,400,REFLEX,0.25,10,0.9,3,29,REFLEX,2,397,0,0,0,0,0,0,0,0.0,0.0,20.0,0.0,20.0
3484,29,400.0,15,8,3,0.15,400,REFLEX,0.05,0,0.9,3,29,REFLEX,2,402,0,0,0,0,0,0,0,0.0,0.0,20.0,0.0,20.0
3493,29,400.0,15,8,3,0.15,400,REFLEX,0.25,2,0.9,3,29,REFLEX,2,397,0,0,0,0,0,0,0,0.0,0.0,20.0,0.0,20.0
3496,29,400.0,15,8,3,0.15,400,REFLEX,0.5,0,0.9,3,29,REFLEX,1,400,0,0,0,0,0,0,0,0.0,0.0,10.0,0.0,10.0
3497,29,400.0,15,8,3,0.15,400,REFLEX,0.5,2,0.9,3,29,REFLEX,1,400,0,0,0,0,0,0,0,0.0,0.0,10.0,0.0,10.0
3489,29,400.0,15,8,3,0.15,400,REFLEX,0.1,2,0.9,3,29,REFLEX,6,404,0,0,0,0,0,0,0,0.0,0.0,60.0,0.0,60.0
3498,29,400.0,15,8,3,0.15,400,REFLEX,0.5,5,0.9,3,29,REFLEX,1,400,0,0,0,0,0,0,0,0.0,0.0,10.0,0.0,10.0
3500,29,400.0,15,8,3,0.15,400,MODEL_BASED,0.0,0,0.9,3,29,MODEL_BASED,3,402,0,0,0,0,0,0,0,0.0,0.0,30.0,0.0,30.0
3454,28,400.0,15,8,3,0.15,400,CLOSED_LOOP,0.25,5,0.9,3,28,CLOSED_LOOP,0,400,0,0,0,0,0,0,0,0.0,0.0,0.0,0.0,0.0
3494,29,400.0,15,8,3,0.15,400,REFLEX,0.25,5,0.9,3,29,REFLEX,2,397,0,0,0,0,0,0,0,0.0,0.0,20.0,0.0,20.0
3503,29,400.0,15,8,3,0.15,400,MODEL_BASED,0.0,10,0.9,3,29,MODEL_BASED,3,402,0,0,0,0,0,0,0,0.0,0.0,30.0,0.0,30.0
3488,29,400.0,15,8,3,0.15,400,REFLEX,0.1,0,0.9,3,29,REFLEX,6,404,0,0,0,0,0,0,0,0.0,0.0,60.0,0.0,60.0
3505,29,400.0,15,8,3,0.15,400,MODEL_BASED,0.05,2,0.9,3,29,MODEL_BASED,8,404,0,0,0,0,0,0,0,0.0,0.0,80.0,0.0,80.0
3506,29,400.0,15,8,3,0.15,400,MODEL_BASED,0.05,5,0.9,3,29,MODEL_BASED,8,404,0,0,0,0,0,0,0,0.0,0.0,80.0,0.0,80.0
3504,29,400.0,15,8,3,0.15,400,MODEL_BASED,0.05,0,0.9,3,29,MODEL_BASED,8,404,0,0,0,0,0,0,0,0.0,0.0,80.0,0.0,80.0
3501,29,400.0,15,8,3,0.15,400,MODEL_BASED,0.0,2,0.9,3,29,MODEL_BASED,3,402,0,0,0,0,0,0,0,0.0,0.0,30.0,0.0,30.0
3509,29,400.0,15,8,3,0.15,400,MODEL_BASED,0.1,2,0.9,3,29,MODEL_BASED,2,402,0,0,0,0,0,0,0,0.0,0.0,20.0,0.0,20.0
3510,29,400.0,15,8,3,0.15,400,MODEL_BASED,0.1,5,0.9,3,29,MODEL_BASED,2,402,0,0,0,0,0,0,0,0.0,0.0,20.0,0.0,20.0
3455,28,400.0,15,8,3,0.15,400,CLOSED_LOOP,0.25,10,0.9,3,28,CLOSED_LOOP,0,400,0,0,0,0,0,0,0,0.0,0.0,0.0,0.0,0.0
3512,29,400.0,15,8,3,0.15,400,MODEL_BASED,0.25,0,0.9,3,29,MODEL_BASED,2,402,0,0,0,0,0,0,0,0.0,0.0,20.0,0.0,20.0
3513,29,400.0,15,8,3,0.15,400,MODEL_BASED,0.25,2,0.9,3,29,MODEL_BASED,2,402,0,0,0,0,0,0,0,0.0,0.0,20.0,0.0,20.0
3499,29,400.0,15,8,3,0.15,400,REFLEX,0.5,10,0.9,3,29,REFLEX,1,400,0,0,0,0,0,0,0,0.0,0.0,10.0,0.0,10.0
3508,29,400.0,15,8,3,0.15,400,MODEL_BASED,0.1,0,0.9,3,29,MODEL_BASED,2,402,0,0,0,0,0,0,0,0.0,0.0,20.0,0.0,20.0
3511,29,400.0,15,8,3,0.15,400,MODEL_BASED,0.1,10,0.9,3,29,MODEL_BASED,2,402,0,0,0,0,0,0,0,0.0,0.0,20.0,0.0,20.0
3516,29,400.0,15,8,3,0.15,400,MODEL_BASED,0.5,0,0.9,3,29,MODEL_BASED,1,394,0,0,0,0,0,0,0,0.0,0.0,10.0,0.0,10.0
3517,29,400.0,15,8,3,0.15,400,MODEL_BASED,0.5,2,0.9,3,29,MODEL_BASED,1,394,0,0,0,0,0,0,0,0.0,0.0,10.0,0.0,10.0
3515,29,400.0,15,8,3,0.15,400,MODEL_BASED,0.25,10,0.9,3,29,MODEL_BASED,2,402,0,0,0,0,0,0,0,0.0,0.0,20.0,0.0,20.0
3507,29,400.0,15,8,3,0.15,400,MODEL_BASED,0.05,10,0.9,3,29,MODEL_BASED,8,404,0,0,0,0,0,0,0,0.0,0.0,80.0,0.0,80.0
3519,29,400.0,15,8,3,0.15,400,MODEL_BASED,0.5,10,0.9,3,29,MODEL_BASED,1,394,0,0,0,0,0,0,0,0.0,0.0,10.0,0.0,10.0
3520,29,400.0,15,8,3,0.15,400,OPEN_LOOP,0.0,0,0.9,3,29,OPEN_LOOP,9,400,0,0,0,0,0,0,0,0.0,0.0,90.0,0.0,90.0
3522,29,400.0,15,8,3,0.15,400,OPEN_LOOP,0.0,5,0.9,3,29,OPEN_LOOP,9,400,0,0,0,0,0,0,0,0.0,0.0,90.0,0.0,90.0
3524,29,400.0,15,8,3,0.15,400,OPEN_LOOP,0.05,0,0.9,3,29,OPEN_LOOP,8,394,0,0,0,5,5,6,0,0.0,2.2,80.0,0.0,80.0
3523,29,400.0,15,8,3,0.15,400,OPEN_LOOP,0.0,10,0.9,3,29,OPEN_LOOP,9,400,0,0,0,0,0,0,0,0.0,0.0,90.0,0.0,90.0
3525,29,400.0,15,8,3,0.15,400,OPEN_LOOP,0.05,2,0.9,3,29,OPEN_LOOP,8,394,0,0,0,5,5,6,0,0.0,2.2,80.0,0.0,80.0
3521,29,400.0,15,8,3,0.15,400,OPEN_LOOP,0.0,2,0.9,3,29,OPEN_LOOP,9,400,0,0,0,0,0,0,0,0.0,0.0,90.0,0.0,90.0
3526,29,400.0,15,8,3,0.15,400,OPEN_LOOP,0.05,5,0.9,3,29,OPEN_LOOP,8,394,0,0,0,5,5,6,0,0.0,2.2,80.0,0.0,80.0
3518,29,400.0,15,8,3,0.15,400,MODEL_BASED,0.5,5,0.9,3,29,MODEL_BASED,1,394,0,0,0,0,0,0,0,0.0,0.0,10.0,0.0,10.0
3514,29,400.0,15,8,3,0.15,400,MODEL_BASED,0.25,5,0.9,3,29,MODEL_BASED,2,402,0,0,0,0,0,0,0,0.0,0.0,20.0,0.0,20.0
3529,29,400.0,15,8,3,0.15,400,OPEN_LOOP,0.1,2,0.9,3,29,OPEN_LOOP,16,387,0,0,0,18,18,13,0,0.0,3.6666666666666665,160.0,0.0,160.0
3528,29,400.0,15,8,3,0.15,400,OPEN_LOOP,0.1,0,0.9,3,29,OPEN_LOOP,16,387,0,0,0,18,18,13,0,0.0,3.6666666666666665,160.0,0.0,160.0
3533,29,400.0,15,8,3,0.15,400,OPEN_LOOP,0.25,2,0.9,3,29,OPEN_LOOP,11,388,0,0,0,15,12,12,0,0.19999999999999996,2.9166666666666665,110.0,0.0,110.0
3530,29,400.0,15,8,3,0.15,400,OPEN_LOOP,0.1,5,0.9,3,29,OPEN_LOOP,16,387,0,0,0,18,18,13,0,0.0,3.6666666666666665,160.0,0.0,160.0
3531,29,400.0,15,8,3,0.15,400,OPEN_LOOP,0.1,10,0.9,3,29,OPEN_LOOP,16,387,0,0,0,18,18,13,0,0.0,3.6666666666666665,160.0,0.0,160.0
3535,29,400.0,15,8,3,0.15,400,OPEN_LOOP,0.25,10,0.9,3,29,OPEN_LOOP,11,388,0,0,0,15,12,12,0,0.19999999999999996,2.9166666666666665,110.0,0.0,110.0
3532,29,400.0,15,8,3,0.15,400,OPEN_LOOP,0.25,0,0.9,3,29,OPEN_LOOP,11,388,0,0,0,15,12,12,0,0.19999999999999996,2.9166666666666665,110.0,0.0,110.0
3502,29,400.0,15,8,3,0.15,400,MODEL_BASED,0.0,5,0.9,3,29,MODEL_BASED,3,402,0,0,0,0,0,0,0,0.0,0.0,30.0,0.0,30.0
3540,29,400.0,15,8,3,0.15,400,COLD_RESTART,0.0,0,0.9,3,29,COLD_RESTART,9,400,0,0,0,0,0,0,0,0.0,0.0,90.0,0.0,90.0
3542,29,400.0,15,8,3,0.15,400,COLD_RESTART,0.0,5,0.9,3,29,COLD_RESTART,9,400,0,0,0,0,0,0,0,0.0,0.0,90.0,0.0,90.0
3537,29,400.0,15,8,3,0.15,400,OPEN_LOOP,0.5,2,0.9,3,29,OPEN_LOOP,11,378,0,0,0,29,29,22,0,0.0,2.0,110.0,0.0,110.0
3536,29,400.0,15,8,3,0.15,400,OPEN_LOOP,0.5,0,0.9,3,29,OPEN_LOOP,11,378,0,0,0,29,29,22,0,0.0,2.0,110.0,0.0,110.0
3543,29,400.0,15,8,3,0.15,400,COLD_RESTART,0.0,10,0.9,3,29,COLD_RESTART,9,400,0,0,0,0,0,0,0,0.0,0.0,90.0,0.0,90.0
3541,29,400.0,15,8,3,0.15,400,COLD_RESTART,0.0,2,0.9,3,29,COLD_RESTART,9,400,0,0,0,0,0,0,0,0.0,0.0,90.0,0.0,90.0
3547,29,400.0,15,8,3,0.15,400,COLD_RESTART,0.05,10,0.9,3,29,COLD_RESTART,4,388,10,1,0,2,2,1,0,0.0,1.0,40.0,0.0,40.0
3545,29,400.0,15,8,3,0.15,400,COLD_RESTART,0.05,2,0.9,3,29,COLD_RESTART,7,397,2,1,0,1,1,0,0,0.0,1.0,70.0,0.0,70.0
3548,29,400.0,15,8,3,0.15,400,COLD_RESTART,0.1,0,0.9,3,29,COLD_RESTART,5,399,0,1,0,2,2,1,0,0.0,6.5,50.0,0.0,50.0
3546,29,400.0,15,8,3,0.15,400,COLD_RESTART,0.05,5,0.9,3,29,COLD_RESTART,11,326,60,12,2,13,13,2,0,0.0,3.5384615384615383,110.0,0.0,110.0
3534,29,400.0,15,8,3,0.15,400,OPEN_LOOP,0.25,5,0.9,3,29,OPEN_LOOP,11,388,0,0,0,15,12,12,0,0.19999999999999996,2.9166666666666665,110.0,0.0,110.0
3539,29,400.0,15,8,3,0.15,400,OPEN_LOOP,0.5,10,0.9,3,29,OPEN_LOOP,11,378,0,0,0,29,29,22,0,0.0,2.0,110.0,0.0,110.0
3538,29,400.0,15,8,3,0.15,400,OPEN_LOOP,0.5,5,0.9,3,29,OPEN_LOOP,11,378,0,0,0,29,29,22,0,0.0,2.0,110.0,0.0,110.0
3549,29,400.0,15,8,3,0.15,400,COLD_RESTART,0.1,2,0.9,3,29,COLD_RESTART,5,394,4,2,0,2,2,0,0,0.0,1.0,50.0,0.0,50.0
3552,29,400.0,15,8,3,0.15,400,COLD_RESTART,0.25,0,0.9,3,29,COLD_RESTART,5,397,0,4,0,8,8,3,0,0.0,2.625,50.0,0.0,50.0
3553,29,400.0,15,8,3,0.15,400,COLD_RESTART,0.25,2,0.9,3,29,COLD_RESTART,8,335,44,15,16,24,24,4,1,0.0,2.6666666666666665,80.0,0.0,80.0
3551,29,400.0,15,8,3,0.15,400,COLD_RESTART,0.1,10,0.9,3,29,COLD_RESTART,2,277,111,7,10,17,17,4,3,0.0,1.7058823529411764,20.0,0.0,20.0
3557,29,400.0,15,8,3,0.15,400,COLD_RESTART,0.5,2,0.9,3,29,COLD_RESTART,5,339,43,13,26,21,21,4,0,0.0,1.7619047619047619,50.0,0.0,50.0
3556,29,400.0,15,8,3,0.15,400,COLD_RESTART,0.5,0,0.9,3,29,COLD_RESTART,9,399,0,50,23,28,27,1,4,0.0357142857142857,1.5555555555555556,90.0,0.0,90.0
3562,29,400.0,15,8,3,0.15,400,CLOSED_LOOP,0.0,5,0.9,3,29,CLOSED_LOOP,9,400,0,0,0,0,0,0,0,0.0,0.0,90.0,0.0,90.0
3561,29,400.0,15,8,3,0.15,400,CLOSED_LOOP,0.0,2,0.9,3,29,CLOSED_LOOP,9,400,0,0,0,0,0,0,0,0.0,0.0,90.0,0.0,90.0
3544,29,400.0,15,8,3,0.15,400,COLD_RESTART,0.05,0,0.9,3,29,COLD_RESTART,6,399,0,2,0,3,3,1,0,0.0,6.333333333333333,60.0,0.0,60.0
3558,29,400.0,15,8,3,0.15,400,COLD_RESTART,0.5,5,0.9,3,29,COLD_RESTART,1,309,73,1,33,32,32,10,0,0.0,1.28125,10.0,0.0,10.0
3527,29,400.0,15,8,3,0.15,400,OPEN_LOOP,0.05,10,0.9,3,29,OPEN_LOOP,8,394,0,0,0,5,5,6,0,0.0,2.2,80.0,0.0,80.0
3565,29,400.0,15,8,3,0.15,400,CLOSED_LOOP,0.05,2,0.9,3,29,CLOSED_LOOP,7,397,2,1,0,1,1,0,0,0.0,1.0,70.0,0.0,70.0
3567,29,400.0,15,8,3,0.15,400,CLOSED_LOOP,0.05,10,0.9,3,29,CLOSED_LOOP,4,388,10,1,0,2,2,1,0,0.0,1.0,40.0,0.0,40.0
3566,29,400.0,15,8,3,0.15,400,CLOSED_LOOP,0.05,5,0.9,3,29,CLOSED_LOOP,11,326,60,12,2,13,13,2,0,0.0,3.5384615384615383,110.0,0.0,110.0
3559,29,400.0,15,8,3,0.15,400,COLD_RESTART,0.5,10,0.9,3,29,COLD_RESTART,1,315,68,1,28,27,27,10,0,0.0,1.3333333333333333,10.0,0.0,10.0
3568,29,400.0,15,8,3,0.15,400,CLOSED_LOOP,0.1,0,0.9,3,29,CLOSED_LOOP,5,399,0,1,0,2,2,1,0,0.0,6.5,50.0,0.0,50.0
3555,29,400.0,15,8,3,0.15,400,COLD_RESTART,0.25,10,0.9,3,29,COLD_RESTART,1,189,200,4,60,42,42,4,0,0.0,1.0238095238095237,10.0,0.0,10.0
3550,29,400.0,15,8,3,0.15,400,COLD_RESTART,0.1,5,0.9,3,29,COLD_RESTART,5,361,35,4,12,8,8,0,0,0.0,1.0,50.0,0.0,50.0
3554,29,400.0,15,8,3,0.15,400,COLD_RESTART,0.25,5,0.9,3,29,COLD_RESTART,6,221,164,13,78,40,40,2,1,0.0,1.15,60.0,0.0,60.0
3574,29,400.0,15,8,3,0.15,400,CLOSED_LOOP,0.25,5,0.9,3,29,CLOSED_LOOP,5,277,113,6,33,30,30,2,0,0.0,1.2,50.0,0.0,50.0
3560,29,400.0,15,8,3,0.15,400,CLOSED_LOOP,0.0,0,0.9,3,29,CLOSED_LOOP,9,400,0,0,0,0,0,0,0,0.0,0.0,90.0,0.0,90.0
3564,29,400.0,15,8,3,0.15,400,CLOSED_LOOP,0.05,0,0.9,3,29,CLOSED_LOOP,6,399,0,2,0,3,3,1,0,0.0,6.333333333333333,60.0,0.0,60.0
3575,29,400.0,15,8,3,0.15,400,CLOSED_LOOP,0.25,10,0.9,3,29,CLOSED_LOOP,1,189,200,4,60,42,42,4,0,0.0,1.0238095238095237,10.0,0.0,10.0
3576,29,400.0,15,8,3,0.15,400,CLOSED_LOOP,0.5,0,0.9,3,29,CLOSED_LOOP,7,399,0,24,11,19,15,1,0,0.21052631578947367,1.2666666666666666,70.0,0.0,70.0
3578,29,400.0,15,8,3,0.15,400,CLOSED_LOOP,0.5,5,0.9,3,29,CLOSED_LOOP,1,309,73,1,33,32,32,10,0,0.0,1.28125,10.0,0.0,10.0
3577,29,400.0,15,8,3,0.15,400,CLOSED_LOOP,0.5,2,0.9,3,29,CLOSED_LOOP,5,339,43,13,26,21,21,4,0,0.0,1.7619047619047619,50.0,0.0,50.0
3563,29,400.0,15,8,3,0.15,400,CLOSED_LOOP,0.0,10,0.9,3,29,CLOSED_LOOP,9,400,0,0,0,0,0,0,0,0.0,0.0,90.0,0.0,90.0
3580,29,400.0,15,8,3,0.15,400,GOVERNED,0.0,0,0.9,3,29,GOVERNED,9,400,0,0,0,0,0,0,0,0.0,0.0,90.0,0.0,90.0
3583,29,400.0,15,8,3,0.15,400,GOVERNED,0.0,10,0.9,3,29,GOVERNED,9,400,0,0,0,0,0,0,0,0.0,0.0,90.0,0.0,90.0
3584,29,400.0,15,8,3,0.15,400,GOVERNED,0.05,0,0.9,3,29,GOVERNED,6,399,0,2,0,3,3,1,0,0.0,6.333333333333333,60.0,0.0,60.0
3585,29,400.0,15,8,3,0.15,400,GOVERNED,0.05,2,0.9,3,29,GOVERNED,7,397,2,1,0,1,1,0,0,0.0,1.0,70.0,0.0,70.0
3579,29,400.0,15,8,3,0.15,400,CLOSED_LOOP,0.5,10,0.9,3,29,CLOSED_LOOP,1,315,68,1,28,27,27,10,0,0.0,1.3333333333333333,10.0,0.0,10.0
3586,29,400.0,15,8,3,0.15,400,GOVERNED,0.05,5,0.9,3,29,GOVERNED,11,326,60,12,2,13,13,2,0,0.0,3.5384615384615383,110.0,0.0,110.0
3588,29,400.0,15,8,3,0.15,400,GOVERNED,0.1,0,0.9,3,29,GOVERNED,5,399,0,1,0,2,2,1,0,0.0,6.5,50.0,0.0,50.0
3587,29,400.0,15,8,3,0.15,400,GOVERNED,0.05,10,0.9,3,29,GOVERNED,4,388,10,1,0,2,2,1,0,0.0,1.0,40.0,0.0,40.0
3570,29,400.0,15,8,3,0.15,400,CLOSED_LOOP,0.1,5,0.9,3,29,CLOSED_LOOP,5,361,35,4,12,8,8,0,0,0.0,1.0,50.0,0.0,50.0
3591,29,400.0,15,8,3,0.15,400,GOVERNED,0.1,10,0.9,3,29,GOVERNED,5,292,100,4,13,18,18,2,0,0.0,1.1666666666666667,50.0,0.0,50.0
3571,29,400.0,15,8,3,0.15,400,CLOSED_LOOP,0.1,10,0.9,3,29,CLOSED_LOOP,5,292,100,4,13,18,18,2,0,0.0,1.1666666666666667,50.0,0.0,50.0
3582,29,400.0,15,8,3,0.15,400,GOVERNED,0.0,5,0.9,3,29,GOVERNED,9,400,0,0,0,0,0,0,0,0.0,0.0,90.0,0.0,90.0
3573,29,400.0,15,8,3,0.15,400,CLOSED_LOOP,0.25,2,0.9,3,29,CLOSED_LOOP,8,344,36,13,10,21,20,5,0,0.04761904761904767,3.3,80.0,0.0,80.0
3572,29,400.0,15,8,3,0.15,400,CLOSED_LOOP,0.25,0,0.9,3,29,CLOSED_LOOP,5,397,0,4,0,8,8,3,0,0.0,2.625,50.0,0.0,50.0
3594,29,400.0,15,8,3,0.15,400,GOVERNED,0.25,5,0.9,3,29,GOVERNED,5,277,113,6,33,30,30,2,0,0.0,1.2,50.0,0.0,50.0
3593,29,400.0,15,8,3,0.15,400,GOVERNED,0.25,2,0.9,3,29,GOVERNED,8,344,36,13,10,21,20,5,0,0.04761904761904767,3.3,80.0,0.0,80.0
3589,29,400.0,15,8,3,0.15,400,GOVERNED,0.1,2,0.9,3,29,GOVERNED,5,394,4,2,0,2,2,0,0,0.0,1.0,50.0,0.0,50.0
3596,29,400.0,15,8,3,0.15,400,GOVERNED,0.5,0,0.9,3,29,GOVERNED,7,399,0,24,11,19,15,1,0,0.21052631578947367,1.2666666666666666,70.0,0.0,70.0
3599,29,400.0,15,8,3,0.15,400,GOVERNED,0.5,10,0.9,3,29,GOVERNED,1,315,68,1,28,27,27,10,0,0.0,1.3333333333333333,10.0,0.0,10.0
3581,29,400.0,15,8,3,0.15,400,GOVERNED,0.0,2,0.9,3,29,GOVERNED,9,400,0,0,0,0,0,0,0,0.0,0.0,90.0,0.0,90.0
3590,29,400.0,15,8,3,0.15,400,GOVERNED,0.1,5,0.9,3,29,GOVERNED,5,361,35,4,12,8,8,0,0,0.0,1.0,50.0,0.0,50.0
3597,29,400.0,15,8,3,0.15,400,GOVERNED,0.5,2,0.9,3,29,GOVERNED,5,339,43,13,26,21,21,4,0,0.0,1.7619047619047619,50.0,0.0,50.0
3569,29,400.0,15,8,3,0.15,400,CLOSED_LOOP,0.1,2,0.9,3,29,CLOSED_LOOP,5,394,4,2,0,2,2,0,0,0.0,1.0,50.0,0.0,50.0
3598,29,400.0,15,8,3,0.15,400,GOVERNED,0.5,5,0.9,3,29,GOVERNED,1,309,73,1,33,32,32,10,0,0.0,1.28125,10.0,0.0,10.0
3592,29,400.0,15,8,3,0.15,400,GOVERNED,0.25,0,0.9,3,29,GOVERNED,5,397,0,4,0,8,8,3,0,0.0,2.625,50.0,0.0,50.0
3595,29,400.0,15,8,3,0.15,400,GOVERNED,0.25,10,0.9,3,29,GOVERNED,1,189,200,4,60,42,42,4,0,0.0,1.0238095238095237,10.0,0.0,10.0
